row_id,kind,category,side_a,side_b,categories,work_types,existing_building,cluster,dup_rows,similar_existing,note
B1-0001,unforeseen_condition,ground_and_site,substructure.footings,site.ground-conditions,residential;commercial;industrial,new;extend,no,structure,,,
B1-0002,unforeseen_condition,ground_and_site,substructure.basement-retention,site.ground-conditions,residential;commercial,new;extend,no,structure,,,
B1-0003,unforeseen_condition,ground_and_site,site.earthworks,site.contamination,residential;commercial;industrial,new;extend,no,structure,,,
B1-0004,unforeseen_condition,concealed_services_and_earlier_work,site.services-connections,substructure.footings,residential;commercial;industrial,new;extend;refurb;remediation,no,structure,B1-0682,,"Unknown utility could be private or authority; mapped to site.services-connections, which is authority infrastructure. Kind chosen as unforeseen_condition."
B1-0005,unforeseen_condition,ground_and_site,substructure.slab-on-ground,site.ground-conditions,residential;commercial,new;extend,no,structure,,,
B1-0006,workmanship_defect,third_parties_and_occupation,substructure.basement-retention,site.adjoining-structures,residential;commercial;industrial,new;extend,no,structure,,fm.excavation-affects-adjoining-foundations,
B1-0007,unforeseen_condition,ground_and_site,substructure.slab-on-ground,site.earthworks,residential;commercial;industrial,new;extend,no,structure,,,
B1-0008,unforeseen_condition,ground_and_site,substructure.footings,site.trees,residential,new;extend;refurb;remediation,no,structure,,fm.tree-moisture-affects-footings,
B1-0009,unforeseen_condition,ground_and_site,substructure.piles,site.ground-conditions,commercial;industrial,new,no,structure,,,
B1-0010,process_authority_supply_weather,supply_and_site_operations,site.erosion-sediment-control,site.earthworks,residential;commercial;industrial,new;extend,no,structure,,,
B1-0011,design_or_coordination_error,third_parties_and_occupation,site.ground-conditions,site.adjoining-structures,commercial,new,no,structure,,fm.excavation-affects-adjoining-foundations,Neighbour settlement from dewatering could be read as an unforeseen condition; chose design_or_coordination_error because the method causes it.
B1-0012,unforeseen_condition,concealed_services_and_earlier_work,site.demolition,substructure.footings,residential;commercial;industrial,new;extend,no,structure,,,
B1-0013,unforeseen_condition,ground_and_site,substructure.footings,site.ground-conditions,residential;commercial;industrial,new;extend,no,structure,,fm.ground-model-informs-foundations,"Geotech mismatch read as an unforeseen condition (site state differs from report), not a design error."
B1-0014,unforeseen_condition,ground_and_site,substructure.slab-on-ground,site.ground-conditions,residential;industrial,new;extend,no,structure,,fm.controlled-fill-supports-footings,
B1-0015,unforeseen_condition,ground_and_site,site.earthworks,site.acid-sulfate-soils,residential;commercial;industrial,new,no,structure,,fm.earthworks-disturbs-acid-sulfate-soils,
B1-0016,unforeseen_condition,supply_and_site_operations,site.earthworks,site_operations,commercial;industrial,new,no,structure,,,
B1-0017,design_or_coordination_error,ground_and_site,substructure.basement-retention,site.adjoining-structures,commercial,new,no,structure,,,Shoring deflection read as a design prediction error.
B1-0018,design_or_coordination_error,third_parties_and_occupation,substructure.basement-retention,site.adjoining-structures,commercial,new,no,structure,,,
B1-0019,workmanship_defect,ground_and_site,substructure.basement-retention,site.ground-conditions,commercial,new,no,structure,,,
B1-0020,workmanship_defect,supply_and_site_operations,substructure.basement-retention,substructure.basement-retention,commercial,new,no,structure,,,
B1-0021,workmanship_defect,ground_and_site,site.earthworks,site.ground-conditions,residential;commercial;industrial,new;extend,no,structure,,,
B1-0022,unforeseen_condition,concealed_services_and_earlier_work,site.earthworks,site.services-connections,residential;commercial;industrial,new;extend;refurb;remediation,no,structure,,,
B1-0023,unforeseen_condition,existing_structure,design,substructure.underpinning,residential;commercial,extend;refurb,yes,structure,,,
B1-0024,design_or_coordination_error,existing_structure,structure.alterations,design,residential;commercial,extend,yes,structure,,,Differential settlement between old and new read as a design error.
B1-0025,design_or_coordination_error,existing_structure,substructure.underpinning,site.earthworks,residential;commercial,refurb,yes,structure,,,
B1-0026,process_authority_supply_weather,supply_and_site_operations,site_operations,site_operations,commercial;industrial,new,no,delivery,,,
B1-0027,workmanship_defect,supply_and_site_operations,substructure.piles,substructure.piles,commercial;industrial,new,no,structure,,,
B1-0028,workmanship_defect,supply_and_site_operations,substructure.piles,structure,commercial;industrial,new,no,structure,,,
B1-0029,design_or_coordination_error,ground_and_site,substructure.slab-on-ground,site.ground-conditions,commercial,new,no,structure,,fm.groundwater-loads-basement,
B1-0030,workmanship_defect,supply_and_site_operations,substructure.damp-waterproofing,structure.concrete,residential;commercial,new,no,structure,,,
B1-0031,workmanship_defect,supply_and_site_operations,substructure.footings,site.earthworks,residential;commercial;industrial,new,no,structure,,,
B1-0032,workmanship_defect,ground_and_site,substructure.footings,site.ground-conditions,residential,new;extend,no,structure,,,
B1-0033,workmanship_defect,supply_and_site_operations,structure.concrete,site.earthworks,residential,new;extend,no,structure,,,
B1-0034,unforeseen_condition,ground_and_site,substructure.termite-management,substructure.slab-on-ground,residential,new;extend,no,structure,,,
B1-0035,workmanship_defect,supply_and_site_operations,hydraulic.sanitary,substructure.slab-on-ground,residential,new,no,services-wet-air,,,
B1-0036,workmanship_defect,supply_and_site_operations,electrical.cabling-wiring,substructure.slab-on-ground,residential;commercial;industrial,new,no,electrical-comms,,,
B1-0037,workmanship_defect,supply_and_site_operations,substructure.damp-waterproofing,substructure.slab-on-ground,residential;commercial,new,no,structure,,,
B1-0038,design_or_coordination_error,design_and_scope,substructure.slab-on-ground,site.services-connections,industrial,new,no,structure,,,
B1-0039,unforeseen_condition,ground_and_site,substructure.slab-on-ground,site.contamination,residential;commercial;industrial,new,no,structure,,,
B1-0040,unforeseen_condition,ground_and_site,structure.concrete,site.contamination,residential;commercial;industrial,new,no,structure,,,
B1-0041,unforeseen_condition,ground_and_site,structure,site.ground-conditions,residential,new,no,structure,,,
B1-0042,workmanship_defect,ground_and_site,substructure.retaining-walls,site.earthworks,residential;commercial,new;extend;refurb;remediation,no,structure,,,
B1-0043,workmanship_defect,supply_and_site_operations,substructure.retaining-walls,substructure.damp-waterproofing,residential;commercial,new;extend;refurb;remediation,no,structure,B1-0810,fm.retaining-drainage-protects-wall,
B1-0044,unforeseen_condition,third_parties_and_occupation,substructure.basement-retention,site.adjoining-structures,commercial,new,no,structure,,fm.surcharge-loads-retaining-wall,
B1-0045,unforeseen_condition,hazardous_materials,site.earthworks,site.contamination,residential;commercial;industrial,new;extend;refurb;remediation,no,structure,,,
B1-0046,workmanship_defect,third_parties_and_occupation,site.earthworks,site.adjoining-structures,commercial,new,no,structure,B1-0827;B1-0864,,
B1-0047,process_authority_supply_weather,authorities_and_utilities,site.earthworks,authority,residential;commercial;industrial,new,no,structure,,,
B1-0048,unforeseen_condition,ground_and_site,substructure.footings,site.ground-conditions,commercial;industrial,new,no,structure,,,
B1-0049,unforeseen_condition,ground_and_site,substructure.footings,site.ground-conditions,commercial;industrial,new,no,structure,,,
B1-0050,unforeseen_condition,ground_and_site,substructure.slab-on-ground,site.ground-conditions,residential;industrial,new,no,structure,,,
B1-0051,workmanship_defect,supply_and_site_operations,substructure.slab-on-ground,site.earthworks,residential;industrial,new,no,structure,,,
B1-0052,design_or_coordination_error,design_and_scope,substructure.slab-on-ground,substructure.slab-on-ground,industrial,new;extend;refurb;remediation,no,structure,,,Racking is a tenant item with no system id; mapped to slab-on-ground.
B1-0053,design_or_coordination_error,design_and_scope,substructure.slab-on-ground,substructure.slab-on-ground,industrial,new;refurb,no,structure,,,
B1-0054,workmanship_defect,supply_and_site_operations,substructure.slab-on-ground,structure.concrete,commercial;industrial,new,no,structure,,,
B1-0055,workmanship_defect,supply_and_site_operations,substructure.slab-on-ground,substructure.slab-on-ground,industrial,new,no,structure,,,
B1-0056,design_or_coordination_error,design_and_scope,substructure.footings,structure.steel,industrial,new,no,structure,,,
B1-0057,unforeseen_condition,ground_and_site,substructure.slab-on-ground,site.ground-conditions,industrial,new,no,structure,,,
B1-0058,design_or_coordination_error,design_and_scope,substructure.footings,structure,industrial,new;extend;refurb;remediation,no,structure,,,
B1-0059,design_or_coordination_error,authorities_and_utilities,hydraulic.specialist-process,authority,industrial,new,no,services-wet-air,,,
B1-0060,process_authority_supply_weather,authorities_and_utilities,design,site.flooding,residential;commercial,new;extend,no,structure,,fm.flood-level-controls-building-levels,Floor levels sit with the design anchor; the authority change is the trigger.
B1-0061,design_or_coordination_error,ground_and_site,site.earthworks,site.survey-boundaries,residential;commercial;industrial,new,no,structure,,,
B1-0062,workmanship_defect,ground_and_site,site.earthworks,site.earthworks,residential;industrial,new,no,structure,,,
B1-0063,design_or_coordination_error,ground_and_site,site.landscape,site.stormwater-detention,residential;commercial;industrial,new,no,structure,,,
B1-0064,workmanship_defect,supply_and_site_operations,substructure.termite-management,hydraulic.sanitary,residential,new,no,structure,,fm.termite-barrier-service-penetrations,
B1-0065,unforeseen_condition,ground_and_site,substructure.footings,site.ground-conditions,residential,new;extend,no,structure,,,
B1-0066,workmanship_defect,supply_and_site_operations,substructure.footings,site.ground-conditions,residential,new;extend,no,structure,,,
B1-0067,unforeseen_condition,ground_and_site,substructure.piles,site.ground-conditions,residential,new;extend,no,structure,,,
B1-0068,workmanship_defect,supply_and_site_operations,structure.concrete,structure.concrete,residential;commercial;industrial,new,no,structure,,,
B1-0069,workmanship_defect,supply_and_site_operations,site_operations,structure.concrete,commercial,new,no,structure,,,
B1-0070,process_authority_supply_weather,supply_and_site_operations,procurement,structure.concrete,residential;commercial;industrial,new,no,structure,,,
B1-0071,workmanship_defect,ground_and_site,site.earthworks,site.contamination,residential;commercial;industrial,new,no,structure,,,
B1-0072,process_authority_supply_weather,third_parties_and_occupation,site.earthworks,site.adjoining-structures,commercial,new,no,structure,,,
B1-0073,workmanship_defect,supply_and_site_operations,site.survey-boundaries,site.survey-boundaries,residential;commercial;industrial,new,no,structure,,fm.survey-datum-controls-structural-setout,
B1-0074,unforeseen_condition,third_parties_and_occupation,site.survey-boundaries,site.survey-boundaries,residential,new;extend,no,structure,,,
B1-0075,design_or_coordination_error,authorities_and_utilities,design,site.survey-boundaries,residential;commercial,new;extend,no,structure,,,
B1-0076,unforeseen_condition,third_parties_and_occupation,design,site.adjoining-structures,residential;commercial,extend,yes,structure,,,
B1-0077,unforeseen_condition,existing_structure,structure,structure.alterations,commercial;industrial,refurb,yes,structure,,,
B1-0078,unforeseen_condition,existing_structure,substructure.underpinning,structure,residential,refurb,yes,structure,,,
B1-0079,unforeseen_condition,existing_structure,substructure.basement-retention,substructure.damp-waterproofing,residential;commercial,refurb,yes,structure,,,
B1-0080,unforeseen_condition,existing_structure,substructure.footings,envelope.flashings-seals,residential,refurb,yes,structure,,,
B1-0081,unforeseen_condition,ground_and_site,substructure.slab-on-ground,substructure.damp-waterproofing,residential;commercial,new,no,structure,,fm.soil-vapour-building-protection,
B1-0082,unforeseen_condition,ground_and_site,substructure.slab-on-ground,site.contamination,commercial;industrial,new,no,structure,,fm.soil-vapour-building-protection,
B1-0083,workmanship_defect,supply_and_site_operations,site.earthworks,site.erosion-sediment-control,residential;commercial;industrial,new,no,structure,,,
B1-0084,process_authority_supply_weather,supply_and_site_operations,site.stormwater-detention,weather,residential;commercial;industrial,new,no,structure,,,
B1-0085,process_authority_supply_weather,authorities_and_utilities,procurement,authority,commercial;industrial,new,no,delivery,,,
B1-0086,process_authority_supply_weather,supply_and_site_operations,site.earthworks,procurement,commercial;industrial,new,no,structure,,,
B1-0087,process_authority_supply_weather,supply_and_site_operations,site.earthworks,weather,residential;industrial,new,no,structure,,,
B1-0088,unforeseen_condition,ground_and_site,substructure.footings,site.ground-conditions,residential,new,no,structure,,,
B1-0089,unforeseen_condition,ground_and_site,site.ground-conditions,site.contamination,commercial;industrial,new,no,structure,,,
B1-0090,workmanship_defect,supply_and_site_operations,substructure.basement-retention,site.ground-conditions,commercial,new,no,structure,,,
B1-0091,unforeseen_condition,ground_and_site,substructure.slab-on-ground,site.ground-conditions,residential,new;extend,no,structure,,fm.tree-moisture-affects-footings,
B1-0092,process_authority_supply_weather,authorities_and_utilities,procurement,site.public-domain,residential;commercial;industrial,new,no,structure,,,
B1-0093,workmanship_defect,existing_structure,substructure.underpinning,interiors.walls-linings,residential,refurb,yes,structure,,,
B1-0094,workmanship_defect,ground_and_site,site.ground-conditions,substructure.footings,commercial,new,no,structure,,,
B1-0095,unforeseen_condition,ground_and_site,site.ground-conditions,site.ground-conditions,residential;industrial,new,no,structure,,,
B1-0096,process_authority_supply_weather,supply_and_site_operations,site.ground-conditions,programme,industrial,new,no,structure,,,
B1-0097,process_authority_supply_weather,third_parties_and_occupation,substructure.piles,neighbour,commercial,new,no,structure,,,
B1-0098,workmanship_defect,ground_and_site,substructure.footings,hydraulic.sanitary,residential,new;extend;refurb;remediation,no,structure,,fm.drainage-moisture-affects-footings,
B1-0099,unforeseen_condition,ground_and_site,structure.concrete,weather,residential;industrial,new,no,structure,,,
B1-0100,unforeseen_condition,ground_and_site,site.earthworks,site.ground-conditions,commercial;industrial,new,no,structure,,,
B1-0101,design_or_coordination_error,design_and_scope,structure,mechanical,commercial,new;refurb,no,structure,,fm.services-modify-structural-framing,Beam against main duct: side B kept at the top-level mechanical.
B1-0102,workmanship_defect,concealed_services_and_earlier_work,structure.concrete,electrical,residential;commercial,new;refurb,no,structure,,fm.services-openings-in-concrete,
B1-0103,design_or_coordination_error,design_and_scope,structure,hydraulic.sanitary,residential;commercial,new,no,structure,,,
B1-0104,design_or_coordination_error,design_and_scope,structure.concrete,hydraulic,residential;commercial;industrial,new,no,structure,,fm.services-openings-in-concrete,
B1-0105,design_or_coordination_error,design_and_scope,structure.concrete,structure.concrete,commercial;industrial,new,no,structure,,,
B1-0106,workmanship_defect,supply_and_site_operations,structure.temporary-works,structure,residential;commercial,new,no,structure,,,
B1-0107,workmanship_defect,supply_and_site_operations,structure.concrete,envelope.external-waterproofing,residential;commercial;industrial,new,no,structure,,,
B1-0108,workmanship_defect,supply_and_site_operations,structure,envelope,commercial;industrial,new,no,structure,,,
B1-0109,design_or_coordination_error,design_and_scope,vertical-transport.lift-shafts-pits,structure,residential;commercial,new,no,electrical-comms,,fm.lift-shaft-structural-dimensions,
B1-0110,workmanship_defect,supply_and_site_operations,vertical-transport.lift-shafts-pits,structure,residential;commercial,new,no,electrical-comms,,fm.lift-shaft-structural-dimensions,
B1-0111,workmanship_defect,supply_and_site_operations,structure.concrete,interiors.floor-finishes,residential;commercial;industrial,new,no,structure,,,
B1-0112,design_or_coordination_error,design_and_scope,structure,interiors.walls-linings,residential;commercial,new,no,structure,,,
B1-0113,design_or_coordination_error,design_and_scope,structure,mechanical,commercial;industrial,new;extend;refurb;remediation,no,structure,,fm.plant-loads-structure,
B1-0114,design_or_coordination_error,design_and_scope,structure,access-egress.stairs-and-ramps,residential;commercial;industrial,new,no,structure,,,
B1-0115,process_authority_supply_weather,supply_and_site_operations,procurement,structure,residential;commercial,new,no,structure,,,
B1-0116,process_authority_supply_weather,supply_and_site_operations,structure.concrete,weather,residential;commercial;industrial,new,no,structure,,,
B1-0117,process_authority_supply_weather,supply_and_site_operations,structure.concrete,weather,residential;commercial;industrial,new,no,structure,,,
B1-0118,workmanship_defect,supply_and_site_operations,structure.temporary-works,structure.concrete,residential;commercial,new,no,structure,,fm.temporary-works-load-new-concrete,
B1-0119,workmanship_defect,supply_and_site_operations,structure.temporary-works,structure.temporary-works,commercial,new,no,structure,,,
B1-0120,workmanship_defect,supply_and_site_operations,structure.concrete,structure.concrete,residential;commercial;industrial,new,no,structure,,,
B1-0121,process_authority_supply_weather,supply_and_site_operations,procurement,programme,commercial,new,no,delivery,,,
B1-0122,process_authority_supply_weather,supply_and_site_operations,structure.concrete,programme,residential;commercial,new,no,structure,,,
B1-0123,workmanship_defect,supply_and_site_operations,structure.concrete,structure.steel,commercial,new,no,structure,,,
B1-0124,workmanship_defect,supply_and_site_operations,structure,design,commercial,new,no,structure,,,
B1-0125,design_or_coordination_error,design_and_scope,structure,site.vehicle-access,commercial,new,no,structure,,,
B1-0126,design_or_coordination_error,design_and_scope,structure,access-egress.exits,commercial,new,no,structure,,,Late column change: workmanship_defect is a weak fit; could be design.
B1-0127,design_or_coordination_error,design_and_scope,structure,interiors.internal-doors,residential;commercial,refurb,yes,structure,,,Doors/services term is ambiguous; mapped to internal doors.
B1-0128,workmanship_defect,supply_and_site_operations,structure.precast,structure,commercial;industrial,new,no,structure,,,
B1-0129,design_or_coordination_error,supply_and_site_operations,structure.precast,site_operations,commercial;industrial,new,no,structure,,,
B1-0130,process_authority_supply_weather,supply_and_site_operations,structure.precast,site_operations,commercial;industrial,new,no,structure,,,
B1-0131,design_or_coordination_error,design_and_scope,structure.precast,programme,industrial,new,no,structure,,fm.precast-erection-temporary-stability,
B1-0132,workmanship_defect,supply_and_site_operations,structure.precast,structure.precast,industrial,new,no,structure,,,
B1-0133,design_or_coordination_error,design_and_scope,structure,procurement,commercial;industrial,new,no,structure,,,
B1-0134,workmanship_defect,supply_and_site_operations,structure,programme,commercial;industrial,new,no,structure,,,
B1-0135,workmanship_defect,supply_and_site_operations,structure,structure,commercial;industrial,new,no,structure,,,
B1-0136,workmanship_defect,supply_and_site_operations,structure,weather,commercial;industrial,new,no,structure,,,
B1-0137,workmanship_defect,supply_and_site_operations,fire-passive.structural-fire-protection,hydraulic,commercial,new,no,fire,,fm.structural-member-depends-on-fire-protection,
B1-0138,design_or_coordination_error,design_and_scope,structure,interiors.ceilings,residential;commercial,new,no,structure,,,
B1-0139,workmanship_defect,supply_and_site_operations,structure,envelope,industrial,new,no,structure,,,
B1-0140,design_or_coordination_error,design_and_scope,structure,mechanical,industrial,refurb,yes,structure,,fm.plant-loads-structure,
B1-0141,design_or_coordination_error,existing_structure,structure,structure.alterations,commercial;industrial,refurb,yes,structure,,,
B1-0142,design_or_coordination_error,design_and_scope,structure,interiors.painting,residential,new,no,structure,,,
B1-0143,process_authority_supply_weather,supply_and_site_operations,structure,weather,residential,new,no,structure,,,
B1-0144,workmanship_defect,supply_and_site_operations,structure,hydraulic,residential,new;refurb,no,structure,,fm.services-modify-structural-framing,
B1-0145,design_or_coordination_error,design_and_scope,structure,mechanical,residential,new,no,structure,,,
B1-0146,design_or_coordination_error,design_and_scope,structure.concrete,occupant,residential,new,no,structure,,,
B1-0147,workmanship_defect,supply_and_site_operations,structure,interiors.walls-linings,residential,new,no,structure,,,
B1-0148,design_or_coordination_error,design_and_scope,structure,structure,residential,new;extend,no,structure,,,
B1-0149,design_or_coordination_error,design_and_scope,structure.masonry,structure,residential,new,no,structure,,,
B1-0150,design_or_coordination_error,design_and_scope,structure.masonry,envelope,residential;commercial,new,no,structure,B1-0209,,
B1-0151,workmanship_defect,supply_and_site_operations,structure.masonry,structure,residential;commercial,new,no,structure,,,
B1-0152,workmanship_defect,supply_and_site_operations,structure.masonry,structure,commercial;industrial,new,no,structure,,,
B1-0153,process_authority_supply_weather,supply_and_site_operations,structure.masonry,design,residential;commercial,new;extend;refurb;remediation,no,structure,,,
B1-0154,unforeseen_condition,existing_structure,structure.alterations,design,residential,refurb,yes,structure,,,
B1-0155,workmanship_defect,concealed_services_and_earlier_work,structure.alterations,hydraulic,commercial,refurb,yes,structure,,,
B1-0156,workmanship_defect,existing_structure,structure.concrete,structure.alterations,commercial,refurb,yes,structure,,,
B1-0157,unforeseen_condition,existing_structure,structure.alterations,structure.concrete,residential;commercial,refurb,yes,structure,,,
B1-0158,unforeseen_condition,existing_structure,structure.alterations,structure,commercial;industrial,refurb,yes,structure,,,
B1-0159,unforeseen_condition,existing_structure,structure.alterations,design,residential;commercial;industrial,refurb,yes,structure,,,Existing structure not as drawn: side B mapped to design (the drawings).
B1-0160,unforeseen_condition,existing_structure,structure.alterations,envelope.roof-coverings,residential,refurb,yes,structure,,,
B1-0161,unforeseen_condition,existing_structure,structure,substructure.termite-management,residential,refurb,yes,structure,B1-0965,,
B1-0162,unforeseen_condition,existing_structure,structure.concrete,substructure.damp-waterproofing,residential,refurb,yes,structure,,,
B1-0163,design_or_coordination_error,existing_structure,design,substructure.underpinning,residential,extend,yes,structure,,,
B1-0164,design_or_coordination_error,existing_structure,structure.concrete,structure.alterations,residential,extend,yes,structure,,,
B1-0165,design_or_coordination_error,design_and_scope,envelope.roof-coverings,envelope.roof-coverings,residential,extend,yes,envelope,,,
B1-0166,unforeseen_condition,existing_structure,envelope.external-walls,structure,residential;commercial,refurb,yes,envelope,,,
B1-0167,process_authority_supply_weather,authorities_and_utilities,structure.alterations,authority,commercial,refurb,yes,structure,,,
B1-0168,unforeseen_condition,existing_structure,envelope.external-walls,structure,commercial,refurb,yes,envelope,,,
B1-0169,workmanship_defect,supply_and_site_operations,structure.concrete,interiors.floor-finishes,commercial,refurb,yes,structure,,,
B1-0170,workmanship_defect,supply_and_site_operations,structure,interiors.painting,commercial;industrial,new,no,structure,,,
B1-0171,design_or_coordination_error,design_and_scope,structure,envelope.flashings-seals,commercial,new,no,structure,,,
B1-0172,design_or_coordination_error,design_and_scope,structure.design-basis,envelope.external-walls,industrial,new,no,structure,,,
B1-0173,process_authority_supply_weather,supply_and_site_operations,envelope.roof-coverings,weather,industrial,new;extend;refurb;remediation,no,envelope,,,
B1-0174,workmanship_defect,supply_and_site_operations,envelope.roof-coverings,hydraulic.roof-drainage,residential;industrial,new;extend;refurb;remediation,no,envelope,,,
B1-0175,design_or_coordination_error,third_parties_and_occupation,structure,occupant,commercial,new,no,structure,,,
B1-0176,design_or_coordination_error,design_and_scope,structure.concrete,structure,commercial,new,no,structure,,,
B1-0177,workmanship_defect,supply_and_site_operations,substructure.basement-retention,structure,commercial,new,no,structure,,,
B1-0178,unforeseen_condition,existing_structure,structure,fire-passive,residential;commercial;industrial,refurb,yes,structure,,,
B1-0179,design_or_coordination_error,design_and_scope,structure,design,commercial,new;refurb,no,structure,,,
B1-0180,design_or_coordination_error,authorities_and_utilities,structure.steel,authority,industrial,new,no,structure,,,
B1-0181,design_or_coordination_error,existing_structure,structure.concrete,electrical.solar-pv,commercial;industrial,refurb,yes,structure,,fm.pv-array-loads-roof,
B1-0182,design_or_coordination_error,existing_structure,structure.concrete,structure,residential;commercial,refurb,yes,structure,,,
B1-0183,design_or_coordination_error,design_and_scope,structure.concrete,site.landscape,residential,new,no,structure,,fm.podium-soil-loads-structure,
B1-0184,design_or_coordination_error,design_and_scope,structure.concrete,envelope.windows-doors,residential,new,no,structure,,,
B1-0185,workmanship_defect,supply_and_site_operations,access-egress.barriers,structure.concrete,residential,new,no,fire,,,
B1-0186,design_or_coordination_error,design_and_scope,access-egress.barriers,structure,residential;commercial,new,no,fire,,,
B1-0187,design_or_coordination_error,design_and_scope,substructure.slab-on-ground,site.vehicle-access,residential;commercial,new,no,structure,,,
B1-0188,design_or_coordination_error,design_and_scope,structure.concrete,site.vehicle-access,residential;commercial,new,no,structure,,,
B1-0189,design_or_coordination_error,design_and_scope,structure,site.vehicle-access,residential;commercial,new,no,structure,,,
B1-0190,workmanship_defect,supply_and_site_operations,structure.concrete,site_operations,residential;commercial,new,no,structure,,fm.temporary-works-load-new-concrete,
B1-0191,workmanship_defect,supply_and_site_operations,structure.temporary-works,structure.concrete,residential;commercial,new,no,structure,,fm.temporary-works-load-new-concrete,
B1-0192,workmanship_defect,supply_and_site_operations,structure.temporary-works,site_operations,commercial,new,no,structure,,,
B1-0193,workmanship_defect,supply_and_site_operations,structure.temporary-works,site_operations,commercial,new,no,structure,,,
B1-0194,workmanship_defect,supply_and_site_operations,structure.precast,structure,residential;commercial,new,no,structure,,,
B1-0195,workmanship_defect,supply_and_site_operations,structure.concrete,structure,commercial;industrial,new,no,structure,,,
B1-0196,workmanship_defect,supply_and_site_operations,structure,structure.concrete,residential;commercial;industrial,new;extend;refurb;remediation,no,structure,,,
B1-0197,design_or_coordination_error,design_and_scope,structure.concrete,structure.concrete,residential;industrial,new,no,structure,,,
B1-0198,design_or_coordination_error,design_and_scope,structure,envelope,industrial,new,no,structure,,,
B1-0199,design_or_coordination_error,design_and_scope,structure,structure,residential,new,no,structure,,,
B1-0200,workmanship_defect,supply_and_site_operations,structure,envelope.windows-doors,residential,new;extend,no,structure,,,
B1-0201,process_authority_supply_weather,supply_and_site_operations,envelope.windows-doors,structure,residential;commercial;industrial,new;extend,no,envelope,,,
B1-0202,workmanship_defect,design_and_scope,structure.concrete,envelope.curtain-wall,commercial,new,no,structure,,,
B1-0203,workmanship_defect,supply_and_site_operations,envelope.windows-doors,envelope.external-waterproofing,residential;commercial;industrial,new;extend;refurb;remediation,no,envelope,,,
B1-0204,workmanship_defect,supply_and_site_operations,envelope.roof-coverings,mechanical,commercial;industrial,new;extend;refurb;remediation,no,envelope,,,
B1-0205,workmanship_defect,design_and_scope,envelope.thermal-insulation,mechanical,residential;commercial,new;refurb,no,envelope,,,
B1-0206,design_or_coordination_error,design_and_scope,structure,envelope.thermal-insulation,residential,new,no,structure,,fm.envelope-envelope-thermal-bridges,
B1-0207,process_authority_supply_weather,supply_and_site_operations,envelope,fire-passive.external-walls,residential;commercial,new,no,envelope,,,
B1-0208,process_authority_supply_weather,supply_and_site_operations,site_operations,envelope,residential;commercial;industrial,new;extend,no,envelope,,,
B1-0209,design_or_coordination_error,design_and_scope,envelope,structure,commercial,new,no,envelope,B1-0150,fm.envelope-facade-frame-movement,
B1-0210,workmanship_defect,supply_and_site_operations,structure.masonry,envelope.pliable-membranes,residential;commercial,new;extend;refurb;remediation,no,structure,,fm.envelope-recurring-efflorescence,
B1-0211,workmanship_defect,supply_and_site_operations,envelope.roof-coverings,hydraulic.roof-drainage,commercial;industrial,new;extend;refurb;remediation,no,envelope,,,
B1-0212,workmanship_defect,supply_and_site_operations,envelope.external-waterproofing,interiors.tiling,residential,new,no,envelope,,,
B1-0213,workmanship_defect,supply_and_site_operations,interiors.walls-linings,interiors.acoustic-separation,residential,new,no,envelope,,,
B1-0214,workmanship_defect,supply_and_site_operations,envelope,mechanical,residential;commercial,new,no,envelope,,,
B1-0215,workmanship_defect,supply_and_site_operations,envelope.roof-coverings,structure.design-basis,residential;industrial,new,no,envelope,,,
B1-0216,design_or_coordination_error,design_and_scope,envelope.roof-coverings,envelope.roof-coverings,industrial,new,no,envelope,,,
B1-0217,workmanship_defect,supply_and_site_operations,envelope.windows-doors,envelope.external-waterproofing,residential;commercial,new;extend;refurb;remediation,no,envelope,,fm.envelope-roof-service-penetrations,
B1-0218,design_or_coordination_error,design_and_scope,envelope.windows-doors,mechanical,commercial;industrial,new;extend;refurb;remediation,no,envelope,,,
B1-0219,workmanship_defect,supply_and_site_operations,hydraulic.roof-drainage,structure,residential,new,no,services-wet-air,,,
B1-0220,design_or_coordination_error,design_and_scope,hydraulic.roof-drainage,interiors.ceilings,residential;commercial,new;extend;refurb;remediation,no,services-wet-air,,,
B1-0221,workmanship_defect,supply_and_site_operations,envelope.roof-coverings,envelope,residential;commercial,new,no,envelope,,,
B1-0222,workmanship_defect,supply_and_site_operations,envelope.flashings-seals,envelope.external-waterproofing,commercial,new;extend;refurb;remediation,no,envelope,,,
B1-0223,design_or_coordination_error,design_and_scope,envelope.thermal-insulation,access-egress.maintenance-access,commercial;industrial,new;extend;refurb;remediation,no,envelope,,,
B1-0224,workmanship_defect,supply_and_site_operations,envelope.thermal-insulation,mechanical.ventilation,residential,new;refurb,no,envelope,,,
B1-0225,workmanship_defect,concealed_services_and_earlier_work,envelope.thermal-insulation,electrical,residential,refurb,yes,envelope,,fm.cable-insulation-thermal-derating,
B1-0226,workmanship_defect,supply_and_site_operations,envelope.thermal-insulation,hydraulic,residential,new,no,envelope,,fm.envelope-insulation-gaps,Services term is generic; mapped to mechanical.
B1-0227,workmanship_defect,supply_and_site_operations,envelope,structure,residential,new,no,envelope,,fm.envelope-wrap-flashing-continuity,
B1-0228,workmanship_defect,supply_and_site_operations,envelope,structure,residential,new,no,envelope,,,
B1-0229,workmanship_defect,supply_and_site_operations,envelope,envelope.pliable-membranes,residential;commercial,new,no,envelope,,fm.envelope-cladding-drainage-cavity,
B1-0230,process_authority_supply_weather,supply_and_site_operations,envelope,design,commercial,new,no,envelope,,,
B1-0231,design_or_coordination_error,design_and_scope,envelope.external-walls,weather,residential;commercial,new,no,envelope,,,
B1-0232,workmanship_defect,supply_and_site_operations,envelope.curtain-wall,envelope.thermal-insulation,commercial,new,no,envelope,,fm.envelope-envelope-thermal-bridges,
B1-0233,process_authority_supply_weather,supply_and_site_operations,envelope,programme,commercial,new,no,envelope,,,
B1-0234,workmanship_defect,supply_and_site_operations,envelope.curtain-wall,envelope.flashings-seals,commercial,new,no,envelope,,fm.envelope-facade-test-mismatch,
B1-0235,workmanship_defect,supply_and_site_operations,envelope.windows-doors,procurement,commercial,new,no,envelope,,,
B1-0236,process_authority_supply_weather,supply_and_site_operations,envelope.windows-doors,weather,commercial,new;extend;refurb;remediation,no,envelope,,,
B1-0237,design_or_coordination_error,design_and_scope,envelope.windows-doors,envelope.external-shading,commercial,new,no,envelope,,,
B1-0238,design_or_coordination_error,design_and_scope,envelope.windows-doors,envelope.windows-doors,commercial,new,no,envelope,,,
B1-0239,design_or_coordination_error,design_and_scope,envelope.windows-doors,envelope.thermal-performance,residential,new,no,envelope,,fm.envelope-envelope-thermal-bridges,
B1-0240,workmanship_defect,supply_and_site_operations,envelope.windows-doors,interiors.walls-linings,residential,new;extend;refurb;remediation,no,envelope,,,
B1-0241,workmanship_defect,supply_and_site_operations,envelope.windows-doors,envelope,residential,new,no,envelope,,,
B1-0242,design_or_coordination_error,design_and_scope,envelope.windows-doors,hydraulic.sanitary,residential,new,no,envelope,,,
B1-0243,design_or_coordination_error,design_and_scope,envelope.windows-doors,envelope.external-waterproofing,residential,new,no,envelope,,if.accessible-threshold-weatherproofing,
B1-0244,design_or_coordination_error,design_and_scope,access-egress.accessible-access,design,residential;commercial,new,no,fire,,if.accessible-threshold-weatherproofing,
B1-0245,design_or_coordination_error,design_and_scope,envelope.windows-doors,weather,residential,new;extend;refurb;remediation,no,envelope,,,
B1-0246,workmanship_defect,supply_and_site_operations,envelope.windows-doors,substructure.slab-on-ground,commercial,new,no,envelope,,,
B1-0247,design_or_coordination_error,design_and_scope,envelope.vehicle-doors,structure,industrial,new,no,envelope,,,
B1-0248,workmanship_defect,supply_and_site_operations,envelope.vehicle-doors,site.loading-docks,industrial,new,no,envelope,,,
B1-0249,design_or_coordination_error,design_and_scope,site.loading-docks,site.stormwater-detention,industrial,new,no,structure,,,
B1-0250,design_or_coordination_error,supply_and_site_operations,envelope,occupant,industrial,new;extend;refurb;remediation,no,envelope,,,
B1-0251,design_or_coordination_error,design_and_scope,envelope.roof-coverings,weather,industrial,new;extend;refurb;remediation,no,envelope,,,
B1-0252,design_or_coordination_error,design_and_scope,envelope.pliable-membranes,envelope,residential;industrial,new,no,envelope,,,
B1-0253,design_or_coordination_error,design_and_scope,envelope.pliable-membranes,occupant,residential,new;extend;refurb;remediation,no,envelope,,,
B1-0254,workmanship_defect,supply_and_site_operations,envelope.thermal-insulation,envelope.pliable-membranes,residential,refurb,yes,envelope,,,
B1-0255,design_or_coordination_error,design_and_scope,envelope.roof-coverings,envelope.pliable-membranes,residential,new;extend;refurb;remediation,no,envelope,,,
B1-0256,design_or_coordination_error,design_and_scope,envelope.external-waterproofing,envelope.external-waterproofing,residential;commercial,new,no,envelope,,fm.envelope-landscaped-roof-protection,
B1-0257,design_or_coordination_error,design_and_scope,envelope.external-waterproofing,envelope.external-waterproofing,residential;commercial,new,no,envelope,,fm.envelope-landscaped-roof-protection,
B1-0258,design_or_coordination_error,design_and_scope,envelope.external-waterproofing,hydraulic.roof-drainage,residential;commercial,new,no,envelope,,,
B1-0259,workmanship_defect,supply_and_site_operations,envelope.external-waterproofing,envelope.windows-doors,residential;commercial,new,no,envelope,,,
B1-0260,workmanship_defect,supply_and_site_operations,envelope.external-waterproofing,structure.concrete,residential;commercial,new,no,envelope,,,
B1-0261,workmanship_defect,supply_and_site_operations,envelope.external-waterproofing,programme,residential,new,no,envelope,,,
B1-0262,workmanship_defect,supply_and_site_operations,interiors.wet-area-waterproofing,hydraulic.sanitary,residential,new,no,envelope,,,
B1-0263,workmanship_defect,supply_and_site_operations,mechanical.local-exhaust,envelope.roof-coverings,residential,new,no,services-wet-air,,fm.exhaust-penetrates-envelope,
B1-0264,workmanship_defect,supply_and_site_operations,interiors.walls-linings,interiors.wet-area-waterproofing,residential,new;extend;refurb;remediation,no,envelope,,,
B1-0265,workmanship_defect,existing_structure,structure.alterations,envelope,residential,refurb,yes,structure,,,
B1-0266,workmanship_defect,existing_structure,structure.masonry,structure.masonry,residential;commercial,refurb,yes,structure,,,
B1-0267,design_or_coordination_error,existing_structure,structure.masonry,interiors.painting,residential,refurb,yes,structure,,,
B1-0268,unforeseen_condition,hazardous_materials,envelope.external-walls,site.demolition,residential;industrial,refurb,yes,envelope,,,
B1-0269,unforeseen_condition,hazardous_materials,interiors.painting,site.demolition,residential,refurb,yes,envelope,,,
B1-0270,design_or_coordination_error,existing_structure,envelope.windows-doors,envelope.windows-doors,residential,refurb,yes,envelope,,,
B1-0271,workmanship_defect,concealed_services_and_earlier_work,envelope.pliable-membranes,envelope.thermal-insulation,residential,refurb,yes,envelope,,,Retrofit dampness: category could be existing_structure.
B1-0272,workmanship_defect,concealed_services_and_earlier_work,envelope,envelope.external-walls,residential;commercial,refurb,yes,envelope,,,Overcladding hides defects: category could be existing_structure.
B1-0273,unforeseen_condition,existing_structure,structure.alterations,envelope,residential;commercial,refurb,yes,structure,,,
B1-0274,design_or_coordination_error,design_and_scope,envelope.roof-coverings,envelope.roof-coverings,residential,extend,yes,envelope,,,
B1-0275,design_or_coordination_error,design_and_scope,envelope,envelope.external-walls,residential,extend,yes,envelope,,fm.envelope-old-new-weather-barrier,
B1-0276,design_or_coordination_error,design_and_scope,envelope.windows-doors,envelope.external-walls,residential,extend,yes,envelope,,,
B1-0277,workmanship_defect,supply_and_site_operations,substructure.termite-management,envelope,residential,new;extend,no,structure,,,
B1-0278,workmanship_defect,supply_and_site_operations,structure.concrete,envelope,residential,new,no,structure,,,
B1-0279,design_or_coordination_error,supply_and_site_operations,envelope.flashings-seals,weather,residential,new,no,envelope,,,
B1-0280,design_or_coordination_error,design_and_scope,envelope.vehicle-doors,structure,residential,new,no,envelope,,,
B1-0281,design_or_coordination_error,supply_and_site_operations,envelope,site.vehicle-access,commercial,new;extend;refurb;remediation,no,envelope,,,
B1-0282,design_or_coordination_error,design_and_scope,envelope.windows-doors,mechanical.ventilation,commercial,new,no,envelope,,,
B1-0283,design_or_coordination_error,supply_and_site_operations,envelope.windows-doors,envelope,commercial;industrial,new,no,envelope,,,
B1-0284,design_or_coordination_error,authorities_and_utilities,envelope.windows-doors,structure.design-basis,commercial,new,no,envelope,,,
B1-0285,design_or_coordination_error,design_and_scope,envelope.external-shading,envelope,commercial,new,no,envelope,,,
B1-0286,design_or_coordination_error,design_and_scope,envelope,handover,commercial,new,no,envelope,,,
B1-0287,workmanship_defect,supply_and_site_operations,access-egress.maintenance-access,structure,residential;commercial,new,no,fire,,,
B1-0288,design_or_coordination_error,design_and_scope,envelope.flashings-seals,envelope,commercial,new,no,envelope,,,
B1-0289,design_or_coordination_error,design_and_scope,envelope.flashings-seals,envelope.external-walls,commercial,new,no,envelope,,,
B1-0290,workmanship_defect,supply_and_site_operations,envelope,structure,commercial,new,no,envelope,,,
B1-0291,process_authority_supply_weather,supply_and_site_operations,procurement,programme,residential;commercial,new,no,delivery,,,
B1-0292,process_authority_supply_weather,supply_and_site_operations,envelope,authority,commercial,new,no,envelope,,,
B1-0293,design_or_coordination_error,design_and_scope,envelope,structure,commercial,new,no,envelope,,fm.envelope-facade-frame-movement,
B1-0294,workmanship_defect,supply_and_site_operations,envelope.windows-doors,envelope.flashings-seals,residential,new;extend;refurb;remediation,no,envelope,,,
B1-0295,design_or_coordination_error,design_and_scope,hydraulic.roof-drainage,envelope.bushfire-construction,residential,new;extend;refurb;remediation,no,services-wet-air,,,
B1-0296,workmanship_defect,supply_and_site_operations,envelope.roof-coverings,envelope.pliable-membranes,residential,new,no,envelope,,fm.envelope-sarking-before-roof,
B1-0297,design_or_coordination_error,supply_and_site_operations,envelope.roof-coverings,access-egress.maintenance-access,residential,new;extend;refurb;remediation,no,envelope,,,
B1-0298,workmanship_defect,supply_and_site_operations,envelope.roof-coverings,envelope.building-sealing,residential,new;extend;refurb;remediation,no,envelope,,,
B1-0299,process_authority_supply_weather,supply_and_site_operations,envelope.windows-doors,weather,residential;commercial,refurb,yes,envelope,,,
B1-0300,design_or_coordination_error,authorities_and_utilities,envelope.windows-doors,envelope.thermal-performance,residential,refurb,yes,envelope,,,
B1-0301,workmanship_defect,supply_and_site_operations,fire-passive.penetrations,hydraulic,residential;commercial;industrial,new;extend;refurb;remediation,no,fire,,fm.plastic-pipe-without-fire-collar;if.services-penetrate-fire-rated-construction,
B1-0302,design_or_coordination_error,design_and_scope,fire-active.sprinklers,structure,commercial;industrial,new,no,fire,,,
B1-0303,design_or_coordination_error,design_and_scope,fire-active.sprinklers,mechanical,commercial;industrial,new;extend;refurb;remediation,no,fire,,fm.sprinklers-share-ceiling-services,
B1-0304,design_or_coordination_error,authorities_and_utilities,fire-active,hydraulic.cold-water,commercial;industrial,new,no,fire,,fm.fire-water-supply-assessed-late,
B1-0305,workmanship_defect,existing_systems_on_test,fire-active,mechanical.controls-bms,commercial,new,no,fire,,fm.integrated-fire-test-failed,Commissioning failure treated as workmanship defect; could be design.
B1-0306,workmanship_defect,supply_and_site_operations,fire-passive.openings,fire-passive.compartments,residential;commercial;industrial,new;extend;refurb;remediation,no,fire,,,
B1-0307,design_or_coordination_error,design_and_scope,structure,fire-passive.rated-elements,commercial,new,no,structure,,,
B1-0308,design_or_coordination_error,design_and_scope,structure,access-egress.exits,commercial,new,no,structure,,,
B1-0309,workmanship_defect,supply_and_site_operations,electrical.cabling-wiring,fire-active.detection,commercial;industrial,new,no,electrical-comms,,,
B1-0310,process_authority_supply_weather,supply_and_site_operations,envelope,fire-passive.external-walls,residential;commercial,new;refurb,no,envelope,,,Cladding fire test failure treated as supply/product (process); could be workmanship.
B1-0311,workmanship_defect,supply_and_site_operations,interiors.walls-linings,structure.concrete,residential;commercial,new;extend;refurb;remediation,no,envelope,,,
B1-0312,workmanship_defect,supply_and_site_operations,fire-passive.rated-elements,electrical.cabling-wiring,commercial,new;extend;refurb;remediation,no,fire,,if.services-penetrate-fire-rated-construction,
B1-0313,workmanship_defect,supply_and_site_operations,mechanical.air-distribution,fire-passive.compartments,commercial,new,no,services-wet-air,,if.services-penetrate-fire-rated-construction,
B1-0314,design_or_coordination_error,design_and_scope,fire-passive.openings,interiors.ceilings,commercial,new,no,fire,,fm.damper-access-maintained,
B1-0315,workmanship_defect,supply_and_site_operations,structure.steel,fire-passive.structural-fire-protection,commercial;industrial,new,no,structure,,fm.structural-member-depends-on-fire-protection,
B1-0316,workmanship_defect,supply_and_site_operations,envelope,structure.concrete,residential;commercial,new,no,envelope,,fm.fire-facade-slab-edge,
B1-0317,workmanship_defect,supply_and_site_operations,envelope.windows-doors,fire-passive.openings,commercial,new;extend;refurb;remediation,no,envelope,,,
B1-0318,design_or_coordination_error,design_and_scope,access-egress.egress-doors,access-egress.exits,commercial,new,no,fire,,,
B1-0319,design_or_coordination_error,design_and_scope,fire-active.emergency-lighting,interiors.ceilings,commercial,new,no,fire,,,
B1-0320,design_or_coordination_error,design_and_scope,fire-active.emergency-lighting,design,commercial,new,no,fire,,,
B1-0321,design_or_coordination_error,design_and_scope,design,access-egress.exits,commercial,refurb,yes,fire,,,
B1-0322,design_or_coordination_error,design_and_scope,design,access-egress.exits,commercial;industrial,new;refurb,no,fire,,,
B1-0323,design_or_coordination_error,existing_systems_on_test,fire-active.smoke-control,mechanical.fire-mode-air-systems,commercial,new,no,fire,,,
B1-0324,design_or_coordination_error,design_and_scope,fire-active.smoke-control,fire-passive.openings,commercial,new,no,fire,,,
B1-0325,workmanship_defect,existing_systems_on_test,vertical-transport.lift-fire-service,fire-active.smoke-control,commercial,new,no,electrical-comms,,,
B1-0326,design_or_coordination_error,design_and_scope,vertical-transport.lift-fire-service,electrical.switchboards,commercial,new,no,electrical-comms,,,
B1-0327,design_or_coordination_error,design_and_scope,fire-active.fire-water,hydraulic.sanitary,commercial,new,no,fire,,,
B1-0328,workmanship_defect,existing_systems_on_test,fire-active.fire-water,hydraulic,commercial,new,no,fire,,,
B1-0329,process_authority_supply_weather,supply_and_site_operations,fire-active.sprinklers,programme,commercial,new,no,fire,,,
B1-0330,workmanship_defect,supply_and_site_operations,fire-active.sprinklers,interiors.painting,commercial,new;extend;refurb;remediation,no,fire,,,
B1-0331,design_or_coordination_error,design_and_scope,fire-active.sprinklers,design,commercial,refurb,yes,fire,,,
B1-0332,design_or_coordination_error,third_parties_and_occupation,fire-active.sprinklers,interiors.walls-linings,commercial,refurb,yes,fire,,,
B1-0333,process_authority_supply_weather,authorities_and_utilities,fire-active.sprinklers,site.services-connections,commercial;industrial,new,no,fire,,,
B1-0334,design_or_coordination_error,design_and_scope,fire-active,design,industrial,refurb,yes,fire,,,
B1-0335,design_or_coordination_error,design_and_scope,design,fire-active,industrial,refurb,yes,fire,,,
B1-0336,design_or_coordination_error,design_and_scope,fire-active.hydrants,design,commercial;industrial,new,no,fire,,,
B1-0337,design_or_coordination_error,design_and_scope,fire-active.hydrants,site.landscape,commercial,new,no,fire,,fm.brigade-access-obstructed,
B1-0338,design_or_coordination_error,authorities_and_utilities,site.vehicle-access,fire-active,commercial;industrial,new,no,structure,,fm.brigade-access-obstructed,
B1-0339,design_or_coordination_error,design_and_scope,fire-active.detection,mechanical,commercial,refurb,yes,fire,,,
B1-0340,process_authority_supply_weather,supply_and_site_operations,fire-active.detection,site_operations,commercial,refurb,yes,fire,,,
B1-0341,design_or_coordination_error,design_and_scope,fire-active.detection,mechanical.controls-bms,commercial,refurb,yes,fire,,,
B1-0342,workmanship_defect,supply_and_site_operations,fire-active.smoke-alarms,electrical,residential,new,no,fire,,,
B1-0343,design_or_coordination_error,design_and_scope,fire-active.smoke-alarms,mechanical.ventilation,residential,new,no,fire,,,
B1-0344,process_authority_supply_weather,authorities_and_utilities,envelope,envelope.bushfire-construction,residential,new;extend,no,envelope,,fm.envelope-bushfire-site-basis,
B1-0345,design_or_coordination_error,design_and_scope,envelope.bushfire-construction,mechanical.ventilation,residential,new,no,envelope,,,
B1-0346,design_or_coordination_error,design_and_scope,structure.timber,envelope.bushfire-construction,residential,new;extend,no,structure,,,
B1-0347,workmanship_defect,supply_and_site_operations,hydraulic.gas,fire-passive,residential;industrial,new;extend;refurb;remediation,no,services-wet-air,,,
B1-0348,design_or_coordination_error,design_and_scope,design,design,industrial,new,no,delivery,,,
B1-0349,workmanship_defect,supply_and_site_operations,mechanical.local-exhaust,fire-passive,commercial,new;refurb,no,services-wet-air,,,
B1-0350,workmanship_defect,supply_and_site_operations,mechanical.local-exhaust,fire-active.sprinklers,commercial,new;refurb,no,services-wet-air,,,
B1-0351,design_or_coordination_error,design_and_scope,site.waste-storage,design,residential,new,no,structure,,,
B1-0352,design_or_coordination_error,supply_and_site_operations,site.waste-storage,fire-active.sprinklers,residential;commercial,new,no,structure,,,
B1-0353,workmanship_defect,existing_systems_on_test,mechanical.carpark-ventilation,fire-active.smoke-control,residential;commercial,new,no,services-wet-air,,,
B1-0354,process_authority_supply_weather,authorities_and_utilities,fire-passive,authority,commercial,new;refurb,no,fire,,,
B1-0355,unforeseen_condition,existing_structure,structure.alterations,authority,commercial,refurb,yes,structure,,,
B1-0356,process_authority_supply_weather,authorities_and_utilities,design,authority,residential;commercial,refurb,yes,delivery,,,
B1-0357,design_or_coordination_error,authorities_and_utilities,envelope.external-walls,access-egress.exits,commercial,refurb,yes,envelope,,,
B1-0358,unforeseen_condition,concealed_services_and_earlier_work,structure.alterations,fire-passive,residential;commercial,refurb,yes,structure,,,
B1-0359,unforeseen_condition,concealed_services_and_earlier_work,envelope.thermal-insulation,fire-passive.external-walls,commercial;industrial,refurb,yes,envelope,,,
B1-0360,unforeseen_condition,concealed_services_and_earlier_work,envelope.roof-coverings,fire-passive,residential,refurb,yes,envelope,,fm.party-wall-stops-in-roof,
B1-0361,workmanship_defect,supply_and_site_operations,envelope.roof-coverings,fire-passive.compartments,residential,new,no,envelope,,fm.party-wall-stops-in-roof,
B1-0362,workmanship_defect,supply_and_site_operations,fire-passive.rated-elements,electrical.cabling-wiring,residential,new,no,fire,,if.services-penetrate-fire-rated-construction,
B1-0363,workmanship_defect,supply_and_site_operations,electrical.lighting,fire-passive.rated-elements,residential,new,no,electrical-comms,,if.services-penetrate-fire-rated-construction,
B1-0364,workmanship_defect,supply_and_site_operations,mechanical.air-distribution,fire-passive.penetrations,residential,new,no,services-wet-air,,if.services-penetrate-fire-rated-construction,
B1-0365,unforeseen_condition,existing_systems_on_test,fire-active.hydrants,site.services-connections,commercial;industrial,new,no,fire,,fm.fire-water-supply-assessed-late,
B1-0366,process_authority_supply_weather,authorities_and_utilities,authority,authority,residential;commercial,new,no,delivery,,,
B1-0367,design_or_coordination_error,design_and_scope,occupant,access-egress.exits,commercial,refurb,yes,fire,,,
B1-0368,design_or_coordination_error,design_and_scope,structure,access-egress.exits,commercial;industrial,refurb,yes,structure,,,
B1-0369,design_or_coordination_error,design_and_scope,access-egress.accessible-access,design,commercial,new;refurb,no,fire,,,
B1-0370,design_or_coordination_error,design_and_scope,vertical-transport.passenger-lifts,access-egress.accessible-access,residential;commercial,new,no,electrical-comms,,,
B1-0371,design_or_coordination_error,design_and_scope,structure.concrete,site.survey-boundaries,residential;commercial,new,no,structure,,,
B1-0372,workmanship_defect,supply_and_site_operations,access-egress.stairs-and-ramps,access-egress.accessible-access,residential;commercial,new,no,fire,,,
B1-0373,design_or_coordination_error,design_and_scope,access-egress.accessible-access,access-egress.stairs-and-ramps,commercial,new,no,fire,,,
B1-0374,workmanship_defect,supply_and_site_operations,access-egress.egress-doors,access-egress.accessible-access,commercial,new,no,fire,,,
B1-0375,design_or_coordination_error,design_and_scope,site.vehicle-access,access-egress.accessible-access,commercial,new,no,structure,,,
B1-0376,design_or_coordination_error,design_and_scope,design,access-egress.accessible-access,residential,new,no,fire,,,
B1-0377,process_authority_supply_weather,authorities_and_utilities,envelope.thermal-performance,authority,residential;commercial,new,no,envelope,,,
B1-0378,process_authority_supply_weather,authorities_and_utilities,envelope.windows-doors,authority,residential;commercial,new,no,envelope,,,
B1-0379,process_authority_supply_weather,authorities_and_utilities,electrical.lighting,authority,commercial,new,no,electrical-comms,,,
B1-0380,process_authority_supply_weather,authorities_and_utilities,mechanical,authority,commercial,new;refurb,no,services-wet-air,,,
B1-0381,process_authority_supply_weather,authorities_and_utilities,hydraulic.sanitary,authority,residential,new,no,services-wet-air,,,
B1-0382,process_authority_supply_weather,authorities_and_utilities,site.stormwater-detention,authority,residential;commercial,new,no,structure,,,
B1-0383,process_authority_supply_weather,authorities_and_utilities,site.landscape,authority,residential;commercial,new,no,structure,,,
B1-0384,process_authority_supply_weather,authorities_and_utilities,envelope.windows-doors,authority,residential,new;extend,no,envelope,,,
B1-0385,process_authority_supply_weather,authorities_and_utilities,mechanical,authority,commercial,new,no,services-wet-air,,,
B1-0386,process_authority_supply_weather,authorities_and_utilities,design,authority,residential,new;extend,no,delivery,,,
B1-0387,process_authority_supply_weather,authorities_and_utilities,design,authority,residential;commercial;industrial,new,no,delivery,,,
B1-0388,process_authority_supply_weather,authorities_and_utilities,handover,authority,residential;commercial;industrial,new;extend;refurb;remediation,no,delivery,,,
B1-0389,process_authority_supply_weather,authorities_and_utilities,design,authority,residential;commercial;industrial,new;extend;refurb;remediation,no,delivery,,,
B1-0390,process_authority_supply_weather,authorities_and_utilities,procurement,authority,residential;commercial;industrial,new;extend;refurb;remediation,no,delivery,,,
B1-0391,process_authority_supply_weather,third_parties_and_occupation,mechanical,neighbour,commercial;industrial,new;extend;refurb;remediation,no,services-wet-air,B1-0519;B1-0600,fm.plant-noise-vibration,
B1-0392,process_authority_supply_weather,third_parties_and_occupation,electrical.lighting,authority,commercial;industrial,new;extend;refurb;remediation,no,electrical-comms,,,
B1-0393,process_authority_supply_weather,authorities_and_utilities,design,authority,residential,extend,yes,delivery,,,
B1-0394,design_or_coordination_error,authorities_and_utilities,structure,design,residential,extend,yes,structure,,,
B1-0395,design_or_coordination_error,authorities_and_utilities,envelope.windows-doors,fire-passive.external-walls,residential,new;extend,no,envelope,,,
B1-0396,design_or_coordination_error,authorities_and_utilities,design,design,residential,extend,yes,delivery,,,
B1-0397,design_or_coordination_error,design_and_scope,design,fire-active.smoke-control,residential,refurb,yes,fire,,,
B1-0398,design_or_coordination_error,authorities_and_utilities,substructure.basement-retention,access-egress.exits,residential,refurb,yes,structure,,,
B1-0399,design_or_coordination_error,design_and_scope,envelope.external-waterproofing,access-egress.exits,residential;commercial,refurb,yes,envelope,,,
B1-0400,process_authority_supply_weather,supply_and_site_operations,design,fire-active.emergency-lighting,industrial,new;extend;refurb;remediation,no,fire,,,
B1-0401,design_or_coordination_error,design_and_scope,hydraulic.cold-water,design,residential;commercial,new,no,services-wet-air,,,"Building height mapped to design (stack height), not the planning authority."
B1-0402,design_or_coordination_error,authorities_and_utilities,hydraulic.sanitary,site.services-connections,residential;commercial;industrial,new;extend,no,services-wet-air,,,
B1-0403,process_authority_supply_weather,authorities_and_utilities,site.stormwater-detention,substructure.basement-retention,residential;commercial,new,no,structure,,,
B1-0404,design_or_coordination_error,authorities_and_utilities,hydraulic.gas,hydraulic.hot-water,residential;commercial,new;refurb,no,services-wet-air,,,
B1-0405,design_or_coordination_error,design_and_scope,mechanical.refrigerant-condensate,hydraulic.sanitary,residential;commercial,new,no,services-wet-air,,fm.condensate-to-hydraulic-drainage,
B1-0406,workmanship_defect,existing_systems_on_test,hydraulic.hot-water,authority,residential;commercial,new,no,services-wet-air,,,
B1-0407,design_or_coordination_error,design_and_scope,hydraulic.cold-water,procurement,residential;commercial;industrial,new;extend;refurb;remediation,no,services-wet-air,,,
B1-0408,workmanship_defect,design_and_scope,interiors.tiling,hydraulic.sanitary,residential;commercial,new,no,envelope,,fm.waste-setout-before-membrane,
B1-0409,process_authority_supply_weather,authorities_and_utilities,hydraulic.cold-water,programme,residential;commercial;industrial,new,no,services-wet-air,,,
B1-0410,design_or_coordination_error,design_and_scope,hydraulic.cold-water,electrical.utility-supply,residential;commercial,new,no,services-wet-air,,,
B1-0411,design_or_coordination_error,design_and_scope,hydraulic,hydraulic,commercial;industrial,new;extend;refurb;remediation,no,services-wet-air,,,
B1-0412,design_or_coordination_error,design_and_scope,hydraulic,interiors.acoustic-separation,residential,new,no,services-wet-air,,,
B1-0413,design_or_coordination_error,design_and_scope,hydraulic.hot-water,structure,commercial,new,no,services-wet-air,,,
B1-0414,workmanship_defect,supply_and_site_operations,hydraulic,structure.concrete,residential;commercial,new,no,services-wet-air,,fm.services-openings-in-concrete,
B1-0415,design_or_coordination_error,design_and_scope,hydraulic,structure,commercial,new,no,services-wet-air,,fm.services-share-ceiling-space,
B1-0416,workmanship_defect,supply_and_site_operations,hydraulic.sanitary,envelope.external-waterproofing,residential;commercial,new,no,services-wet-air,,,
B1-0417,workmanship_defect,supply_and_site_operations,hydraulic.sanitary,envelope.roof-coverings,residential,new;extend,no,services-wet-air,,,
B1-0418,workmanship_defect,supply_and_site_operations,hydraulic.sanitary,hydraulic.sanitary,residential,new;extend;refurb;remediation,no,services-wet-air,,,
B1-0419,design_or_coordination_error,design_and_scope,hydraulic.sanitary,hydraulic.sanitary,residential;commercial,new,no,services-wet-air,,,
B1-0420,workmanship_defect,supply_and_site_operations,hydraulic.sanitary,site_operations,residential;commercial;industrial,new,no,services-wet-air,,,
B1-0421,workmanship_defect,supply_and_site_operations,substructure.damp-waterproofing,structure.concrete,residential;industrial,new;refurb,no,structure,,,
B1-0422,design_or_coordination_error,design_and_scope,hydraulic.sanitary,design,commercial,new,no,services-wet-air,,,
B1-0423,design_or_coordination_error,design_and_scope,hydraulic.trade-waste,occupant,commercial,new;refurb,no,services-wet-air,,,
B1-0424,process_authority_supply_weather,authorities_and_utilities,hydraulic.trade-waste,authority,industrial,new,no,services-wet-air,,,
B1-0425,workmanship_defect,supply_and_site_operations,site.stormwater-detention,site.vehicle-access,commercial;industrial,new,no,structure,,,
B1-0426,design_or_coordination_error,design_and_scope,hydraulic.roof-drainage,site.stormwater-detention,residential;commercial;industrial,new,no,services-wet-air,,fm.building-drainage-to-site,
B1-0427,design_or_coordination_error,design_and_scope,hydraulic.roof-drainage,hydraulic,commercial;industrial,new,no,services-wet-air,,,
B1-0428,design_or_coordination_error,design_and_scope,envelope.roof-coverings,hydraulic.roof-drainage,commercial,new,no,envelope,,,
B1-0429,design_or_coordination_error,ground_and_site,site.stormwater-detention,site.ground-conditions,commercial,new,no,structure,,,
B1-0430,process_authority_supply_weather,authorities_and_utilities,hydraulic.non-potable-water,site_operations,residential,new;extend,no,services-wet-air,,,
B1-0431,design_or_coordination_error,design_and_scope,hydraulic.non-potable-water,occupant,residential,new,no,services-wet-air,,,
B1-0432,workmanship_defect,supply_and_site_operations,hydraulic,authority,commercial;industrial,new;extend;refurb;remediation,no,services-wet-air,,,
B1-0433,design_or_coordination_error,design_and_scope,hydraulic.backflow-prevention,hydraulic.sanitary,commercial,new,no,services-wet-air,,,Flood-prone pit: side B mapped to sanitary drainage; could be site stormwater.
B1-0434,design_or_coordination_error,design_and_scope,hydraulic.cold-water,design,industrial,new,no,services-wet-air,,,
B1-0435,design_or_coordination_error,design_and_scope,mechanical.cooling-towers,hydraulic.cold-water,commercial,new;extend;refurb;remediation,no,services-wet-air,,fm.cooling-tower-stagnant-dead-leg,
B1-0436,design_or_coordination_error,design_and_scope,hydraulic.hot-water,design,residential;commercial,refurb,yes,services-wet-air,,,
B1-0437,workmanship_defect,supply_and_site_operations,hydraulic.hot-water,hydraulic.hot-water,residential;commercial,new,no,services-wet-air,,,
B1-0438,design_or_coordination_error,design_and_scope,hydraulic.hot-water,design,residential,new,no,services-wet-air,,,
B1-0439,design_or_coordination_error,design_and_scope,hydraulic.hot-water,electrical,residential,new;refurb,no,services-wet-air,,fm.hot-water-energy-source,
B1-0440,design_or_coordination_error,design_and_scope,hydraulic.hot-water,envelope.roof-coverings,residential,new,no,services-wet-air,,,
B1-0441,design_or_coordination_error,design_and_scope,hydraulic.gas,envelope.windows-doors,residential,new;extend,no,services-wet-air,,,
B1-0442,process_authority_supply_weather,authorities_and_utilities,hydraulic.gas,site_operations,residential,new,no,services-wet-air,,,
B1-0443,workmanship_defect,supply_and_site_operations,hydraulic.gas,fire-passive,residential;commercial,new,no,services-wet-air,,,
B1-0444,workmanship_defect,existing_systems_on_test,hydraulic.gas,commissioning,residential;commercial;industrial,new;extend;refurb;remediation,no,services-wet-air,,,
B1-0445,process_authority_supply_weather,authorities_and_utilities,hydraulic.gas,electrical,residential,new,no,services-wet-air,,,
B1-0446,workmanship_defect,existing_systems_on_test,hydraulic.specialist-process,commissioning,commercial,new,no,services-wet-air,,fm.medical-gas-used-before-verification,
B1-0447,workmanship_defect,existing_systems_on_test,mechanical.process-specialist,mechanical,industrial,new;extend;refurb;remediation,no,services-wet-air,,,
B1-0448,design_or_coordination_error,authorities_and_utilities,mechanical.process-specialist,site.services-connections,industrial,new,no,services-wet-air,,,
B1-0449,design_or_coordination_error,authorities_and_utilities,hydraulic.specialist-process,site.services-connections,industrial,new,no,services-wet-air,,,
B1-0450,design_or_coordination_error,design_and_scope,hydraulic.specialist-process,site.stormwater-detention,industrial,new,no,services-wet-air,,,
B1-0451,design_or_coordination_error,design_and_scope,hydraulic.trade-waste,site.vehicle-access,commercial;industrial,new,no,services-wet-air,,,
B1-0452,design_or_coordination_error,design_and_scope,hydraulic.sanitary,structure.concrete,industrial,new,no,services-wet-air,,,
B1-0453,workmanship_defect,supply_and_site_operations,site.stormwater-detention,site.stormwater-detention,residential;commercial;industrial,new,no,structure,,,
B1-0454,unforeseen_condition,concealed_services_and_earlier_work,hydraulic.sanitary,neighbour,residential,extend,yes,services-wet-air,,,Neighbour term here concerns an easement drain; kind unforeseen_condition could be process.
B1-0455,unforeseen_condition,authorities_and_utilities,site.services-connections,design,residential;commercial,new;extend,yes,structure,,,
B1-0456,unforeseen_condition,concealed_services_and_earlier_work,hydraulic,hydraulic.sanitary,residential,refurb,yes,services-wet-air,,,
B1-0457,unforeseen_condition,hazardous_materials,hydraulic,authority,residential,refurb,yes,services-wet-air,,,
B1-0458,unforeseen_condition,concealed_services_and_earlier_work,hydraulic.sanitary,structure,residential;commercial,refurb,yes,services-wet-air,,,
B1-0459,unforeseen_condition,concealed_services_and_earlier_work,hydraulic,interiors.walls-linings,residential,refurb,yes,services-wet-air,,,
B1-0460,design_or_coordination_error,existing_structure,hydraulic.sanitary,structure.alterations,residential,refurb,yes,services-wet-air,,,
B1-0461,unforeseen_condition,concealed_services_and_earlier_work,hydraulic.sanitary,hydraulic.sanitary,residential;commercial,refurb,yes,services-wet-air,,,
B1-0462,design_or_coordination_error,existing_structure,hydraulic,structure.alterations,residential;commercial,refurb,yes,services-wet-air,,,
B1-0463,process_authority_supply_weather,third_parties_and_occupation,hydraulic.cold-water,occupant,residential;commercial,refurb,yes,services-wet-air,,fm.occupied-stage-services-isolated,"Existing supply is water here, not electrical; side A overridden to cold water."
B1-0464,design_or_coordination_error,existing_systems_on_test,hydraulic.cold-water,hydraulic.hot-water,residential,extend,yes,services-wet-air,,,
B1-0465,design_or_coordination_error,existing_systems_on_test,site.services-connections,design,residential,extend,yes,structure,,,
B1-0466,design_or_coordination_error,design_and_scope,site.services-connections,site_operations,residential,extend,yes,structure,,,
B1-0467,process_authority_supply_weather,authorities_and_utilities,hydraulic.non-potable-water,authority,residential,new,no,services-wet-air,,,
B1-0468,design_or_coordination_error,design_and_scope,hydraulic.sanitary,hydraulic.cold-water,residential,new,no,services-wet-air,,,
B1-0469,design_or_coordination_error,design_and_scope,hydraulic.cold-water,hydraulic.sanitary,residential,new;extend;refurb;remediation,no,services-wet-air,,,
B1-0470,process_authority_supply_weather,supply_and_site_operations,hydraulic.sanitary,hydraulic.sanitary,residential;commercial,new,no,services-wet-air,,,
B1-0471,design_or_coordination_error,design_and_scope,hydraulic.sanitary,structure,residential;commercial,new,no,services-wet-air,,,
B1-0472,design_or_coordination_error,design_and_scope,hydraulic,interiors.walls-linings,residential;commercial,new,no,services-wet-air,,,
B1-0473,design_or_coordination_error,design_and_scope,hydraulic,hydraulic,residential;commercial,new,no,services-wet-air,,,
B1-0474,workmanship_defect,supply_and_site_operations,hydraulic,fire-passive,residential;commercial,new,no,services-wet-air,,fm.fire-stopping-before-concealment,
B1-0475,workmanship_defect,supply_and_site_operations,hydraulic.hot-water,authority,commercial,new,no,services-wet-air,,,
B1-0476,workmanship_defect,supply_and_site_operations,hydraulic.cold-water,interiors.ceilings,commercial,new,no,services-wet-air,,,
B1-0477,design_or_coordination_error,supply_and_site_operations,hydraulic,weather,residential;industrial,new;extend;refurb;remediation,no,services-wet-air,,,
B1-0478,workmanship_defect,supply_and_site_operations,hydraulic,interiors.painting,residential;commercial,new,no,services-wet-air,,,
B1-0479,design_or_coordination_error,design_and_scope,fire-active,hydraulic,commercial,new,no,fire,,fm.sprinklers-share-ceiling-services,
B1-0480,design_or_coordination_error,design_and_scope,hydraulic,mechanical,commercial,new,no,services-wet-air,,fm.services-plant-maintenance-access,
B1-0481,design_or_coordination_error,design_and_scope,hydraulic,structure,residential;commercial,new,no,services-wet-air,,fm.plant-noise-vibration,
B1-0482,process_authority_supply_weather,authorities_and_utilities,hydraulic,authority,commercial;industrial,new,no,services-wet-air,,,
B1-0483,design_or_coordination_error,design_and_scope,hydraulic.cold-water,handover,commercial;industrial,new,no,services-wet-air,,fm.services-plant-maintenance-access,
B1-0484,design_or_coordination_error,design_and_scope,hydraulic.non-potable-water,structure,commercial,new,no,services-wet-air,,fm.plant-loads-structure,
B1-0485,design_or_coordination_error,design_and_scope,hydraulic.specialist-process,mechanical.ventilation,commercial,new,no,services-wet-air,,,
B1-0486,design_or_coordination_error,design_and_scope,hydraulic.specialist-process,design,residential;commercial,new,no,services-wet-air,,,
B1-0487,process_authority_supply_weather,third_parties_and_occupation,hydraulic.specialist-process,neighbour,residential,new;extend;refurb;remediation,no,services-wet-air,,fm.plant-noise-vibration,
B1-0488,workmanship_defect,authorities_and_utilities,access-egress.pool-barriers,authority,residential,new;extend;refurb;remediation,no,fire,,,
B1-0489,design_or_coordination_error,supply_and_site_operations,hydraulic.cold-water,site.landscape,residential,new,no,services-wet-air,,,
B1-0490,workmanship_defect,supply_and_site_operations,hydraulic.sanitary,substructure.slab-on-ground,residential,new,no,services-wet-air,,,
B1-0491,design_or_coordination_error,design_and_scope,site.services-connections,substructure.basement-retention,residential;commercial,new;extend;refurb;remediation,no,structure,,,
B1-0492,design_or_coordination_error,design_and_scope,hydraulic.sanitary,electrical,residential;commercial,new;extend;refurb;remediation,no,services-wet-air,,fm.sewage-pump-failure-alarm-inoperative,
B1-0493,process_authority_supply_weather,authorities_and_utilities,mechanical.process-specialist,site.services-connections,commercial;industrial,new,no,services-wet-air,,,
B1-0494,design_or_coordination_error,design_and_scope,fire-active.fire-water,design,industrial,new,no,fire,,,
B1-0495,design_or_coordination_error,authorities_and_utilities,fire-active.fire-water,site.services-connections,industrial,new,no,fire,,,
B1-0496,design_or_coordination_error,ground_and_site,site.services-connections,site.ground-conditions,residential,new;extend,no,structure,,,
B1-0497,workmanship_defect,supply_and_site_operations,hydraulic.roof-drainage,site.services-connections,residential,new;extend;refurb;remediation,no,services-wet-air,,,
B1-0498,workmanship_defect,supply_and_site_operations,hydraulic,fire-passive.compartments,residential,new,no,services-wet-air,,if.services-penetrate-fire-rated-construction,
B1-0499,workmanship_defect,supply_and_site_operations,hydraulic,structure,commercial,new,no,services-wet-air,,,
B1-0500,workmanship_defect,supply_and_site_operations,hydraulic,interiors.ffe,residential,new;extend;refurb;remediation,no,services-wet-air,,,
B1-0501,design_or_coordination_error,design_and_scope,mechanical.central-plant,site_operations,commercial;industrial,new,no,services-wet-air,,,
B1-0502,design_or_coordination_error,design_and_scope,mechanical,interiors.acoustic-separation,residential;commercial,new,no,services-wet-air,,fm.plant-noise-vibration,
B1-0503,design_or_coordination_error,design_and_scope,mechanical.controls-bms,mechanical,commercial,new;refurb,no,services-wet-air,,,
B1-0504,design_or_coordination_error,design_and_scope,electrical.standby-power,mechanical.ventilation,commercial;industrial,new,no,electrical-comms,,fm.exhaust-intake-separation,
B1-0505,design_or_coordination_error,design_and_scope,mechanical,design,commercial,new,no,services-wet-air,,,Services term is generic; mapped to mechanical.
B1-0506,design_or_coordination_error,design_and_scope,hydraulic,interiors.ceilings,commercial,new,no,services-wet-air,,fm.services-plant-maintenance-access,Services term is generic; mapped to mechanical.
B1-0507,design_or_coordination_error,design_and_scope,electrical.cabling-wiring,mechanical.ventilation,commercial;industrial,new;extend;refurb;remediation,no,electrical-comms,,fm.cable-insulation-thermal-derating,
B1-0508,design_or_coordination_error,design_and_scope,mechanical.air-distribution,interiors.ceilings,commercial,new;refurb,no,services-wet-air,,,
B1-0509,design_or_coordination_error,design_and_scope,mechanical.air-distribution,interiors.acoustic-separation,commercial,new,no,services-wet-air,,,
B1-0510,workmanship_defect,existing_systems_on_test,mechanical.air-distribution,commissioning,commercial,new,no,services-wet-air,,,
B1-0511,workmanship_defect,supply_and_site_operations,mechanical.air-distribution,envelope.pliable-membranes,commercial,new,no,services-wet-air,,,
B1-0512,workmanship_defect,supply_and_site_operations,mechanical.air-distribution,fire-passive.penetrations,commercial,new,no,services-wet-air,,if.services-penetrate-fire-rated-construction,
B1-0513,design_or_coordination_error,design_and_scope,mechanical.air-distribution,fire-active,commercial,new,no,services-wet-air,,fm.sprinklers-share-ceiling-services,
B1-0514,design_or_coordination_error,design_and_scope,mechanical.ventilation,mechanical.carpark-ventilation,residential;commercial,new,no,services-wet-air,,fm.exhaust-intake-separation,
B1-0515,design_or_coordination_error,design_and_scope,mechanical.ventilation,occupant,commercial,refurb,yes,services-wet-air,,fm.air-conditioning-assumed-outdoor-air,
B1-0516,design_or_coordination_error,design_and_scope,mechanical.local-exhaust,mechanical.ventilation,commercial,new;refurb,no,services-wet-air,,fm.kitchen-exhaust-makeup-air,
B1-0517,design_or_coordination_error,design_and_scope,mechanical.local-exhaust,hydraulic.gas,residential,new,no,services-wet-air,,,
B1-0518,design_or_coordination_error,design_and_scope,mechanical.local-exhaust,interiors.wet-area-waterproofing,residential,new,no,services-wet-air,,,
B1-0519,process_authority_supply_weather,authorities_and_utilities,mechanical.air-conditioning,neighbour,residential,new;extend,no,services-wet-air,B1-0391;B1-0600,fm.plant-noise-vibration,
B1-0520,design_or_coordination_error,design_and_scope,mechanical,design,residential,refurb,yes,services-wet-air,,,
B1-0521,workmanship_defect,supply_and_site_operations,mechanical.refrigerant-condensate,envelope.thermal-performance,residential,new,no,services-wet-air,,,
B1-0522,design_or_coordination_error,design_and_scope,mechanical.refrigerant-condensate,authority,commercial,new,no,services-wet-air,,,
B1-0523,design_or_coordination_error,design_and_scope,mechanical,weather,residential;commercial,new,no,services-wet-air,,,
B1-0524,process_authority_supply_weather,supply_and_site_operations,mechanical.central-plant,programme,commercial,new,no,services-wet-air,,,
B1-0525,process_authority_supply_weather,third_parties_and_occupation,mechanical.cooling-towers,neighbour,commercial,new,no,services-wet-air,,,
B1-0526,design_or_coordination_error,design_and_scope,mechanical,handover,commercial;industrial,new,no,services-wet-air,,fm.services-plant-maintenance-access,
B1-0527,design_or_coordination_error,design_and_scope,mechanical,envelope.external-shading,commercial,new,no,services-wet-air,,,
B1-0528,design_or_coordination_error,design_and_scope,mechanical,hydraulic.roof-drainage,commercial,new,no,services-wet-air,,,
B1-0529,design_or_coordination_error,design_and_scope,mechanical,interiors.acoustic-separation,residential,new,no,services-wet-air,,fm.envelope-plant-room-noise,
B1-0530,design_or_coordination_error,design_and_scope,mechanical,mechanical.ventilation,commercial,new,no,services-wet-air,,,
B1-0531,design_or_coordination_error,design_and_scope,mechanical.air-distribution,structure,commercial,new,no,services-wet-air,,,
B1-0532,workmanship_defect,supply_and_site_operations,mechanical,structure.concrete,commercial,new,no,services-wet-air,,fm.services-openings-in-concrete,
B1-0533,design_or_coordination_error,existing_systems_on_test,mechanical,mechanical,commercial,refurb,yes,services-wet-air,,,
B1-0534,design_or_coordination_error,existing_systems_on_test,mechanical,occupant,commercial,refurb,yes,services-wet-air,,,
B1-0535,design_or_coordination_error,existing_systems_on_test,comms-security.ict-rooms-pathways,mechanical,commercial,refurb,yes,electrical-comms,,fm.ict-room-power-cooling,
B1-0536,design_or_coordination_error,existing_systems_on_test,comms-security.ict-rooms-pathways,mechanical.air-conditioning,commercial,refurb,yes,electrical-comms,,fm.ict-room-power-cooling,
B1-0537,design_or_coordination_error,design_and_scope,mechanical,design,industrial,new,no,services-wet-air,,,
B1-0538,design_or_coordination_error,design_and_scope,mechanical.ventilation,design,industrial,new,no,services-wet-air,,,
B1-0539,process_authority_supply_weather,third_parties_and_occupation,mechanical.local-exhaust,neighbour,industrial,new,no,services-wet-air,,fm.plant-noise-vibration,
B1-0540,process_authority_supply_weather,authorities_and_utilities,mechanical.local-exhaust,authority,industrial,new,no,services-wet-air,,,
B1-0541,design_or_coordination_error,design_and_scope,mechanical.local-exhaust,mechanical.air-distribution,industrial,new,no,services-wet-air,,,
B1-0542,workmanship_defect,existing_systems_on_test,mechanical.process-specialist,commissioning,industrial,new,no,services-wet-air,,,
B1-0543,workmanship_defect,existing_systems_on_test,mechanical,electrical,commercial,new,no,services-wet-air,,,
B1-0544,workmanship_defect,design_and_scope,mechanical.controls-bms,occupant,commercial,new,no,services-wet-air,,,
B1-0545,design_or_coordination_error,design_and_scope,mechanical.controls-bms,design,residential,new,no,services-wet-air,,,
B1-0546,design_or_coordination_error,design_and_scope,mechanical,interiors.ceilings,commercial,new,no,services-wet-air,,fm.services-plant-maintenance-access,
B1-0547,design_or_coordination_error,design_and_scope,mechanical,mechanical.air-distribution,commercial,new,no,services-wet-air,,,
B1-0548,workmanship_defect,design_and_scope,mechanical,electrical.metering,commercial,new,no,services-wet-air,,,
B1-0549,workmanship_defect,existing_systems_on_test,mechanical,mechanical.controls-bms,commercial,new,no,services-wet-air,,,
B1-0550,design_or_coordination_error,design_and_scope,mechanical,mechanical,commercial,new,no,services-wet-air,,,
B1-0551,design_or_coordination_error,design_and_scope,envelope,mechanical,residential,new,no,envelope,,,
B1-0552,design_or_coordination_error,design_and_scope,design,mechanical.ventilation,residential,extend,yes,services-wet-air,,,
B1-0553,unforeseen_condition,existing_systems_on_test,mechanical,design,residential,extend,yes,services-wet-air,,,
B1-0554,unforeseen_condition,hazardous_materials,mechanical.air-distribution,site.demolition,commercial,refurb,yes,services-wet-air,,,
B1-0555,process_authority_supply_weather,authorities_and_utilities,mechanical.central-plant,authority,commercial,refurb,yes,services-wet-air,,,
B1-0556,unforeseen_condition,existing_systems_on_test,mechanical,mechanical,commercial,refurb,yes,services-wet-air,,,
B1-0557,design_or_coordination_error,design_and_scope,mechanical,design,commercial,refurb,yes,services-wet-air,,,
B1-0558,design_or_coordination_error,design_and_scope,vertical-transport.passenger-lifts,vertical-transport,residential;commercial,new,no,electrical-comms,,fm.lift-shaft-structural-dimensions,
B1-0559,design_or_coordination_error,design_and_scope,vertical-transport.lift-shafts-pits,structure,residential;commercial,new,no,electrical-comms,,fm.lift-shaft-structural-dimensions,
B1-0560,process_authority_supply_weather,supply_and_site_operations,vertical-transport,structure,residential;commercial,new,no,electrical-comms,,,
B1-0561,process_authority_supply_weather,supply_and_site_operations,vertical-transport,site_operations,residential;commercial,new,no,electrical-comms,,,
B1-0562,workmanship_defect,existing_systems_on_test,vertical-transport.lift-fire-service,fire-active.detection,commercial,new,no,electrical-comms,,fm.fire-alarm-controls-lift,
B1-0563,design_or_coordination_error,design_and_scope,vertical-transport.passenger-lifts,design,residential;commercial,new,no,electrical-comms,,fm.accessible-lift-landing-path,
B1-0564,workmanship_defect,supply_and_site_operations,vertical-transport.lift-shafts-pits,fire-passive.openings,commercial,new,no,electrical-comms,,fm.lift-shaft-fire-separation,
B1-0565,workmanship_defect,design_and_scope,vertical-transport.lift-shafts-pits,mechanical.ventilation,commercial,new,no,electrical-comms,,fm.lift-shaft-ventilation,
B1-0566,workmanship_defect,supply_and_site_operations,vertical-transport.lift-shafts-pits,substructure.damp-waterproofing,commercial,new,no,electrical-comms,,,
B1-0567,design_or_coordination_error,design_and_scope,vertical-transport.escalators-walks,structure,commercial,new,no,electrical-comms,,,
B1-0568,design_or_coordination_error,design_and_scope,vertical-transport.escalators-walks,structure,commercial,new,no,electrical-comms,,,
B1-0569,design_or_coordination_error,design_and_scope,vertical-transport.escalators-walks,design,commercial,new,no,electrical-comms,,,
B1-0570,design_or_coordination_error,supply_and_site_operations,site_operations,structure,industrial,new,no,structure,,,
B1-0571,design_or_coordination_error,design_and_scope,site.loading-docks,structure.concrete,industrial,new,no,structure,,,
B1-0572,process_authority_supply_weather,supply_and_site_operations,structure.steel,programme,industrial,new,no,structure,,,
B1-0573,workmanship_defect,supply_and_site_operations,interiors.floor-finishes,interiors.acoustic-separation,residential,new,no,envelope,,fm.envelope-floor-finish-impact-sound,
B1-0574,workmanship_defect,supply_and_site_operations,interiors.ceilings,interiors.acoustic-separation,residential,new,no,envelope,,fm.envelope-services-acoustic-penetrations,
B1-0575,workmanship_defect,supply_and_site_operations,interiors.internal-doors,interiors.acoustic-separation,residential;commercial,new,no,envelope,,,
B1-0576,design_or_coordination_error,design_and_scope,interiors.painting,interiors.acoustic-separation,commercial,new,no,envelope,,fm.envelope-room-acoustic-finishes,
B1-0577,design_or_coordination_error,design_and_scope,interiors.walls-linings,interiors.ceilings,commercial,new;refurb,no,envelope,,,
B1-0578,workmanship_defect,supply_and_site_operations,interiors.walls-linings,interiors.acoustic-separation,commercial,new;refurb,no,envelope,,fm.envelope-ceiling-floor-acoustic-flanking,
B1-0579,design_or_coordination_error,design_and_scope,mechanical,interiors.acoustic-separation,commercial,new,no,services-wet-air,,,
B1-0580,design_or_coordination_error,design_and_scope,interiors.floor-finishes,interiors.acoustic-separation,residential,new;refurb,no,envelope,,,
B1-0581,workmanship_defect,supply_and_site_operations,hydraulic,interiors.acoustic-separation,residential,new,no,services-wet-air,,fm.envelope-services-acoustic-penetrations,
B1-0582,design_or_coordination_error,design_and_scope,vertical-transport,interiors.acoustic-separation,residential,new,no,electrical-comms,,,
B1-0583,design_or_coordination_error,design_and_scope,envelope,envelope.facade-acoustics,residential,new,no,envelope,,,
B1-0584,design_or_coordination_error,design_and_scope,envelope.facade-acoustics,mechanical,residential,new,no,envelope,,,"Acoustic glazing: sides taken from the term, glazing acoustics mapped to facade-acoustics."
B1-0585,process_authority_supply_weather,third_parties_and_occupation,envelope.facade-acoustics,neighbour,residential,new,no,envelope,,,
B1-0586,design_or_coordination_error,design_and_scope,comms-security.audiovisual,fire-active.occupant-warning,commercial,new,no,electrical-comms,,fm.fire-warning-acoustic-environment,
B1-0587,workmanship_defect,existing_systems_on_test,comms-security.audiovisual,fire-active.occupant-warning,commercial,new,no,electrical-comms,,fm.fire-warning-acoustic-environment,
B1-0588,design_or_coordination_error,design_and_scope,structure,design,commercial,new,no,structure,,,
B1-0589,design_or_coordination_error,design_and_scope,structure,design,commercial,new,no,structure,,,
B1-0590,design_or_coordination_error,design_and_scope,structure.concrete,design,industrial,new,no,structure,,,
B1-0591,workmanship_defect,existing_systems_on_test,mechanical,design,commercial,new,no,services-wet-air,,,
B1-0592,workmanship_defect,existing_systems_on_test,mechanical,design,commercial,new;refurb,no,services-wet-air,,,
B1-0593,process_authority_supply_weather,authorities_and_utilities,mechanical.local-exhaust,authority,commercial,new,no,services-wet-air,,,
B1-0594,design_or_coordination_error,design_and_scope,mechanical,envelope,commercial,new,no,services-wet-air,,,
B1-0595,design_or_coordination_error,design_and_scope,envelope.roof-coverings,envelope.thermal-insulation,residential,new;extend;refurb;remediation,no,envelope,,,
B1-0596,design_or_coordination_error,design_and_scope,envelope.windows-doors,mechanical,residential,new,no,envelope,,,
B1-0597,design_or_coordination_error,design_and_scope,mechanical.ventilation,fire-active.sprinklers,commercial,new,no,services-wet-air,,fm.sprinklers-share-ceiling-services,
B1-0598,design_or_coordination_error,design_and_scope,mechanical,structure.concrete,commercial,new,no,services-wet-air,,,
B1-0599,workmanship_defect,supply_and_site_operations,mechanical,envelope.roof-coverings,commercial;industrial,new;extend;refurb;remediation,no,services-wet-air,,fm.envelope-roof-service-penetrations,
B1-0600,process_authority_supply_weather,third_parties_and_occupation,mechanical,neighbour,residential,new;extend,no,services-wet-air,B1-0391;B1-0519,fm.plant-noise-vibration,
B1-0601,design_or_coordination_error,design_and_scope,electrical.switchboards,design,residential;commercial,new,no,electrical-comms,,fm.switchboard-room-access-and-replacement,
B1-0602,process_authority_supply_weather,authorities_and_utilities,electrical.utility-supply,utility,commercial;industrial,new,no,electrical-comms,,fm.utility-supply-serves-distribution,
B1-0603,design_or_coordination_error,design_and_scope,electrical.earthing-lightning,structure,commercial;industrial,new,no,electrical-comms,,fm.lightning-electrical-earth-bonding,
B1-0604,design_or_coordination_error,design_and_scope,electrical.solar-pv,structure,residential;commercial,new;extend;refurb;remediation,no,electrical-comms,,fm.pv-array-loads-roof,
B1-0605,design_or_coordination_error,design_and_scope,comms-security.ict-rooms-pathways,hydraulic,residential;commercial,new,no,electrical-comms,,,
B1-0606,process_authority_supply_weather,authorities_and_utilities,electrical.utility-supply,site_operations,commercial;industrial,new,no,electrical-comms,,fm.utility-supply-serves-distribution,
B1-0607,process_authority_supply_weather,third_parties_and_occupation,electrical.utility-supply,neighbour,commercial,new,no,electrical-comms,,,
B1-0608,design_or_coordination_error,design_and_scope,electrical.utility-supply,mechanical,commercial;industrial,new,no,electrical-comms,,fm.switchrooms-depend-on-ventilation,
B1-0609,process_authority_supply_weather,supply_and_site_operations,electrical.utility-supply,programme,commercial;industrial,new,no,electrical-comms,,,
B1-0610,process_authority_supply_weather,authorities_and_utilities,electrical.utility-supply,utility,commercial;industrial,new;refurb,no,electrical-comms,,fm.utility-supply-serves-distribution,
B1-0611,design_or_coordination_error,design_and_scope,electrical.standby-power,fire-passive,commercial,new,no,electrical-comms,,,
B1-0612,workmanship_defect,existing_systems_on_test,electrical.standby-power,commissioning,commercial,new,no,electrical-comms,,,
B1-0613,process_authority_supply_weather,third_parties_and_occupation,electrical.standby-power,neighbour,commercial,new,no,electrical-comms,,,
B1-0614,workmanship_defect,existing_systems_on_test,electrical.standby-power,electrical.switchboards,commercial,new,no,electrical-comms,,,
B1-0615,design_or_coordination_error,design_and_scope,electrical.standby-power,mechanical.ventilation,commercial,new,no,electrical-comms,,fm.battery-ventilation-environment,
B1-0616,design_or_coordination_error,design_and_scope,electrical.battery-storage,fire-passive,residential;commercial,new;refurb,no,electrical-comms,,fm.battery-location-protects-egress,
B1-0617,process_authority_supply_weather,authorities_and_utilities,electrical.ev-charging,electrical.utility-supply,residential;commercial,new;refurb,no,electrical-comms,,fm.ev-charging-demand-management,
B1-0618,design_or_coordination_error,design_and_scope,electrical.ev-charging,site.vehicle-access,residential;commercial,refurb,yes,electrical-comms,,,
B1-0619,process_authority_supply_weather,supply_and_site_operations,electrical.switchboards,procurement,commercial,new,no,electrical-comms,,,
B1-0620,process_authority_supply_weather,supply_and_site_operations,electrical.switchboards,site_operations,commercial,new,no,electrical-comms,,,
B1-0621,design_or_coordination_error,design_and_scope,electrical.cabling-wiring,hydraulic,commercial,new,no,electrical-comms,,,
B1-0622,workmanship_defect,supply_and_site_operations,electrical.cabling-wiring,electrical.cabling-wiring,commercial;industrial,new,no,electrical-comms,,,
B1-0623,design_or_coordination_error,design_and_scope,electrical.cabling-wiring,electrical.cabling-wiring,commercial;industrial,new,no,electrical-comms,,,
B1-0624,workmanship_defect,supply_and_site_operations,electrical.cabling-wiring,electrical.earthing-lightning,commercial,new,no,electrical-comms,,,
B1-0625,workmanship_defect,supply_and_site_operations,electrical.cabling-wiring,structure.concrete,residential,new,no,electrical-comms,,,
B1-0626,design_or_coordination_error,design_and_scope,electrical.cabling-wiring,structure.concrete,commercial,new,no,electrical-comms,,,
B1-0627,workmanship_defect,supply_and_site_operations,electrical.switchboards,interiors.wet-area-waterproofing,residential,new,no,electrical-comms,,,
B1-0628,design_or_coordination_error,existing_systems_on_test,electrical.switchboards,mechanical,commercial;industrial,new,no,electrical-comms,,,
B1-0629,workmanship_defect,existing_systems_on_test,electrical,electrical.switchboards,commercial,new,no,electrical-comms,,,
B1-0630,design_or_coordination_error,design_and_scope,electrical.cabling-wiring,interiors.wet-area-waterproofing,residential,new;extend;refurb;remediation,no,electrical-comms,,,
B1-0631,design_or_coordination_error,design_and_scope,electrical.switchboards,design,commercial,new,no,electrical-comms,,,
B1-0632,design_or_coordination_error,design_and_scope,electrical,mechanical.controls-bms,commercial;industrial,new,no,electrical-comms,,,
B1-0633,design_or_coordination_error,design_and_scope,electrical.lighting,mechanical.controls-bms,residential;commercial,new,no,electrical-comms,,,Controls mapped to BMS; a lighting control is more exact.
B1-0634,process_authority_supply_weather,supply_and_site_operations,electrical.lighting,design,residential;commercial,new,no,electrical-comms,,,
B1-0635,design_or_coordination_error,design_and_scope,electrical.lighting,interiors.ceilings,residential;commercial,new,no,electrical-comms,,,
B1-0636,design_or_coordination_error,design_and_scope,electrical.lighting,envelope.thermal-insulation,residential,new;refurb,no,electrical-comms,,fm.downlights-insulation-interface;fm.envelope-insulation-downlights,
B1-0637,workmanship_defect,existing_systems_on_test,fire-active.emergency-lighting,commissioning,commercial,new,no,fire,,,
B1-0638,workmanship_defect,existing_systems_on_test,electrical.lighting,mechanical.controls-bms,commercial,new,no,electrical-comms,,,
B1-0639,workmanship_defect,existing_systems_on_test,electrical.lighting,mechanical.controls-bms,commercial,new,no,electrical-comms,,,
B1-0640,design_or_coordination_error,design_and_scope,electrical.lighting,design,commercial;industrial,new,no,electrical-comms,,,
B1-0641,design_or_coordination_error,design_and_scope,electrical.lighting,handover,industrial,new,no,electrical-comms,,,
B1-0642,process_authority_supply_weather,third_parties_and_occupation,electrical.lighting,neighbour,commercial,new,no,electrical-comms,,,
B1-0643,design_or_coordination_error,design_and_scope,electrical.lighting,envelope,commercial,new,no,electrical-comms,,,
B1-0644,design_or_coordination_error,design_and_scope,mechanical.controls-bms,electrical.cabling-wiring,residential,new;refurb,no,services-wet-air,,,
B1-0645,design_or_coordination_error,design_and_scope,comms-security.ict-rooms-pathways,design,commercial,new,no,electrical-comms,,,
B1-0646,workmanship_defect,supply_and_site_operations,comms-security.ict-rooms-pathways,fire-passive,commercial,new,no,electrical-comms,,fm.fire-stopping-before-concealment,
B1-0647,design_or_coordination_error,design_and_scope,comms-security.ict-rooms-pathways,structure,commercial;industrial,new,no,electrical-comms,,,
B1-0648,design_or_coordination_error,design_and_scope,comms-security.ict-rooms-pathways,envelope.windows-doors,commercial,new,no,electrical-comms,,,
B1-0649,process_authority_supply_weather,authorities_and_utilities,comms-security.ict-rooms-pathways,fire-active.fire-control,commercial,new,no,electrical-comms,,,
B1-0650,process_authority_supply_weather,authorities_and_utilities,comms-security.carrier-lead-in,site_operations,residential,new;extend,no,electrical-comms,,fm.carrier-entry-civil-route,
B1-0651,workmanship_defect,supply_and_site_operations,comms-security.carrier-lead-in,site_operations,residential;commercial,new,no,electrical-comms,,fm.carrier-entry-civil-route,
B1-0652,process_authority_supply_weather,authorities_and_utilities,comms-security.carrier-lead-in,site.public-domain,residential,new,no,electrical-comms,,,
B1-0653,design_or_coordination_error,design_and_scope,comms-security,electrical.cabling-wiring,commercial,new,no,electrical-comms,,,
B1-0654,design_or_coordination_error,design_and_scope,comms-security.access-control,envelope.windows-doors,commercial,new,no,electrical-comms,,,
B1-0655,design_or_coordination_error,design_and_scope,comms-security.access-control,interiors.internal-doors,commercial,new,no,electrical-comms,,fm.security-hardware-allows-egress,
B1-0656,design_or_coordination_error,design_and_scope,comms-security.cctv,structure,commercial,new,no,electrical-comms,,,
B1-0657,design_or_coordination_error,design_and_scope,comms-security.access-control,design,residential,new,no,electrical-comms,,,
B1-0658,design_or_coordination_error,design_and_scope,comms-security.access-control,fire-active.fire-control,commercial,new,no,electrical-comms,,fm.fire-alarm-controls-security-release;fm.fire-alarm-releases-security,
B1-0659,design_or_coordination_error,design_and_scope,access-egress.egress-doors,electrical.standby-power,commercial,new,no,fire,,fm.security-hardware-allows-egress,
B1-0660,workmanship_defect,supply_and_site_operations,comms-security.access-control,electrical,commercial,new,no,electrical-comms,,,
B1-0661,design_or_coordination_error,design_and_scope,comms-security.access-control,fire-active.fire-control,residential;commercial,new,no,electrical-comms,,fm.brigade-access-obstructed,
B1-0662,workmanship_defect,supply_and_site_operations,site.vehicle-access,site.vehicle-access,commercial,new,no,structure,,,
B1-0663,workmanship_defect,existing_systems_on_test,electrical.lighting,mechanical.controls-bms,commercial,new,no,electrical-comms,,,
B1-0664,process_authority_supply_weather,existing_systems_on_test,mechanical.controls-bms,commissioning,commercial,new,no,services-wet-air,,,
B1-0665,workmanship_defect,design_and_scope,mechanical.controls-bms,design,commercial,new,no,services-wet-air,,,
B1-0666,process_authority_supply_weather,authorities_and_utilities,mechanical.controls-bms,authority,commercial,new,no,services-wet-air,,,
B1-0667,workmanship_defect,existing_systems_on_test,electrical.metering,electrical.metering,commercial,new,no,electrical-comms,,fm.metering-data-path-commissioning,
B1-0668,design_or_coordination_error,design_and_scope,electrical.solar-pv,mechanical.ventilation,residential;commercial,new,no,electrical-comms,,,
B1-0669,process_authority_supply_weather,third_parties_and_occupation,electrical.solar-pv,neighbour,residential,new,no,electrical-comms,,,
B1-0670,workmanship_defect,supply_and_site_operations,electrical.solar-pv,envelope.roof-coverings,residential,new;refurb,no,electrical-comms,,fm.pv-supports-penetrate-roof,
B1-0671,workmanship_defect,supply_and_site_operations,electrical.solar-pv,structure,residential;commercial,refurb,yes,electrical-comms,,,
B1-0672,design_or_coordination_error,design_and_scope,electrical.solar-pv,fire-active.fire-control,residential;commercial,new,no,electrical-comms,,,
B1-0673,process_authority_supply_weather,authorities_and_utilities,electrical.solar-pv,utility,commercial,new,no,electrical-comms,,,
B1-0674,process_authority_supply_weather,authorities_and_utilities,electrical,utility,industrial,new,no,electrical-comms,,,
B1-0675,design_or_coordination_error,design_and_scope,electrical.switchboards,electrical.utility-supply,commercial,new,no,electrical-comms,,,
B1-0676,unforeseen_condition,existing_systems_on_test,electrical,authority,residential,refurb,yes,electrical-comms,,,
B1-0677,unforeseen_condition,concealed_services_and_earlier_work,electrical.cabling-wiring,authority,residential,refurb,yes,electrical-comms,,,
B1-0678,unforeseen_condition,hazardous_materials,electrical.switchboards,site.demolition,residential;industrial,refurb,yes,electrical-comms,,,
B1-0679,unforeseen_condition,existing_systems_on_test,electrical.utility-supply,electrical.switchboards,residential,extend,yes,electrical-comms,,,
B1-0680,design_or_coordination_error,design_and_scope,electrical.metering,design,residential,extend,yes,electrical-comms,,,
B1-0681,unforeseen_condition,authorities_and_utilities,electrical.utility-supply,design,residential,extend,yes,electrical-comms,,,
B1-0682,unforeseen_condition,concealed_services_and_earlier_work,electrical.cabling-wiring,site.earthworks,residential;commercial;industrial,new;extend;refurb;remediation,no,electrical-comms,B1-0004,,
B1-0683,process_authority_supply_weather,third_parties_and_occupation,electrical,occupant,commercial,refurb,yes,electrical-comms,,fm.occupied-stage-services-isolated;fm.electrical-shutdown-preserves-life-safety,
B1-0684,process_authority_supply_weather,existing_systems_on_test,electrical.switchboards,occupant,commercial,refurb,yes,electrical-comms,,,"Rising main is the electrical rising main, not water; mapped to switchboards."
B1-0685,unforeseen_condition,existing_systems_on_test,electrical,electrical.cabling-wiring,commercial,refurb,yes,electrical-comms,,,
B1-0686,process_authority_supply_weather,third_parties_and_occupation,fire-active.detection,occupant,commercial,refurb,yes,fire,,fm.fire-impairment-without-temporary-protection,
B1-0687,unforeseen_condition,existing_systems_on_test,electrical.lighting,electrical.lighting,commercial,refurb,yes,electrical-comms,,,
B1-0688,design_or_coordination_error,design_and_scope,fire-active.emergency-lighting,design,commercial,refurb,yes,fire,,,
B1-0689,unforeseen_condition,concealed_services_and_earlier_work,interiors.ceilings,electrical.cabling-wiring,commercial,refurb,yes,envelope,,,Hidden hazards in ceilings: hazardous_materials is possible; category concealed services chosen.
B1-0690,workmanship_defect,existing_systems_on_test,electrical.cabling-wiring,envelope,commercial,new,no,electrical-comms,,,
B1-0691,workmanship_defect,existing_systems_on_test,electrical.switchboards,electrical.cabling-wiring,commercial,new,no,electrical-comms,,,
B1-0692,design_or_coordination_error,design_and_scope,electrical,mechanical.process-specialist,industrial,new,no,electrical-comms,,,
B1-0693,design_or_coordination_error,design_and_scope,electrical,design,commercial,new,no,electrical-comms,,,
B1-0694,process_authority_supply_weather,authorities_and_utilities,electrical,utility,residential,new,no,electrical-comms,,,
B1-0695,unforeseen_condition,ground_and_site,electrical.earthing-lightning,site.ground-conditions,residential;commercial,new,no,electrical-comms,,,
B1-0696,workmanship_defect,supply_and_site_operations,electrical.cabling-wiring,site.earthworks,residential;commercial;industrial,new,no,electrical-comms,,,
B1-0697,workmanship_defect,supply_and_site_operations,electrical.temporary-power,site_operations,residential;commercial;industrial,new;extend;refurb;remediation,no,electrical-comms,,,
B1-0698,design_or_coordination_error,design_and_scope,electrical,mechanical.controls-bms,commercial;industrial,new;extend;refurb;remediation,no,electrical-comms,,,
B1-0699,workmanship_defect,supply_and_site_operations,electrical,envelope.roof-coverings,residential;commercial,new;extend;refurb;remediation,no,electrical-comms,,,
B1-0700,workmanship_defect,supply_and_site_operations,electrical,interiors.walls-linings,residential,new,no,electrical-comms,,fm.electrical-rough-in-before-lining,
B1-0701,workmanship_defect,supply_and_site_operations,interiors.floor-finishes,substructure.slab-on-ground,residential;commercial,new;refurb,no,envelope,,fm.envelope-floor-cupping,
B1-0702,workmanship_defect,supply_and_site_operations,interiors.tiling,structure,residential;commercial,new,no,envelope,,,
B1-0703,workmanship_defect,supply_and_site_operations,interiors.painting,interiors.walls-linings,residential;commercial;industrial,new;extend;refurb;remediation,no,envelope,,fm.envelope-paint-adhesion,
B1-0704,workmanship_defect,supply_and_site_operations,interiors.walls-linings,structure,residential;commercial,new,no,envelope,,,
B1-0705,workmanship_defect,supply_and_site_operations,interiors.joinery,interiors.walls-linings,residential;commercial,new;refurb,no,envelope,,,
B1-0706,design_or_coordination_error,design_and_scope,interiors.internal-doors,access-egress.exits,commercial,refurb,yes,envelope,,,
B1-0707,design_or_coordination_error,design_and_scope,electrical.lighting,fire-active,commercial,new,no,electrical-comms,,,
B1-0708,workmanship_defect,supply_and_site_operations,interiors.floor-finishes,substructure.slab-on-ground,residential;commercial,new,no,envelope,,,
B1-0709,design_or_coordination_error,design_and_scope,interiors.ceilings,interiors.acoustic-separation,commercial,new,no,envelope,,,
B1-0710,workmanship_defect,supply_and_site_operations,interiors.floor-finishes,structure.concrete,residential;commercial,new,no,envelope,,,
B1-0711,workmanship_defect,supply_and_site_operations,interiors.floor-finishes,interiors.floor-finishes,residential;commercial,refurb,yes,envelope,,,
B1-0712,process_authority_supply_weather,supply_and_site_operations,structure.concrete,programme,residential;commercial,new,no,structure,,,Slab moisture delaying flooring treated as programme/process.
B1-0713,process_authority_supply_weather,supply_and_site_operations,mechanical,interiors.floor-finishes,residential,new,no,services-wet-air,,,Sequencing failure treated as process; could be workmanship.
B1-0714,workmanship_defect,supply_and_site_operations,mechanical,interiors.tiling,residential,new,no,services-wet-air,,,
B1-0715,design_or_coordination_error,design_and_scope,interiors.tiling,design,residential;commercial,new,no,envelope,,,
B1-0716,workmanship_defect,supply_and_site_operations,interiors.tiling,interiors.floor-finishes,residential;commercial,new,no,envelope,,,
B1-0717,process_authority_supply_weather,supply_and_site_operations,interiors.tiling,design,residential;commercial,new,no,envelope,,,
B1-0718,design_or_coordination_error,design_and_scope,interiors.tiling,interiors.floor-finishes,residential;commercial,new,no,envelope,,fm.envelope-adhesive-membrane-compatibility,
B1-0719,workmanship_defect,supply_and_site_operations,interiors.tiling,handover,residential,new;extend;refurb;remediation,no,envelope,,,
B1-0720,design_or_coordination_error,design_and_scope,interiors.tiling,interiors.wet-area-waterproofing,residential,new,no,envelope,,fm.envelope-waterproofing-before-tiles,
B1-0721,process_authority_supply_weather,supply_and_site_operations,interiors.tiling,interiors.painting,residential;commercial,new,no,envelope,,,
B1-0722,workmanship_defect,supply_and_site_operations,substructure.slab-on-ground,interiors.floor-finishes,commercial;industrial,new,no,structure,,,
B1-0723,workmanship_defect,supply_and_site_operations,interiors.floor-finishes,substructure.slab-on-ground,industrial,new,no,envelope,,,
B1-0724,process_authority_supply_weather,supply_and_site_operations,interiors.floor-finishes,weather,industrial,new,no,envelope,,,
B1-0725,workmanship_defect,supply_and_site_operations,interiors.floor-finishes,interiors.floor-finishes,commercial,new,no,envelope,,,
B1-0726,design_or_coordination_error,design_and_scope,interiors.floor-finishes,interiors.internal-doors,commercial,refurb,yes,envelope,,,
B1-0727,process_authority_supply_weather,supply_and_site_operations,interiors.floor-finishes,design,commercial,new,no,envelope,,,
B1-0728,design_or_coordination_error,design_and_scope,interiors.floor-finishes,design,commercial,new,no,envelope,,,
B1-0729,design_or_coordination_error,design_and_scope,interiors.walls-linings,design,residential,new,no,envelope,,,
B1-0730,workmanship_defect,supply_and_site_operations,structure.concrete,interiors.floor-finishes,residential,new;refurb,no,structure,,,
B1-0731,design_or_coordination_error,design_and_scope,interiors.floor-finishes,authority,commercial,new,no,envelope,,,
B1-0732,workmanship_defect,supply_and_site_operations,interiors.walls-linings,electrical.lighting,residential;commercial,new,no,envelope,,,
B1-0733,process_authority_supply_weather,supply_and_site_operations,interiors.walls-linings,weather,residential,new,no,envelope,,,
B1-0734,workmanship_defect,supply_and_site_operations,interiors.walls-linings,mechanical.air-distribution,commercial,new,no,envelope,,,
B1-0735,workmanship_defect,supply_and_site_operations,interiors.walls-linings,interiors.floor-finishes,residential,new,no,envelope,,,
B1-0736,workmanship_defect,supply_and_site_operations,interiors.walls-linings,structure,residential,new,no,envelope,,,
B1-0737,workmanship_defect,supply_and_site_operations,interiors.painting,interiors.painting,residential;commercial,new,no,envelope,,,
B1-0738,workmanship_defect,supply_and_site_operations,interiors.painting,envelope,residential,new,no,envelope,,fm.envelope-paint-adhesion,
B1-0739,design_or_coordination_error,design_and_scope,interiors.painting,design,commercial,new,no,envelope,,,
B1-0740,workmanship_defect,concealed_services_and_earlier_work,interiors.walls-linings,envelope,residential,refurb,yes,envelope,,,
B1-0741,process_authority_supply_weather,supply_and_site_operations,interiors.painting,procurement,residential,new,no,envelope,,,
B1-0742,workmanship_defect,supply_and_site_operations,interiors.joinery,design,residential;commercial,new;refurb,no,envelope,,,
B1-0743,workmanship_defect,supply_and_site_operations,interiors.joinery,envelope,residential,new,no,envelope,,,
B1-0744,design_or_coordination_error,design_and_scope,interiors.joinery,interiors.ffe,residential,new,no,envelope,,,
B1-0745,workmanship_defect,supply_and_site_operations,interiors.joinery,hydraulic,residential,new,no,envelope,,fm.envelope-joinery-service-positions,
B1-0746,workmanship_defect,supply_and_site_operations,interiors.joinery,procurement,residential,new,no,envelope,,,
B1-0747,design_or_coordination_error,design_and_scope,interiors.joinery,design,residential,new,no,envelope,,,
B1-0748,workmanship_defect,supply_and_site_operations,interiors.tiling,electrical,residential,new,no,envelope,,fm.envelope-joinery-service-positions,
B1-0749,workmanship_defect,supply_and_site_operations,electrical,interiors.joinery,residential,new,no,electrical-comms,,fm.envelope-joinery-service-positions,
B1-0750,design_or_coordination_error,design_and_scope,interiors.joinery,electrical.lighting,residential,new,no,envelope,,,
B1-0751,design_or_coordination_error,design_and_scope,interiors.joinery,envelope.windows-doors,residential,new,no,envelope,,,
B1-0752,workmanship_defect,supply_and_site_operations,access-egress.stairs-and-ramps,access-egress.barriers,residential,new,no,fire,,,
B1-0753,workmanship_defect,supply_and_site_operations,access-egress.stairs-and-ramps,interiors.painting,commercial,new,no,fire,,,
B1-0754,workmanship_defect,supply_and_site_operations,access-egress.barriers,procurement,residential;commercial,new,no,fire,,,
B1-0755,workmanship_defect,supply_and_site_operations,structure.steel,design,residential;commercial,new,no,structure,,,
B1-0756,process_authority_supply_weather,supply_and_site_operations,interiors.internal-doors,interiors.internal-doors,residential;commercial,new,no,envelope,,,
B1-0757,workmanship_defect,supply_and_site_operations,interiors.internal-doors,structure,residential;commercial,new,no,envelope,,,
B1-0758,workmanship_defect,supply_and_site_operations,interiors.internal-doors,weather,residential,new;extend;refurb;remediation,no,envelope,,,
B1-0759,design_or_coordination_error,design_and_scope,interiors.internal-doors,interiors.floor-finishes,residential;commercial,new,no,envelope,,,
B1-0760,workmanship_defect,supply_and_site_operations,fire-passive.openings,authority,commercial,new,no,fire,,,
B1-0761,design_or_coordination_error,design_and_scope,interiors.internal-doors,access-egress.accessible-access,commercial,new,no,envelope,,,
B1-0762,design_or_coordination_error,design_and_scope,interiors.internal-glazing,structure,commercial,new,no,envelope,,,
B1-0763,workmanship_defect,supply_and_site_operations,interiors.ceilings,structure,commercial,new,no,envelope,,,
B1-0764,workmanship_defect,supply_and_site_operations,interiors.ceilings,hydraulic,commercial,new,no,envelope,,,
B1-0765,design_or_coordination_error,design_and_scope,interiors.ceilings,mechanical,residential,new;refurb,no,envelope,,fm.envelope-services-ceiling-space,
B1-0766,design_or_coordination_error,authorities_and_utilities,interiors.ceilings,authority,residential,new;refurb,no,envelope,,,
B1-0767,workmanship_defect,supply_and_site_operations,interiors.walls-linings,interiors.joinery,residential,new,no,envelope,,,
B1-0768,workmanship_defect,existing_structure,structure.masonry,hydraulic,residential,refurb,yes,structure,,,
B1-0769,workmanship_defect,supply_and_site_operations,interiors.walls-linings,authority,residential;commercial;industrial,new,no,envelope,,fm.hydraulic-rough-in-before-linings;fm.envelope-rough-in-before-linings;fm.electrical-rough-in-before-lining,
B1-0770,process_authority_supply_weather,supply_and_site_operations,authority,programme,residential;commercial;industrial,new,no,delivery,,fm.hydraulic-rough-in-before-linings;fm.envelope-rough-in-before-linings,
B1-0771,process_authority_supply_weather,supply_and_site_operations,design,programme,commercial,new,no,delivery,,,
B1-0772,process_authority_supply_weather,third_parties_and_occupation,design,mechanical,commercial,refurb,yes,services-wet-air,,,
B1-0773,design_or_coordination_error,design_and_scope,site.signage,envelope,commercial,refurb,yes,structure,,,
B1-0774,design_or_coordination_error,design_and_scope,envelope.windows-doors,fire-active,commercial,refurb,yes,envelope,,,
B1-0775,process_authority_supply_weather,authorities_and_utilities,interiors.painting,authority,commercial,new;refurb,no,envelope,,,
B1-0776,workmanship_defect,supply_and_site_operations,interiors.floor-finishes,hydraulic.sanitary,commercial,new;refurb,no,envelope,,,
B1-0777,workmanship_defect,supply_and_site_operations,mechanical.process-specialist,substructure.slab-on-ground,commercial;industrial,new,no,services-wet-air,,,
B1-0778,design_or_coordination_error,design_and_scope,mechanical.process-specialist,design,commercial;industrial,new,no,services-wet-air,,,
B1-0779,design_or_coordination_error,design_and_scope,design,interiors.floor-finishes,commercial,refurb,yes,envelope,,,
B1-0780,design_or_coordination_error,design_and_scope,design,interiors.walls-linings,commercial,new;refurb,no,envelope,,,
B1-0781,design_or_coordination_error,design_and_scope,design,structure,commercial,new;refurb,no,structure,,,
B1-0782,design_or_coordination_error,design_and_scope,structure,fire-active.fire-control,industrial,new,no,structure,,,
B1-0783,design_or_coordination_error,design_and_scope,occupant,neighbour,industrial,new,no,delivery,,,
B1-0784,workmanship_defect,supply_and_site_operations,mechanical.process-specialist,envelope,industrial,new,no,services-wet-air,,,Damaged vapour barrier on a cold store treated as unforeseen; could be workmanship.
B1-0785,design_or_coordination_error,design_and_scope,hydraulic.sanitary,design,industrial,new,no,services-wet-air,,,
B1-0786,workmanship_defect,supply_and_site_operations,interiors.walls-linings,interiors.floor-finishes,industrial,new,no,envelope,,fm.envelope-clinical-finish-cleaning,
B1-0787,design_or_coordination_error,design_and_scope,interiors.walls-linings,occupant,commercial;industrial,new;extend;refurb;remediation,no,envelope,,,
B1-0788,design_or_coordination_error,design_and_scope,design,site.impact-protection,industrial,new;extend;refurb;remediation,no,structure,,,
B1-0789,process_authority_supply_weather,supply_and_site_operations,interiors.ffe,handover,commercial,new,no,envelope,,,
B1-0790,workmanship_defect,supply_and_site_operations,site.signage,access-egress.accessible-access,commercial,new,no,structure,,,
B1-0791,design_or_coordination_error,design_and_scope,design,structure,commercial,new,no,structure,,,
B1-0792,design_or_coordination_error,design_and_scope,interiors.ffe,fire-active.sprinklers,commercial,new,no,envelope,,,
B1-0793,design_or_coordination_error,design_and_scope,interiors.ffe,envelope.windows-doors,residential,new,no,envelope,,,
B1-0794,design_or_coordination_error,design_and_scope,interiors.joinery,mechanical,residential,new,no,envelope,,,
B1-0795,design_or_coordination_error,design_and_scope,envelope.windows-doors,weather,residential,new,no,envelope,,,
B1-0796,workmanship_defect,supply_and_site_operations,interiors.painting,procurement,residential;commercial;industrial,new,no,envelope,,,
B1-0797,process_authority_supply_weather,supply_and_site_operations,site_operations,programme,residential;commercial;industrial,new;extend;refurb;remediation,no,delivery,,,
B1-0798,workmanship_defect,supply_and_site_operations,interiors.walls-linings,interiors.floor-finishes,residential,new;refurb,no,envelope,,,
B1-0799,workmanship_defect,supply_and_site_operations,interiors.ffe,envelope,residential,new,no,envelope,,,
B1-0800,workmanship_defect,supply_and_site_operations,interiors.floor-finishes,structure,residential,new,no,envelope,,fm.envelope-floor-cupping,
B1-0801,design_or_coordination_error,design_and_scope,site_operations,structure,commercial,new,no,structure,,,
B1-0802,process_authority_supply_weather,supply_and_site_operations,site_operations,programme,commercial,new,no,delivery,,,
B1-0803,workmanship_defect,supply_and_site_operations,site_operations,structure,residential;commercial;industrial,new;extend;refurb;remediation,no,structure,,,
B1-0804,process_authority_supply_weather,supply_and_site_operations,site_operations,programme,commercial,new,no,delivery,,,
B1-0805,process_authority_supply_weather,authorities_and_utilities,site.earthworks,structure.concrete,residential;commercial,new,no,structure,,,
B1-0806,unforeseen_condition,authorities_and_utilities,site.survey-boundaries,design,residential;commercial;industrial,new;extend,no,structure,,,
B1-0807,unforeseen_condition,authorities_and_utilities,authority,site.earthworks,commercial,new,no,structure,,,
B1-0808,unforeseen_condition,authorities_and_utilities,electrical.utility-supply,structure.precast,residential;commercial;industrial,new;extend;refurb;remediation,no,electrical-comms,,,
B1-0809,process_authority_supply_weather,supply_and_site_operations,site.stormwater-detention,programme,residential;commercial;industrial,new,no,structure,,,
B1-0810,workmanship_defect,supply_and_site_operations,substructure.retaining-walls,site.stormwater-detention,residential;commercial,new;extend;refurb;remediation,no,structure,B1-0043,fm.retaining-drainage-protects-wall,
B1-0811,process_authority_supply_weather,supply_and_site_operations,site.vehicle-access,site_operations,commercial;industrial,new,no,structure,,,
B1-0812,process_authority_supply_weather,third_parties_and_occupation,site_operations,neighbour,commercial,new,no,delivery,,,
B1-0813,design_or_coordination_error,ground_and_site,structure.temporary-works,site.ground-conditions,commercial,new,no,structure,,fm.crane-outrigger-ground-bearing,
B1-0814,process_authority_supply_weather,supply_and_site_operations,site_operations,site_operations,commercial,new,no,delivery,,,
B1-0815,design_or_coordination_error,supply_and_site_operations,site_operations,structure.concrete,commercial,new,no,structure,,,
B1-0816,workmanship_defect,supply_and_site_operations,site_operations,envelope,commercial,new,no,envelope,,,
B1-0817,workmanship_defect,supply_and_site_operations,site_operations,structure.concrete,residential;commercial,new,no,structure,,fm.temporary-works-load-new-concrete,
B1-0818,process_authority_supply_weather,supply_and_site_operations,site_operations,weather,commercial,new,no,delivery,,,
B1-0819,process_authority_supply_weather,third_parties_and_occupation,site_operations,neighbour,commercial,new,no,delivery,,,
B1-0820,process_authority_supply_weather,authorities_and_utilities,site_operations,authority,commercial,new,no,delivery,,,
B1-0821,process_authority_supply_weather,supply_and_site_operations,site_operations,site.public-domain,residential;commercial,new;extend,no,structure,,,
B1-0822,process_authority_supply_weather,supply_and_site_operations,site_operations,site.public-domain,commercial,new,no,structure,,,
B1-0823,process_authority_supply_weather,authorities_and_utilities,programme,authority,commercial,new,no,delivery,,,
B1-0824,process_authority_supply_weather,third_parties_and_occupation,site_operations,neighbour,residential;commercial,new;extend;refurb;remediation,no,delivery,,,
B1-0825,process_authority_supply_weather,third_parties_and_occupation,site.demolition,neighbour,residential;commercial;industrial,refurb,yes,structure,,,
B1-0826,process_authority_supply_weather,third_parties_and_occupation,site.demolition,neighbour,commercial,refurb,yes,structure,,,
B1-0827,workmanship_defect,third_parties_and_occupation,site.demolition,site.adjoining-structures,residential;commercial,new,no,structure,B1-0046;B1-0864,,
B1-0828,design_or_coordination_error,supply_and_site_operations,electrical.temporary-power,site_operations,commercial,new,no,electrical-comms,,,
B1-0829,process_authority_supply_weather,authorities_and_utilities,utility,structure.concrete,commercial,new,no,structure,,,
B1-0830,process_authority_supply_weather,authorities_and_utilities,site_operations,site.services-connections,residential;commercial;industrial,new,no,structure,,,
B1-0831,design_or_coordination_error,supply_and_site_operations,site_operations,programme,commercial,new,no,delivery,,,
B1-0832,workmanship_defect,concealed_services_and_earlier_work,site_operations,site.services-connections,residential;commercial;industrial,new;extend;refurb;remediation,no,structure,,,
B1-0833,process_authority_supply_weather,supply_and_site_operations,weather,programme,residential;commercial;industrial,new,no,delivery,,,
B1-0834,process_authority_supply_weather,supply_and_site_operations,weather,procurement,residential;commercial;industrial,new;extend;refurb;remediation,no,delivery,,,
B1-0835,process_authority_supply_weather,supply_and_site_operations,weather,envelope,commercial,new,no,envelope,,,
B1-0836,process_authority_supply_weather,supply_and_site_operations,weather,structure.masonry,residential,new,no,structure,,,
B1-0837,process_authority_supply_weather,supply_and_site_operations,weather,structure,industrial,new,no,structure,,,
B1-0838,process_authority_supply_weather,supply_and_site_operations,weather,site_operations,residential;commercial;industrial,new;extend;refurb;remediation,no,delivery,,,
B1-0839,process_authority_supply_weather,supply_and_site_operations,weather,occupant,residential;commercial;industrial,new;extend;refurb;remediation,no,delivery,,,Environment here means bushfire smoke; mapped to weather.
B1-0840,process_authority_supply_weather,supply_and_site_operations,weather,site_operations,commercial,new,no,delivery,,,
B1-0841,process_authority_supply_weather,supply_and_site_operations,site.stormwater-detention,vertical-transport.lift-shafts-pits,residential;commercial,new,no,structure,,,"Site water here is stormwater, not temporary supply; sides overridden."
B1-0842,process_authority_supply_weather,supply_and_site_operations,site.stormwater-detention,site_operations,residential;commercial;industrial,new,no,structure,,,
B1-0843,workmanship_defect,authorities_and_utilities,site.erosion-sediment-control,authority,residential;commercial;industrial,new,no,structure,,,
B1-0844,unforeseen_condition,ground_and_site,authority,design,residential;commercial;industrial,new,no,delivery,,,
B1-0845,unforeseen_condition,authorities_and_utilities,authority,programme,residential;industrial,new,no,delivery,,,
B1-0846,unforeseen_condition,ground_and_site,site.trees,site_operations,residential;commercial,new;extend,no,structure,,,
B1-0847,unforeseen_condition,third_parties_and_occupation,site.trees,site_operations,residential,new,no,structure,,,
B1-0848,unforeseen_condition,third_parties_and_occupation,neighbour,site.contamination,commercial;industrial,new,no,structure,,,
B1-0849,unforeseen_condition,ground_and_site,site.ground-conditions,authority,commercial;industrial,new,no,structure,,,
B1-0850,process_authority_supply_weather,authorities_and_utilities,authority,design,residential;commercial,new;refurb,no,delivery,,,
B1-0851,unforeseen_condition,authorities_and_utilities,authority,site.earthworks,residential;commercial;industrial,new,no,structure,,,
B1-0852,process_authority_supply_weather,authorities_and_utilities,utility,design,residential;commercial,new,no,delivery,,,
B1-0853,process_authority_supply_weather,authorities_and_utilities,authority,site.survey-boundaries,commercial,new,no,structure,,,
B1-0854,design_or_coordination_error,authorities_and_utilities,site.public-domain,design,residential;commercial,new,no,structure,,,
B1-0855,process_authority_supply_weather,authorities_and_utilities,site.public-domain,authority,residential;commercial,new,no,structure,,,
B1-0856,design_or_coordination_error,design_and_scope,site.landscape,site.vehicle-access,residential;commercial,new,no,structure,,,
B1-0857,process_authority_supply_weather,authorities_and_utilities,utility,design,residential;commercial,new,no,delivery,,,
B1-0858,process_authority_supply_weather,authorities_and_utilities,utility,site.vehicle-access,residential,new,no,structure,,,
B1-0859,process_authority_supply_weather,authorities_and_utilities,site.stormwater-detention,site.stormwater-detention,residential;commercial,new,no,structure,,,
B1-0860,process_authority_supply_weather,third_parties_and_occupation,site.survey-boundaries,neighbour,residential,new;extend,no,structure,,,
B1-0861,process_authority_supply_weather,third_parties_and_occupation,substructure.retaining-walls,neighbour,residential,new,no,structure,,,
B1-0862,process_authority_supply_weather,third_parties_and_occupation,site.earthworks,neighbour,commercial,new,no,structure,,,
B1-0863,process_authority_supply_weather,third_parties_and_occupation,neighbour,site.adjoining-structures,commercial,new,no,structure,,,
B1-0864,process_authority_supply_weather,third_parties_and_occupation,design,neighbour,commercial,new,no,delivery,B1-0046;B1-0827,,
B1-0865,workmanship_defect,supply_and_site_operations,site.landscape,hydraulic,residential;commercial,new,no,structure,,,
B1-0866,design_or_coordination_error,design_and_scope,site.landscape,structure,residential;commercial,new,no,structure,,,
B1-0867,design_or_coordination_error,design_and_scope,site.landscape,site.stormwater-detention,residential;commercial,new,no,structure,,fm.podium-landscape-waterproofing,
B1-0868,workmanship_defect,supply_and_site_operations,site.landscape,hydraulic,commercial,new,no,structure,,fm.service-trenching-affects-tree-roots,
B1-0869,workmanship_defect,ground_and_site,site.landscape,site.ground-conditions,residential;commercial,new,no,structure,,,
B1-0870,workmanship_defect,supply_and_site_operations,site.landscape,site.survey-boundaries,residential,new,no,structure,,,
B1-0871,workmanship_defect,supply_and_site_operations,site.vehicle-access,site.stormwater-detention,residential;commercial,new,no,structure,,fm.external-levels-protect-envelope;fm.envelope-external-levels-moisture-bridge,
B1-0872,design_or_coordination_error,design_and_scope,site.vehicle-access,site.trees,residential;commercial,new;extend;refurb;remediation,no,structure,,,
B1-0873,design_or_coordination_error,design_and_scope,site.vehicle-access,design,commercial,new,no,structure,,fm.external-levels-protect-envelope,
B1-0874,design_or_coordination_error,design_and_scope,site.impact-protection,hydraulic,commercial,new,no,structure,,,
B1-0875,workmanship_defect,supply_and_site_operations,site.vehicle-access,structure,commercial,new,no,structure,,,
B1-0876,workmanship_defect,supply_and_site_operations,site.vehicle-access,site.stormwater-detention,commercial,new,no,structure,,,
B1-0877,design_or_coordination_error,design_and_scope,site_operations,site_operations,industrial,new,no,delivery,,,
B1-0878,design_or_coordination_error,design_and_scope,site.vehicle-access,site_operations,industrial,new,no,structure,,,
B1-0879,workmanship_defect,supply_and_site_operations,site.vehicle-access,site.stormwater-detention,industrial,new,no,structure,,,
B1-0880,design_or_coordination_error,design_and_scope,site.vehicle-access,design,industrial,new,no,structure,,,
B1-0881,design_or_coordination_error,design_and_scope,site.vehicle-access,site.stormwater-detention,industrial,new,no,structure,,,
B1-0882,workmanship_defect,supply_and_site_operations,site.earthworks,structure.concrete,industrial,new;extend;refurb;remediation,no,structure,,,
B1-0883,process_authority_supply_weather,supply_and_site_operations,site_operations,weather,residential;commercial;industrial,new,no,delivery,,,
B1-0884,process_authority_supply_weather,supply_and_site_operations,site_operations,hydraulic,residential;commercial;industrial,new,no,services-wet-air,,,
B1-0885,process_authority_supply_weather,supply_and_site_operations,site_operations,interiors.painting,residential;commercial,new,no,envelope,,,
B1-0886,workmanship_defect,supply_and_site_operations,site_operations,fire-active,residential;commercial;industrial,new;extend;refurb;remediation,no,fire,,,
B1-0887,process_authority_supply_weather,supply_and_site_operations,authority,programme,residential;commercial;industrial,new;extend;refurb;remediation,no,delivery,,,
B1-0888,process_authority_supply_weather,authorities_and_utilities,structure.concrete,authority,residential;commercial;industrial,new;extend;refurb;remediation,no,structure,,,
B1-0889,unforeseen_condition,hazardous_materials,neighbour,site.demolition,residential,extend,yes,structure,,,
B1-0890,process_authority_supply_weather,supply_and_site_operations,procurement,programme,residential,new,no,delivery,,,
B1-0891,process_authority_supply_weather,supply_and_site_operations,procurement,programme,residential;commercial;industrial,new;extend;refurb;remediation,no,delivery,,,
B1-0892,process_authority_supply_weather,supply_and_site_operations,contract,programme,residential;commercial;industrial,new;extend;refurb;remediation,no,delivery,,,
B1-0893,process_authority_supply_weather,supply_and_site_operations,site_operations,contract,residential;commercial;industrial,new;extend;refurb;remediation,no,delivery,,,
B1-0894,process_authority_supply_weather,supply_and_site_operations,procurement,budget,residential;commercial;industrial,new;extend;refurb;remediation,no,delivery,,,
B1-0895,process_authority_supply_weather,supply_and_site_operations,procurement,envelope,commercial,new,no,envelope,,,
B1-0896,process_authority_supply_weather,authorities_and_utilities,procurement,authority,commercial,new,no,delivery,,,
B1-0897,workmanship_defect,concealed_services_and_earlier_work,site.earthworks,hydraulic.gas,residential;commercial;industrial,new;extend;refurb;remediation,no,structure,,,
B1-0898,design_or_coordination_error,design_and_scope,structure.temporary-works,structure,commercial,new,no,structure,,,
B1-0899,process_authority_supply_weather,authorities_and_utilities,procurement,electrical.utility-supply,residential,new,no,electrical-comms,,,
B1-0900,process_authority_supply_weather,authorities_and_utilities,authority,programme,residential,new,no,delivery,,,
B1-0901,process_authority_supply_weather,authorities_and_utilities,design,authority,residential;commercial;industrial,new;extend;refurb;remediation,no,delivery,,,
B1-0902,process_authority_supply_weather,authorities_and_utilities,authority,programme,residential;commercial;industrial,new;extend;refurb;remediation,no,delivery,,,
B1-0903,process_authority_supply_weather,supply_and_site_operations,procurement,programme,residential;commercial;industrial,new;extend;refurb;remediation,no,delivery,,,
B1-0904,process_authority_supply_weather,supply_and_site_operations,envelope.flashings-seals,envelope,commercial,new,no,envelope,,,
B1-0905,process_authority_supply_weather,ground_and_site,contract,site.ground-conditions,residential;commercial;industrial,new;extend;refurb;remediation,no,structure,,,
B1-0906,process_authority_supply_weather,supply_and_site_operations,procurement,programme,residential;commercial;industrial,new;extend;refurb;remediation,no,delivery,,,
B1-0907,unforeseen_condition,hazardous_materials,structure.alterations,site.demolition,residential;commercial;industrial,refurb,yes,structure,,,
B1-0908,design_or_coordination_error,existing_systems_on_test,commissioning,mechanical.controls-bms,commercial,new,no,services-wet-air,,,Unintegrated systems found at commissioning treated as design error.
B1-0909,design_or_coordination_error,design_and_scope,design,handover,residential;commercial;industrial,new;extend;refurb;remediation,no,delivery,,,
B1-0910,process_authority_supply_weather,supply_and_site_operations,handover,occupant,residential;commercial;industrial,new;extend;refurb;remediation,no,delivery,,,
B1-0911,design_or_coordination_error,design_and_scope,design,budget,commercial,new,no,delivery,,,
B1-0912,design_or_coordination_error,design_and_scope,design,design,residential;commercial;industrial,new;extend;refurb;remediation,no,delivery,,,
B1-0913,process_authority_supply_weather,design_and_scope,design,procurement,commercial,new,no,delivery,,,
B1-0914,design_or_coordination_error,design_and_scope,design,design,commercial,new,no,delivery,,,
B1-0915,process_authority_supply_weather,supply_and_site_operations,design,procurement,residential;commercial;industrial,new;extend;refurb;remediation,no,delivery,,,
B1-0916,design_or_coordination_error,design_and_scope,design,design,residential;commercial;industrial,new;extend;refurb;remediation,no,delivery,,,
B1-0917,process_authority_supply_weather,design_and_scope,design,site_operations,residential;commercial;industrial,new;extend;refurb;remediation,no,delivery,,,
B1-0918,process_authority_supply_weather,supply_and_site_operations,procurement,procurement,commercial,new,no,delivery,,,
B1-0919,process_authority_supply_weather,design_and_scope,interiors.painting,procurement,commercial,new,no,envelope,,,
B1-0920,process_authority_supply_weather,design_and_scope,design,design,residential;commercial;industrial,new;extend;refurb;remediation,no,delivery,,,
B1-0921,process_authority_supply_weather,supply_and_site_operations,procurement,programme,residential;commercial,new;extend;refurb;remediation,no,delivery,,,
B1-0922,process_authority_supply_weather,supply_and_site_operations,contract,budget,residential;commercial;industrial,new;extend;refurb;remediation,no,delivery,,,
B1-0923,process_authority_supply_weather,supply_and_site_operations,budget,design,residential;commercial,new;extend;refurb;remediation,no,delivery,,,
B1-0924,process_authority_supply_weather,design_and_scope,budget,hydraulic,commercial,new,no,services-wet-air,,,
B1-0925,process_authority_supply_weather,supply_and_site_operations,procurement,design,residential;commercial;industrial,new,no,delivery,,,
B1-0926,process_authority_supply_weather,design_and_scope,budget,design,residential;commercial;industrial,new;extend;refurb;remediation,no,delivery,,,
B1-0927,process_authority_supply_weather,design_and_scope,budget,authority,residential;commercial;industrial,new;extend;refurb;remediation,no,delivery,,,
B1-0928,process_authority_supply_weather,supply_and_site_operations,procurement,design,residential;commercial;industrial,new;extend;refurb;remediation,no,delivery,,,
B1-0929,process_authority_supply_weather,design_and_scope,contract,design,commercial,new,no,delivery,,,
B1-0930,process_authority_supply_weather,design_and_scope,contract,design,commercial,new,no,delivery,,,
B1-0931,process_authority_supply_weather,supply_and_site_operations,contract,programme,residential;commercial;industrial,new;extend;refurb;remediation,no,delivery,,,
B1-0932,process_authority_supply_weather,supply_and_site_operations,contract,contract,residential;commercial;industrial,new;extend;refurb;remediation,no,delivery,,,
B1-0933,process_authority_supply_weather,supply_and_site_operations,contract,programme,residential;commercial;industrial,new;extend;refurb;remediation,no,delivery,,,
B1-0934,process_authority_supply_weather,supply_and_site_operations,contract,programme,residential;commercial;industrial,new;extend;refurb;remediation,no,delivery,,,
B1-0935,process_authority_supply_weather,supply_and_site_operations,contract,contract,residential;commercial;industrial,new;extend;refurb;remediation,no,delivery,,,
B1-0936,process_authority_supply_weather,supply_and_site_operations,contract,handover,residential;commercial;industrial,new;extend;refurb;remediation,no,delivery,,,
B1-0937,process_authority_supply_weather,supply_and_site_operations,contract,handover,residential;commercial,new;extend;refurb;remediation,no,delivery,,,
B1-0938,process_authority_supply_weather,supply_and_site_operations,budget,programme,residential;commercial,new,no,delivery,,,
B1-0939,process_authority_supply_weather,supply_and_site_operations,budget,design,residential,new,no,delivery,,,
B1-0940,process_authority_supply_weather,supply_and_site_operations,budget,budget,residential;commercial,new,no,delivery,,,
B1-0941,process_authority_supply_weather,authorities_and_utilities,contract,contract,residential,new,no,delivery,,,"Settlement here is property settlement, not ground settlement; mapped to contract."
B1-0942,process_authority_supply_weather,authorities_and_utilities,authority,programme,residential,new,no,delivery,,,Sales mapped to programme; contract is arguable.
B1-0943,process_authority_supply_weather,third_parties_and_occupation,site_operations,contract,residential,new;remediation,no,delivery,,,
B1-0944,process_authority_supply_weather,supply_and_site_operations,site_operations,insurance,residential,new;remediation,no,delivery,,,
B1-0945,process_authority_supply_weather,supply_and_site_operations,envelope.external-waterproofing,contract,residential,new;remediation,no,envelope,,,
B1-0946,process_authority_supply_weather,supply_and_site_operations,procurement,authority,residential;commercial;industrial,new;extend;refurb;remediation,no,delivery,,,
B1-0947,process_authority_supply_weather,authorities_and_utilities,procurement,authority,residential;commercial;industrial,new;extend;refurb;remediation,no,delivery,,,
B1-0948,process_authority_supply_weather,authorities_and_utilities,procurement,authority,residential;commercial;industrial,new;extend;refurb;remediation,no,delivery,,,
B1-0949,process_authority_supply_weather,authorities_and_utilities,envelope,authority,residential,refurb;remediation,yes,envelope,,,
B1-0950,unforeseen_condition,concealed_services_and_earlier_work,envelope.external-walls,fire-passive.external-walls,residential;commercial,refurb;remediation,yes,envelope,,,
B1-0951,unforeseen_condition,existing_structure,envelope,structure,residential,refurb;remediation,yes,envelope,,,
B1-0952,process_authority_supply_weather,authorities_and_utilities,design,authority,commercial,refurb,yes,delivery,,,
B1-0953,process_authority_supply_weather,authorities_and_utilities,design,authority,residential;commercial,refurb,yes,delivery,,,
B1-0954,process_authority_supply_weather,authorities_and_utilities,authority,design,residential;commercial,refurb,yes,delivery,,,
B1-0955,process_authority_supply_weather,authorities_and_utilities,authority,procurement,residential;commercial,refurb,yes,delivery,,,
B1-0956,process_authority_supply_weather,supply_and_site_operations,authority,procurement,residential;commercial,refurb,yes,delivery,,,
B1-0957,process_authority_supply_weather,third_parties_and_occupation,design,occupant,commercial,refurb,yes,delivery,,,
B1-0958,process_authority_supply_weather,third_parties_and_occupation,design,occupant,commercial,refurb,yes,delivery,,,
B1-0959,design_or_coordination_error,third_parties_and_occupation,design,design,commercial,refurb,yes,delivery,,,
B1-0960,process_authority_supply_weather,third_parties_and_occupation,design,handover,commercial,refurb,yes,delivery,,,
B1-0961,process_authority_supply_weather,third_parties_and_occupation,design,programme,commercial,refurb,yes,delivery,,,
B1-0962,design_or_coordination_error,third_parties_and_occupation,programme,hydraulic,commercial,refurb,yes,services-wet-air,,fm.occupied-stage-shared-fire-unavailable;fm.occupied-stage-services-isolated,Staged handover isolation treated as design; could be process.
B1-0963,unforeseen_condition,concealed_services_and_earlier_work,design,mechanical,residential;commercial;industrial,refurb,yes,services-wet-air,,,
B1-0964,unforeseen_condition,concealed_services_and_earlier_work,structure.alterations,design,residential,refurb,yes,structure,,,
B1-0965,unforeseen_condition,existing_structure,structure,substructure.termite-management,residential,refurb,yes,structure,B1-0161,,
B1-0966,unforeseen_condition,concealed_services_and_earlier_work,structure.alterations,authority,residential;commercial,refurb,yes,structure,,,
B1-0967,unforeseen_condition,existing_structure,structure.alterations,structure,commercial,refurb,yes,structure,,,
B1-0968,design_or_coordination_error,design_and_scope,design,structure.alterations,residential,extend;refurb,yes,structure,,,
B1-0969,unforeseen_condition,existing_structure,structure.alterations,hydraulic,commercial,refurb,yes,structure,,,
B1-0970,unforeseen_condition,existing_structure,structure.alterations,mechanical,commercial,refurb,yes,structure,,,
B1-0971,process_authority_supply_weather,authorities_and_utilities,authority,design,residential,extend,yes,delivery,,,
B1-0972,process_authority_supply_weather,third_parties_and_occupation,authority,neighbour,residential,extend,yes,delivery,,,
B1-0973,process_authority_supply_weather,authorities_and_utilities,authority,design,residential,extend,yes,delivery,,,
B1-0974,process_authority_supply_weather,authorities_and_utilities,authority,design,residential,extend,yes,delivery,,,
B1-0975,process_authority_supply_weather,authorities_and_utilities,structure.alterations,design,residential,extend,yes,structure,,,
B1-0976,design_or_coordination_error,design_and_scope,design,interiors,residential,extend,yes,envelope,,,
B1-0977,unforeseen_condition,existing_systems_on_test,hydraulic.roof-drainage,design,residential,extend,yes,services-wet-air,,,Drainage here is roof drainage of the existing house; overridden.
B1-0978,design_or_coordination_error,concealed_services_and_earlier_work,mechanical,design,residential,extend,yes,services-wet-air,,,
B1-0979,process_authority_supply_weather,supply_and_site_operations,commissioning,handover,commercial,new,no,delivery,,fm.services-startup-substitutes-functional-test,
B1-0980,process_authority_supply_weather,supply_and_site_operations,commissioning,design,commercial,new,no,delivery,,,
B1-0981,process_authority_supply_weather,existing_systems_on_test,commissioning,weather,commercial,new,no,delivery,,fm.services-startup-substitutes-functional-test,
B1-0982,process_authority_supply_weather,supply_and_site_operations,handover,handover,commercial,new,no,delivery,,,
B1-0983,process_authority_supply_weather,supply_and_site_operations,handover,handover,commercial,new,no,delivery,,,
B1-0984,process_authority_supply_weather,supply_and_site_operations,handover,contract,residential;commercial;industrial,new;extend;refurb;remediation,no,delivery,,,
B1-0985,process_authority_supply_weather,supply_and_site_operations,handover,handover,commercial,new,no,delivery,,,
B1-0986,process_authority_supply_weather,supply_and_site_operations,contract,handover,residential;commercial;industrial,new;extend;refurb;remediation,no,delivery,,,
B1-0987,process_authority_supply_weather,third_parties_and_occupation,handover,occupant,commercial,new;extend;refurb;remediation,no,delivery,,,
B1-0988,process_authority_supply_weather,supply_and_site_operations,site_operations,handover,residential;commercial;industrial,new;extend;refurb;remediation,no,delivery,,,
B1-0989,design_or_coordination_error,design_and_scope,design,handover,commercial,new,no,delivery,,,
B1-0990,design_or_coordination_error,third_parties_and_occupation,design,occupant,commercial,new,no,delivery,,,
B1-0991,process_authority_supply_weather,authorities_and_utilities,authority,programme,residential;commercial,new,no,delivery,,,
B1-0992,process_authority_supply_weather,authorities_and_utilities,authority,design,residential;commercial,new,no,delivery,,,
B1-0993,process_authority_supply_weather,authorities_and_utilities,authority,site.public-domain,commercial,new,no,structure,,,
B1-0994,process_authority_supply_weather,authorities_and_utilities,authority,budget,residential;commercial,new,no,delivery,,,
B1-0995,process_authority_supply_weather,authorities_and_utilities,authority,contract,residential,new,no,delivery,,,Settlement is property settlement; mapped to contract.
B1-0996,process_authority_supply_weather,authorities_and_utilities,utility,budget,residential;commercial,new,no,delivery,,,
B1-0997,process_authority_supply_weather,supply_and_site_operations,contract,design,residential;commercial;industrial,new;extend;refurb;remediation,no,delivery,,,
B1-0998,process_authority_supply_weather,supply_and_site_operations,contract,programme,residential;commercial;industrial,new;extend;refurb;remediation,no,delivery,,,
B1-0999,process_authority_supply_weather,supply_and_site_operations,insurance,design,residential;commercial;industrial,new;extend;refurb;remediation,no,delivery,,,
B1-1000,process_authority_supply_weather,third_parties_and_occupation,occupant,programme,commercial,refurb,yes,delivery,,,Tenant holdover: kind process; existing_building yes because the building is occupied.
