id,theme,circumstance,kind,system_a,system_b,specific_element,trigger,project_types,building_categories,when_discovered,early_warning,derisk,effect,source
C-0001,Existing structure,Coring a 1980s office slab for a new kitchen stack cuts a post-tension tendon the archived drawings placed in another band.,latent condition,Structure,Hydraulic services,post-tension tendon,coring an existing slab,refurbishment/fit-out,commercial,construction,A tendon scan or the original post-tension shop drawings would show the live profile under the proposed hole.,Scan the slab and recover the post-tension drawings before the penetration schedule is tendered.,cost; programme; safety,AS 3600
C-0002,Existing structure,"A reinforcement scan of a transfer slab shows the main bars in the top face, where the new riser opening assumed a conventional bottom-steel band.",latent condition,Structure,Hydraulic services,transfer slab,forming a new riser opening,refurbishment/fit-out; replacement/upgrade of an existing system,commercial; institution,design,A cover meter survey would show which face of the slab is reinforced at the opening.,Scan representative bays and reconcile them with the opening design before tender.,cost; programme; safety,AS 3600
C-0003,Existing structure,Removing a wall marked non-loadbearing in a 1960s walk-up drops the end bearing of the timber joists in the floor above.,latent condition,Structure,Interiors and finishes,floor joist bearing,demolishing an internal wall,refurbishment/fit-out,residential,demolition/strip-out,Joists visible in a ceiling strip-out would show the wall is carrying them.,Open the ceiling on both sides of every wall proposed for removal before demolition is tendered.,cost; programme; safety,AS 1684
C-0004,Existing structure,"The existing flat slab has a drop panel the measured survey recorded as a flush soffit, so the new main duct cannot pass.",latent condition,Structure,Mechanical services,drop panel,coordinating a duct under an existing soffit,refurbishment/fit-out,commercial,design,"A soffit survey at each column, not only at mid-bay, would show the drop panel.",Survey the soffit tightly enough to catch capitals and drop panels before services are tendered.,cost; programme,general knowledge
C-0005,Existing structure,Carbon-fibre strengthening is specified onto a soffit that still carries a cementitious coating the adhesive will not bond to.,design or coordination error,Structure,Interiors and finishes,fibre-reinforced polymer,bonding strengthening to an existing soffit,remediation/repair; replacement/upgrade of an existing system,commercial; institution,construction,A coating adhesion test would show the existing finish will not take the adhesive.,Identify the existing coating and the supplier's surface preparation before tender.,cost; programme; quality,general knowledge
C-0006,Existing structure,"Once rust scale is removed, a 1970s roof purlin is thinner than the size used to design the new plant platform.",latent condition,Structure,Mechanical services,roof purlin,setting new plant on an existing roof,replacement/upgrade of an existing system,commercial; industrial,construction,Ultrasonic thickness readings would show the steel remaining under the rust.,"Measure remaining thickness, not the original size, before the plant frame is designed.",cost; programme; safety,AS 4100
C-0007,Existing structure,Jacking an existing transfer beam to insert plates closes the movement joint between the original wing and a later extension.,design or coordination error,Structure,Building envelope,movement joint,jacking a beam during strengthening,remediation/repair,commercial,construction,The joint is on the architectural set and would be crossed by the jacking sequence.,Mark every movement joint the temporary works must leave free before tender.,cost; quality; safety,general knowledge
C-0008,Existing structure,A new stair void in a prestressed hollow-core office floor cuts strands the plank needs to carry the adjacent bay.,latent condition,Structure,Access and egress,hollow-core plank,cutting a stair void in an existing floor,refurbishment/fit-out,commercial,construction,"The plank manufacturer's mark, or a scan, would show the strand positions.",Confirm span direction and strand zones before the void is tendered.,cost; programme; safety,AS 3600
C-0009,Existing structure,"The pad footing under a column to be kept was sized for two storeys, and the vertical extension adds a third.",latent condition,Substructure,Structure,existing pad footing,adding a storey,extension,commercial; residential,design,Original footing drawings compared with the new column load would show the shortfall.,Calculate the existing footing against the added load before tender.,cost; programme; safety,AS 2870
C-0010,Existing structure,Concrete cancer on a coastal balcony edge has reduced the reinforcement so the balustrade post can no longer be refixed into it.,latent condition,Structure,Building envelope,balcony edge beam,replacing balcony balustrades,remediation/repair,residential; commercial,demolition/strip-out,A cover survey and chloride test would show the loss of steel in the edge.,Test the edge reinforcement before the balustrade replacement is tendered.,cost; programme; safety,AS 3600
C-0011,Existing structure,A band beam hidden above a suspended ceiling is cut for a new riser because the demolition drawing showed a flat plate.,latent condition,Structure,Hydraulic services,band beam,cutting a riser through an existing slab,refurbishment/fit-out,commercial,demolition/strip-out,A strip of ceiling removed at the riser line would expose the beam.,Open the ceiling on every proposed penetration line before demolition is tendered.,cost; programme; safety,general knowledge
C-0012,Existing structure,Starter bars for a new school mezzanine are drilled into an existing beam whose scan shows too little edge distance.,latent condition,Structure,Interiors and finishes,chemical anchor,fixing a new mezzanine to an existing beam,extension,institution,construction,A scan of the beam edge would show the bar positions relative to the proposed anchors.,Scan the beam edge and check anchor edge distance before the mezzanine is tendered.,cost; programme; safety,AS 3600
C-0013,Existing structure,The timber lintel over a shopfront is carrying a storey of solid brick the alteration drawing treated as veneer.,latent condition,Structure,Building envelope,timber lintel,widening a shopfront opening,refurbishment/fit-out,commercial,demolition/strip-out,Brick thickness measured at the reveal would show a solid wall rather than a veneer.,Confirm wall thickness and lintel type before the opening is tendered.,cost; programme; safety,AS 3700
C-0014,Existing structure,"Ceiling linings come down to show that a previous renovation has already cut the rafter ties, and the roof is spreading.",latent condition,Structure,Building envelope,rafter tie,replacing a ceiling under an existing roof,remediation/repair,residential,demolition/strip-out,A roof-space inspection would show the missing ties and the spread at the eaves.,Inspect the roof space before any ceiling or load is added.,cost; programme; safety,AS 1684
C-0015,Existing structure,A new lift overrun cuts the roof truss bottom chord that is still tying the existing portal frame.,design or coordination error,Structure,Vertical transport,truss bottom chord,forming a lift overrun in an existing roof,replacement/upgrade of an existing system,commercial; industrial,design,The truss drawing read against the overrun setout would show the chord in the opening.,Coordinate the overrun with the truss engineer before tender.,cost; programme; safety,AS 4100
C-0016,Existing structure,Core drilling a rainwater downpipe through a post-tensioned podium hits a live tendon near its anchorage.,latent condition,Structure,Hydraulic services,tendon anchorage,coring a podium slab,refurbishment/fit-out,commercial,construction,The anchorage zone is shown on post-tension drawings and is the worst place to core.,Keep new drains out of anchorage zones identified on the shop drawings.,cost; programme; safety,AS 3600
C-0017,Existing structure,Existing slab deflection has already cracked the blockwork the fit-out intended to keep as an intertenancy wall.,latent condition,Structure,Passive fire protection,cracked blockwork wall,retaining an existing wall as a separation,refurbishment/fit-out,commercial; residential,design,A crack survey would show movement the new rating cannot rely on.,Survey cracks and decide which walls can be retained before tender.,cost; programme; compliance,AS 3700
C-0018,Existing structure,A column to be strengthened with plates is out of plumb by more than the plate detail can pack.,latent condition,Structure,Interiors and finishes,steel strengthening plate,plating an existing column,remediation/repair,commercial,construction,A plumb survey of the column would show the gap the plates cannot close.,Survey the column line before the strengthening plates are fabricated.,cost; programme; quality,AS 4100
C-0019,Existing structure,"Precast flooring units span the opposite way to the 1990s drawings, so the proposed penetration cuts the span.",latent condition,Structure,Mechanical services,precast floor unit,cutting a penetration in an existing floor,refurbishment/fit-out,commercial,construction,The unit edges visible at a ceiling opening would show the real span direction.,Confirm span direction on site before penetrations are tendered.,cost; programme; safety,AS 3600
C-0020,Existing structure,An existing car-park slab designed for cars is asked to carry a compactus room in the new fit-out.,design or coordination error,Structure,Interiors and finishes,car-park slab,placing compactus storage on an existing slab,refurbishment/fit-out,commercial; institution,design,The original live-load note compared with the compactus load would show the overload.,Check the existing slab load against the storage load before tender.,cost; programme; safety,AS 1170
C-0021,Existing structure,"Crack monitoring shows an existing transfer wall is still moving, so a new storey cannot land on it.",latent condition,Structure,Substructure,transfer wall,adding load above an existing transfer,extension,commercial,design,Tell-tales or a monitoring report would show the crack is live.,Monitor the crack before the added storey is tendered.,cost; programme; safety,AS 3600
C-0022,Existing structure,Hold-down bolts for a new rooftop plant frame clash with post-tension anchorages already cast in the roof slab.,latent condition,Structure,Mechanical services,post-tension anchorage,fixing a plant frame to an existing roof,replacement/upgrade of an existing system,commercial,construction,Post-tension drawings would show anchorages inside the proposed bolt group.,Set the frame out clear of anchorages before fabrication.,cost; programme; safety,AS 3600
C-0023,Existing structure,"A masonry pier that looked bonded to the party wall is only toothed, and it cannot be treated as a support.",latent condition,Structure,Interiors and finishes,party-wall pier,relying on an existing pier,refurbishment/fit-out,residential,demolition/strip-out,A small opening at the junction would show the pier is not bonded.,Prove the connection before the pier is used as a support.,cost; safety,AS 3700
C-0024,Existing structure,"Cavity ties in a 1970s veneer have corroded, so the outer leaf the reclad design kept is no longer tied to the inner leaf.",latent condition,Structure,Building envelope,cavity tie,retaining an existing brick veneer,remediation/repair,residential; commercial,demolition/strip-out,A borescope of the cavity would show failed ties.,Inspect ties before a retention scheme is tendered.,cost; programme; safety,AS 3700
C-0025,Existing structure,A new opening in a shear wall leaves a pier narrower than the temporary-works design allowed during construction.,design or coordination error,Structure,Access and egress,shear-wall pier,cutting a door in a shear wall,refurbishment/fit-out,commercial,construction,The temporary-works sketch would show the pier left is too slender.,Agree the temporary pier size with the structural engineer before demolition.,cost; programme; safety,AS 3600
C-0026,Existing structure,"The existing ground slab has no vapour barrier, and the new vinyl specification needs a dryness the moisture test does not achieve.",latent condition,Structure,Interiors and finishes,slab vapour barrier,laying vinyl on an existing slab,refurbishment/fit-out,commercial; institution,testing/commissioning,A moisture test would show the slab is too wet for the adhesive.,Moisture-test the slab before the floor finish is specified.,cost; programme; quality,AS 1884
C-0027,Existing structure,Settlement between an old wing and a 1990s extension has closed the movement joint the new floor finish was going to bridge.,latent condition,Structure,Interiors and finishes,movement joint,bridging a joint with a new finish,refurbishment/fit-out,commercial,design,A level survey across the joint would show it has already closed.,Survey the joint and detail the finish to suit the movement that is left.,cost; quality,general knowledge
C-0028,Existing structure,An existing steel beam nominated for a new hoist is a different depth from the fabrication drawing in the building manual.,latent condition,Structure,Mechanical services,hoist beam,hanging a hoist from an existing beam,replacement/upgrade of an existing system,industrial,construction,A tape of the beam depth would show it is not the section on the drawing.,Measure the beam before the hoist connection is designed.,cost; programme; safety,AS 4100
C-0029,Existing structure,Drilling chemical anchors finds a void in a waffle-slab rib the survey treated as solid concrete.,latent condition,Structure,Mechanical services,waffle-slab rib,anchoring into an existing rib,refurbishment/fit-out,commercial,construction,The waffle layout on the original drawing would show ribs and voids.,Read the waffle drawing before anchor positions are set.,cost; programme,AS 3600
C-0030,Existing structure,Welding a new cleat is blocked by intumescent paint that cannot be reinstated to the same rating on the reduced section.,design or coordination error,Structure,Passive fire protection,intumescent coating,welding to existing fire-protected steel,replacement/upgrade of an existing system,commercial; industrial,construction,The fire-protection specification would show the member is coated and the coat is part of the rating.,Detail connections that do not destroy a coating that cannot be matched.,cost; programme; compliance,NCC
C-0031,Existing structure,A new awning is fixed to a spandrel beam the original design treated as non-structural trim.,latent condition,Structure,Building envelope,spandrel beam,fixing an awning to an existing facade,extension,commercial,design,The original structural set would show the spandrel is not a loadbearing member.,Confirm the member's role before the awning load is attached.,cost; safety,AS 4100
C-0032,Existing structure,A chase cut in a precast wall panel for a new service finds prestressing strand closer to the face than the cover assumed.,latent condition,Structure,Electrical services,prestressing strand,chasing a precast panel,refurbishment/fit-out,commercial,construction,The panel shop drawing would show strand positions and cover.,Obtain the panel drawings before any chase is specified.,cost; programme; safety,AS 3600
C-0033,Existing structure,The existing floor steps at a construction joint by more than a topping can correct without exceeding the slab's spare capacity.,latent condition,Structure,Interiors and finishes,floor topping,levelling an existing floor,refurbishment/fit-out,commercial; institution,design,A level survey would show the step and the topping weight it implies.,Survey levels and check topping load before the finish is tendered.,cost; programme,AS 1170
C-0034,Existing structure,A retained party wall has no footing of its own once the neighbour's slab on this side is cut back for the extension.,latent condition,Structure,Substructure,party wall footing,cutting back a slab beside a party wall,extension,residential,demolition/strip-out,A trial pit at the wall would show whether a footing exists.,Dig a trial pit before the slab is cut.,cost; programme; safety,general knowledge
C-0035,Existing structure,The existing basement wall moves when dewatering for the adjoining extension is switched on.,latent condition,Substructure,neighbour,basement wall,dewatering beside an existing basement,extension,commercial,excavation,A dilapidation survey and piezometers would show the wall is sensitive to groundwater.,Monitor the wall and agree drawdown limits before dewatering starts.,cost; programme; safety,AS 1726
C-0036,Existing structure,"The existing steel connection uses rivets, and the new strengthening detail assumed bolts could reuse the same holes.",latent condition,Structure,Structure,riveted connection,strengthening an existing steel connection,remediation/repair,industrial; commercial,construction,A close inspection would show rivets rather than bolts.,Confirm the fastener type before the strengthening is detailed.,cost; programme,AS 4100
C-0037,Existing structure,"A new condenser zone sits on the roof sheet span rather than on the purlins, and the sheeting cannot carry the point load.",design or coordination error,Structure,Mechanical services,roof sheeting,placing condensers on an existing roof,replacement/upgrade of an existing system,commercial,design,The purlin setout against the plant feet would show the feet miss the purlins.,Land plant feet on purlins or add framing before tender.,cost; safety,AS 4100
C-0038,Existing structure,Joists in a school building have been notched for old heating pipes until the remaining section no longer works.,latent condition,Structure,Mechanical services,notched timber joist,reusing an existing timber floor,refurbishment/fit-out,institution,demolition/strip-out,Lifting floorboards would show the notches.,Inspect joists before the floor is relied on for a new use.,cost; programme; safety,AS 1684
C-0039,Existing structure,"An infill slab from a past renovation has no visible connection to the surrounding beams, so it cannot act as a diaphragm.",latent condition,Structure,Structure,infill slab,relying on an old infill as diaphragm,refurbishment/fit-out,commercial,demolition/strip-out,Breaking out a small edge would show whether the infill is connected.,Prove the connection before the slab is used for lateral load.,cost; safety,AS 3600
C-0040,Existing structure,Balustrade posts cast into the slab edge cannot be removed without breaking reinforcement the waterproofing repair needs to keep.,latent condition,Structure,Building envelope,balustrade post,repairing a balcony membrane,remediation/repair,residential,demolition/strip-out,The post embedment is obvious once tiles are lifted at one post.,Agree which posts stay before the membrane repair is tendered.,cost; programme; quality,AS 4654
C-0041,Existing structure,A proposed rigging point in a civic hall lands on a prestressed beam that cannot be drilled.,latent condition,Structure,Interiors and finishes,prestressed beam,fixing a rigging point,refurbishment/fit-out,institution,design,The structural drawings would show prestress in that beam.,Keep fixings out of prestressed members identified on the drawings.,cost; safety,AS 3600
C-0042,Existing structure,The existing crane runway is out of level beyond the tolerance of the replacement crane.,latent condition,Structure,Mechanical services,crane runway,replacing an overhead crane,replacement/upgrade of an existing system,industrial,testing/commissioning,A runway survey would show gauge and level outside the crane tolerance.,Survey the runway before the crane is ordered.,cost; programme; quality,general knowledge
C-0043,Existing structure,Cover to a car-park soffit is too low for the carbonation-repair coating to build to the specified thickness on the high spots.,latent condition,Structure,Interiors and finishes,concrete cover,coating a car-park soffit,remediation/repair,commercial,construction,A cover survey would show the high spots the coating cannot fill.,Survey cover and agree a repair system that suits it before tender.,cost; quality,AS 3600
C-0044,Existing structure,A services hanger is fixed into the thin flange of a precast tee whose load chart does not allow that fixing.,design or coordination error,Structure,Mechanical services,precast tee flange,hanging services from a precast tee,refurbishment/fit-out,commercial,construction,"The manufacturer's chart, once found, limits fixings in the flange.",Obtain the tee data before hanger positions are set.,cost; safety,general knowledge
C-0045,Existing structure,A new intertenancy wall detail crosses a slab movement joint as if the slab were continuous.,design or coordination error,Structure,Passive fire protection,slab movement joint,building a wall across a joint,refurbishment/fit-out,residential; commercial,design,The joint is on the structural set and is crossed by the wall type.,Break the wall at every structural joint before the detail is issued.,cost; quality; compliance,NCC
C-0046,Existing structure,Scanning shows a service tunnel cast in the slab on the line of a new blade wall.,latent condition,Structure,Hydraulic services,slab service tunnel,standing a wall on an existing slab,refurbishment/fit-out,commercial,construction,A scan or the original services drawing would show the tunnel.,Scan the wall line before the wall is documented.,cost; programme,general knowledge
C-0047,Existing structure,A past overlay of concrete tiles is already using the reserve a solar array was going to take on a roof designed for sheet.,latent condition,Structure,Electrical services,roof structure,adding a solar array,replacement/upgrade of an existing system,residential; commercial,design,The original roof design load compared with the tiles-plus-array load would show the overload.,Weigh the existing roof build-up before the array is specified.,cost; safety,AS 1170
C-0048,Existing structure,"An existing cantilevered concrete hood has sagged, and the new glazed screen cannot be set square to it.",latent condition,Structure,Building envelope,concrete hood,fixing a screen to an existing hood,refurbishment/fit-out,commercial,construction,A straight-edge survey would show the sag.,Survey the hood before the screen is fabricated.,cost; quality,general knowledge
C-0049,Existing structure,Grit-blasting an existing portal knee for recoating shows a lack of fusion the strengthening design had treated as a sound weld.,latent condition,Structure,Structure,portal knee weld,recoating existing steel,remediation/repair,industrial,construction,The defect is hidden until the coating is removed.,"Allow for weld inspection after blasting, before strengthening is fabricated.",cost; programme; safety,AS 4100
C-0050,Existing structure,A new opening beside an existing lift shaft leaves a nib too narrow for the reinforcement the fire-rated wall needs.,design or coordination error,Structure,Passive fire protection,shaft nib,forming an opening beside a lift shaft,refurbishment/fit-out,commercial,design,The nib dimension on the drawing is less than the rated-wall build-up.,Check the nib against the wall system before tender.,cost; compliance,NCC
C-0051,Existing structure,"Existing ground beams sit higher than the new in-ground drains, so the drains cannot pass without a penetration the beams were not designed for.",latent condition,Substructure,Hydraulic services,ground beam,laying new drains through an existing ground floor,extension,commercial; institution,excavation,A footing survey against the drain long section would show the clash.,Survey footing depths before the drainage design is frozen.,cost; programme,AS 3500
C-0052,Existing structure,Core logs from a previous tenant fit-out show the slab is already holed on the only path left for the new hydraulic riser.,latent condition,Structure,Hydraulic services,existing slab penetration,routing a new riser,refurbishment/fit-out,commercial,design,"The previous penetration drawings, if recovered, would show the holes.",Collect old fit-out drawings and scan the riser path before tender.,cost; programme,general knowledge
C-0053,Existing structure,"The brick parapet is poorly tied to the roof slab, which shows only when the coping is removed for recladding.",latent condition,Structure,Building envelope,parapet tie,removing a coping,remediation/repair,commercial,demolition/strip-out,"A trial opening at the coping would show the tie, or the lack of one.",Open a sample of parapet before the reclad is tendered.,cost; programme; safety,AS 3700
C-0054,Existing structure,A retained timber post in a warehouse has its bearing end buried in a damp masonry pocket and is decayed.,latent condition,Structure,Substructure,timber post end,retaining an existing post,refurbishment/fit-out,industrial,demolition/strip-out,Probing the pocket would show decay.,Expose post ends before they are relied on.,cost; safety,AS 1720
C-0055,Existing structure,Laboratory equipment loads land between the ribs of an existing ribbed slab.,design or coordination error,Structure,Interiors and finishes,ribbed slab,placing equipment on an existing floor,refurbishment/fit-out,institution,design,The rib spacing against the equipment feet would show the feet miss the ribs.,Align equipment with ribs or design a spreader before tender.,cost; safety,AS 3600
C-0056,Existing structure,"An existing folding-partition track is fixed to a beam that deflects more than the track can tolerate, and the brief assumed the track could be reused.",latent condition,Structure,Interiors and finishes,folding-partition track,reusing a partition track,refurbishment/fit-out,institution,testing/commissioning,A deflection check of the beam under the new loads would show the track will rack.,Check beam deflection against the track tolerance before reuse is promised.,cost; quality,general knowledge
C-0057,Existing structure,The existing stair flight is built into a brick wall that the strip-out schedule demolishes.,latent condition,Structure,Access and egress,stair string,demolishing a wall beside a retained stair,refurbishment/fit-out,residential; commercial,demolition/strip-out,"The stair-to-wall junction, once the lining is off, shows the stair depends on the wall.",Confirm how the stair is supported before the wall is scheduled for removal.,cost; programme; safety,general knowledge
C-0058,Existing structure,Chemical anchors for seismic restraint of new plant do not have the edge distance the existing slab edge can give.,design or coordination error,Structure,Mechanical services,chemical anchor,restraining plant on an existing slab,replacement/upgrade of an existing system,commercial; institution,design,The anchor data sheet against the slab-edge setout would show the shortfall.,Check edge distance before the restraint is specified.,cost; safety,AS 1170
C-0059,Existing structure,Chasing a new floor waste finds a heating coil buried in the existing topping.,latent condition,Hydraulic services,Mechanical services,floor-heating coil,chasing a floor waste,refurbishment/fit-out,residential; commercial,construction,A thermal scan or the old heating drawing would show the coil.,Locate heating coils before floor wastes are set out.,cost; programme,general knowledge
C-0060,Existing structure,A past strengthening plate occupies the face the new services bracket was detailed to weld to.,latent condition,Structure,Mechanical services,strengthening plate,welding a bracket to an existing beam,refurbishment/fit-out,commercial,construction,A site photo of the beam face would show the plate.,Inspect the beam face before the bracket is detailed.,cost; programme,AS 4100
C-0061,Existing structure,The building's lateral system depends on a masonry wall the fit-out now wants to penetrate for a hose-reel cupboard.,design or coordination error,Structure,Active fire protection,masonry shear wall,cutting a cupboard into a bracing wall,refurbishment/fit-out,commercial,design,The bracing drawing would show the wall is structural.,Keep cupboards out of bracing walls identified on the structural set.,cost; safety; compliance,NCC
C-0062,Existing structure,Floor levels in two buildings being linked differ by more than a ramp can resolve inside the link the planning envelope allows.,latent condition,Structure,Access and egress,link ramp,linking two existing buildings,extension,commercial; institution,design,A level survey of both floors would show the difference.,Survey both buildings to the same datum before the link is designed.,cost; programme; compliance,AS 1428
C-0063,Existing structure,"The seat of a precast facade panel has spalled, so the panel the reclad intended to retain no longer has its design bearing.",latent condition,Structure,Building envelope,panel bearing seat,retaining precast panels,remediation/repair,commercial,demolition/strip-out,A close survey of the seat would show the spall.,Inspect seats before panels are nominated for retention.,cost; programme; safety,AS 3600
C-0064,Existing structure,A new dormer cuts a hip rafter the remaining roof geometry still needs.,design or coordination error,Structure,Building envelope,hip rafter,cutting a dormer into an existing roof,extension,residential,construction,The roof framing plan would show the hip in the dormer opening.,"Frame the dormer around the hip, or replace the hip, before tender.",cost; programme; safety,AS 1684
C-0065,Facades and balconies,The balcony membrane turns up short of the door sill once the new tiles and bed are allowed for.,latent condition,Building envelope,Hydraulic services,balcony membrane upturn,retiling a balcony,remediation/repair,residential,demolition/strip-out,Lifting one tile at the door would show the upturn height against the sill.,Expose the upturn at sills and posts before the repair scope is tendered.,cost; quality,AS 4654
C-0066,Facades and balconies,A combustible cladding panel is identified on a mid-rise facade the reclad brief had described as solid aluminium.,latent condition,Building envelope,Passive fire protection,aluminium composite panel,recladding an existing facade,remediation/repair,residential; commercial,design,A core sample of the panel would show a combustible core.,Sample the cladding before the reclad specification is written.,cost; programme; compliance; safety,NCC
C-0067,Facades and balconies,The existing curtain wall stack joint has closed because the slab has deflected more than the joint was sized for.,latent condition,Building envelope,Structure,stack joint,retaining an existing curtain wall,remediation/repair,commercial,design,A joint-width survey floor by floor would show joints already closed.,Measure stack joints before any glass or seal replacement is tendered.,cost; quality,AS 2047
C-0068,Facades and balconies,Window openings in a 1970s school are outside the adjustment range of the replacement frames.,latent condition,Building envelope,Structure,window opening,replacing windows,replacement/upgrade of an existing system,institution,construction,A survey of opening sizes would show the variation.,Survey every opening before frames are ordered.,cost; programme; quality,AS 2047
C-0069,Facades and balconies,"The existing brick ties are too short for the cavity the new rainscreen needs, and the veneer cannot be kept.",latent condition,Building envelope,Structure,cavity width,installing a rainscreen over existing veneer,replacement/upgrade of an existing system,commercial,design,A cavity measurement would show the depth available.,Measure the cavity before the rainscreen build-up is specified.,cost; programme,general knowledge
C-0070,Facades and balconies,"Sealant specified for the stone facade is incompatible with the existing impregnator, and the trial bead will not bond.",design or coordination error,Building envelope,Interiors and finishes,facade sealant,resealing a stone facade,remediation/repair,commercial,testing/commissioning,A bond test on the actual stone would fail.,Bond-test the sealant on the existing stone before it is specified.,cost; quality,general knowledge
C-0071,Facades and balconies,"The slab edge is not on the facade grid, so the replacement curtain-wall brackets miss the designed anchor line.",latent condition,Building envelope,Structure,slab edge,replacing a curtain wall,replacement/upgrade of an existing system,commercial,construction,A facade survey against the slab edge would show the offset.,Survey the slab edge before brackets are fabricated.,cost; programme,general knowledge
C-0072,Facades and balconies,"Weep holes in the existing veneer were rendered over during a previous paint cycle, and the cavity cannot drain.",workmanship defect,Building envelope,Interiors and finishes,weep hole,repainting a brick facade,remediation/repair,residential; commercial,handover/defects,A visual check at the base course would show the weeps are closed.,Confirm weeps are open before the facade is recoated.,quality; compliance,general knowledge
C-0073,Facades and balconies,A new balcony door threshold ends up below the external tiling once the falls are rebuilt to the waste.,design or coordination error,Building envelope,Hydraulic services,door threshold,rebuilding balcony falls,remediation/repair,residential,construction,A section through the tile build-up would show the threshold is too low.,"Set the threshold from the finished tile falls, not the slab.",cost; quality,AS 4654
C-0074,Facades and balconies,Balustrade base plates are bolted through the new membrane because the sleeve was left off the detail.,design or coordination error,Building envelope,Structure,balustrade base plate,fixing balustrades after waterproofing,remediation/repair,residential; commercial,construction,The detail would show a bolt through the membrane with no sleeve.,Detail a post sleeve or a side-fixed plate before tender.,cost; quality,AS 4654
C-0075,Facades and balconies,The glass channel of a new balustrade holds water against the slab edge the membrane is trying to protect.,design or coordination error,Building envelope,Structure,balustrade channel,installing a glass channel on a balcony edge,replacement/upgrade of an existing system,residential,handover/defects,"The channel section has no drain, which a review of the shop drawing would show.",Require the channel to drain before it is approved.,quality; cost,AS 4654
C-0076,Facades and balconies,"Parapet capping falls back toward the roof, and the membrane termination cannot accept that water.",workmanship defect,Building envelope,Hydraulic services,parapet capping,replacing parapet cappings,remediation/repair,commercial,handover/defects,A level on the capping would show the fall is inward where the detail wanted it outward.,Check capping falls before the membrane is terminated.,quality,AS 4654
C-0077,Facades and balconies,The existing wall is out of plumb beyond the adjustment of the new rainscreen brackets.,latent condition,Building envelope,Structure,rainscreen bracket,recladding an out-of-plumb wall,replacement/upgrade of an existing system,commercial; institution,construction,A plumb survey would show the wall is outside the bracket range.,Survey plumb before the bracket system is chosen.,cost; programme,general knowledge
C-0078,Facades and balconies,"Head flashings on replacement windows stop short of the jambs, so water tracks into the reveal.",workmanship defect,Building envelope,Interiors and finishes,head flashing,installing replacement windows,replacement/upgrade of an existing system,residential; institution,handover/defects,The flashing cut length against the opening width would show it is short.,Inspect flashings before linings close the reveal.,quality,AS 2047
C-0079,Facades and balconies,The sub-sill tray is flat and holds water under the replacement window.,workmanship defect,Building envelope,Structure,sub-sill,installing replacement windows,replacement/upgrade of an existing system,residential,handover/defects,A level on the tray would show no fall to the outside.,Require a fall on the tray in the window detail.,quality,AS 2047
C-0080,Facades and balconies,A fire cavity barrier closes the drainage path the new cladding system needs.,design or coordination error,Building envelope,Passive fire protection,cavity barrier,installing cladding with cavity barriers,new build; refurbishment/fit-out,residential; commercial,design,The barrier detail blocks the cavity with no drained path.,Detail the barrier so the cavity can still drain.,compliance; quality,NCC
C-0081,Facades and balconies,Coastal exposure is harsher than the powder-coat warranty on the replacement louvres will accept.,"process, authority, supply or weather",Building envelope,weather,powder coat,specifying louvres on a coastal site,replacement/upgrade of an existing system,residential; commercial,design,The site's distance to salt water against the warranty would show the exclusion.,Match the coating to the actual exposure before the louvres are specified.,cost; quality,AS 2312
C-0082,Facades and balconies,"Existing sarking under tiles being kept is torn at the eaves, and the new gutter relies on it to discharge.",latent condition,Building envelope,Hydraulic services,sarking,replacing gutters under existing tiles,remediation/repair,residential,demolition/strip-out,Lifting tiles at the eaves would show the torn sarking.,Inspect sarking before the gutter scope is frozen.,cost; quality,SA HB 39
C-0083,Facades and balconies,Batten gauge on the existing roof does not suit the replacement tile the supplier has delivered.,"process, authority, supply or weather",Building envelope,Structure,roof batten,replacing roof tiles,replacement/upgrade of an existing system,residential,construction,The tile manufacturer's gauge against the existing batten spacing would not match.,Confirm the tile gauge before battens are reused.,cost; programme,general knowledge
C-0084,Facades and balconies,"A dormer cheek meets the existing tiles with no soaker, and the junction is only butted.",workmanship defect,Building envelope,Structure,dormer flashing,tying a dormer into an existing tiled roof,extension,residential,handover/defects,"The junction detail, if drawn, would require a soaker that is missing on site.",Detail the roof-to-wall flashing before the dormer is tendered.,quality; cost,SA HB 39
C-0085,Facades and balconies,Aluminium flashing in contact with the existing copper valley is corroding at the junction.,design or coordination error,Building envelope,Building envelope,dissimilar-metal flashing,joining new flashing to existing metal,remediation/repair,residential; commercial,handover/defects,A materials schedule would show the two metals touching.,Separate dissimilar metals in the flashing detail.,quality; cost,general knowledge
C-0086,Facades and balconies,The long roof sheet's expansion exceeds the clip movement on a north-facing industrial roof.,design or coordination error,Building envelope,Structure,roof clip,installing long roof sheets,replacement/upgrade of an existing system,industrial,handover/defects,The sheet length against the clip data would show the movement is too large.,Check thermal movement for the actual sheet length before the clip is chosen.,quality,SA HB 39
C-0087,Facades and balconies,Render over the existing lightweight sheet cracks along every sheet joint the specification did not reinforce.,workmanship defect,Building envelope,Interiors and finishes,render joint,rendering over existing sheet,remediation/repair,commercial,handover/defects,The sheet joints are visible before render and need a joint treatment.,Specify joint reinforcement before render is tendered.,quality,general knowledge
C-0088,Facades and balconies,The new facade coating delaminates because it was applied over a chalking existing coating.,workmanship defect,Building envelope,Interiors and finishes,facade coating,recoating an existing facade,remediation/repair,commercial; institution,handover/defects,A chalk test or adhesion trial would fail on the existing film.,Adhesion-test the new coating on the existing surface before specification.,cost; quality,general knowledge
C-0089,Facades and balconies,The sealant joint on the existing precast is too narrow for the movement the joint has to take.,latent condition,Building envelope,Structure,sealant joint,resealing precast joints,remediation/repair,commercial,design,Measuring the joint width against the sealant's movement class would show it is too narrow.,Measure joints and select a sealant that fits them.,quality,general knowledge
C-0090,Facades and balconies,"Spandrel insulation stops short of the slab, so the fire and thermal line breaks at the existing slab edge.",workmanship defect,Building envelope,Passive fire protection,spandrel insulation,recladding a spandrel,remediation/repair,commercial,construction,The slab-edge dimension against the insulation thickness would show the gap.,Detail the insulation to meet the slab before installation.,compliance; quality,NCC
C-0091,Facades and balconies,Curtain-wall weeps are blocked by fire-stopping installed hard against the transom.,workmanship defect,Building envelope,Passive fire protection,curtain-wall weep,fire-stopping a curtain wall,new build; refurbishment/fit-out,commercial,testing/commissioning,The fire-stop detail overlapping the weep would show the blockage.,Keep fire-stopping clear of the frame's drainage path.,quality; compliance,general knowledge
C-0092,Facades and balconies,A new opening in the veneer has no lintel bearing because the existing pier was narrower than drawn.,latent condition,Building envelope,Structure,veneer lintel,cutting a new window,extension,residential,construction,Measuring the pier would show the bearing is short.,Measure piers before lintels are ordered.,cost; safety,AS 3700
C-0093,Facades and balconies,A green-roof build-up on an existing podium exceeds both the slab load and the membrane's trafficable rating.,design or coordination error,Building envelope,Structure,green roof,converting a podium to a green roof,refurbishment/fit-out,commercial,design,Saturated weight against the slab capacity and the membrane data would show both limits are exceeded.,Check saturated weight and the membrane system before the green roof is specified.,cost; safety; quality,AS 4654
C-0094,Facades and balconies,"The planter membrane finishes below the soil, so the upturn cannot be inspected or maintained.",design or coordination error,Building envelope,Interiors and finishes,planter membrane,building a planter on a podium,new build; refurbishment/fit-out,commercial; residential,design,The section shows the membrane ending in the soil.,Terminate the membrane above soil level.,quality; cost,AS 4654
C-0095,Facades and balconies,An acoustic requirement deepens the facade zone until it hits the existing slab edge.,design or coordination error,Building envelope,Structure,facade build-up,upgrading facade acoustics,refurbishment/fit-out,commercial; institution,design,The acoustic build-up depth against the slab-edge dimension would clash.,Agree the facade zone with structure before the acoustic build-up is specified.,cost; compliance,AS/NZS 2107
C-0096,Facades and balconies,Safety glass was not supplied to a low-level pane in a school corridor that requires it.,workmanship defect,Building envelope,Access and egress,safety glazing,replacing glazing,replacement/upgrade of an existing system,institution,handover/defects,"The glass marking, or the lack of it, would show ordinary glass in a safety zone.",Specify the grade and check the marking before installation.,safety; compliance,AS 1288
C-0097,Facades and balconies,An existing skylight well is unlined and drips condensation into a classroom once the roof space is cooled by new insulation.,latent condition,Building envelope,Mechanical services,skylight well,insulating a roof around an existing skylight,replacement/upgrade of an existing system,institution,handover/defects,The unlined well is visible from the roof space.,Line and insulate the well as part of the roof upgrade.,quality,ABCB Condensation in Buildings handbook
C-0098,Facades and balconies,Double-glazed units in a 1990s hospital facade have failed seals and the cavities are fogged.,latent condition,Building envelope,Mechanical services,insulating glass unit,replacing failed glazing,replacement/upgrade of an existing system,institution,design,A visual survey would show the fogged units.,Survey the facade and allow for unit replacement before tender.,cost; quality,AS 2047
C-0099,Facades and balconies,The window stay clashes with the new reveal lining in a heritage sash replacement.,design or coordination error,Building envelope,Interiors and finishes,window stay,lining a window reveal,refurbishment/fit-out,residential; institution,construction,The stay's arc against the reveal depth would clash.,Coordinate hardware and reveal depth before linings are fixed.,cost; quality,general knowledge
C-0100,Facades and balconies,"Leaf build-up blocks a box gutter that has no overflow, and water enters the ceiling of the top-floor ward.",latent condition,Building envelope,Hydraulic services,box gutter overflow,maintaining an existing box gutter,remediation/repair,institution,handover/defects,"The gutter detail has no overflow, which a roof inspection would confirm.",Add an overflow that discharges outside before the next wet season.,cost; quality; safety,AS 3500
C-0101,Facades and balconies,A box-gutter sump is not at the low point once the gutter deflects under a maintenance load.,latent condition,Building envelope,Structure,box-gutter sump,relining an existing box gutter,remediation/repair,commercial,testing/commissioning,A water test would show the sump is not at the low point.,Water-test the gutter before linings below are closed.,quality; cost,AS 3500
C-0102,Facades and balconies,Upper roof run-off from an existing copper roof lands on a new aluminium awning and stains it.,design or coordination error,Building envelope,Building envelope,roof discharge,adding an awning under an existing roof,extension,commercial,handover/defects,"The roof material above the awning is copper, which the awning specification did not address.","Keep copper run-off off aluminium, or separate the surfaces.",quality,general knowledge
C-0103,Facades and balconies,The existing single-skin masonry wall cannot provide the cavity the new cladding system requires.,latent condition,Building envelope,Structure,cladding cavity,recladding a solid wall,replacement/upgrade of an existing system,commercial; industrial,design,The wall thickness survey would show there is no cavity.,Choose a system that suits a solid wall before tender.,cost; programme,general knowledge
C-0104,Facades and balconies,Photovoltaic feet are a penetration pattern the existing membrane warranty will not accept.,"process, authority, supply or weather",Building envelope,Electrical services,membrane penetration,mounting photovoltaic frames on an existing roof,replacement/upgrade of an existing system,commercial; industrial,design,"The membrane warranty lists acceptable penetration details, and the frame is not among them.",Agree the foot detail with the membrane manufacturer before the array is designed.,cost; quality,AS 4654
C-0105,Facades and balconies,A roof anchor layout cuts the laps of the new membrane.,design or coordination error,Building envelope,Access and egress,roof anchor,installing safety anchors on a new membrane,new build; remediation/repair,commercial,construction,The anchor grid over the lap plan would show anchors on laps.,Set anchors off laps before either trade starts.,quality; safety,AS 4654
C-0106,Facades and balconies,An exhaust curb sits on the low side of an existing roof and dams the falls to the outlet.,design or coordination error,Building envelope,Mechanical services,roof curb,cutting a new exhaust through an existing roof,replacement/upgrade of an existing system,commercial; industrial,construction,The roof falls drawing would show the curb on the low side.,Place curbs so they do not block falls.,quality; cost,AS 3500
C-0107,Facades and balconies,The existing box gutter is cast into the structure and cannot be deepened to take the added roof catchment.,latent condition,Building envelope,Structure,box gutter,adding roof area to an existing gutter,extension,commercial,design,The gutter section against the new catchment would show it is too small and cannot be deepened.,Resize the catchment or add an outlet before the extension is tendered.,cost; compliance,AS 3500
C-0108,Facades and balconies,A sealed overflow from a box gutter now discharges into the ceiling because the external outlet was built over.,latent condition,Building envelope,Interiors and finishes,gutter overflow,building over an existing overflow,extension,commercial; residential,handover/defects,The old overflow location is on the roof plan and is covered by the new work.,Trace overflows before new work covers them.,quality; cost,AS 3500
C-0109,Facades and balconies,Tile underlay stops short of the new gutter and wind-driven rain enters the eaves.,workmanship defect,Building envelope,Hydraulic services,tile underlay,retiled roof to a new gutter,replacement/upgrade of an existing system,residential,handover/defects,"The underlay should discharge into the gutter, which a lift of the bottom course would show it does not.",Inspect the underlay-to-gutter junction before scaffolding comes down.,quality,SA HB 39
C-0110,Facades and balconies,A ridge vent sits on the weather face rather than in the dry zone under the ridge tile.,workmanship defect,Building envelope,Mechanical services,ridge vent,installing roof ventilation,replacement/upgrade of an existing system,residential,handover/defects,The vent position relative to the ridge cover would show it is exposed.,Place the vent in the dry zone under the ridge.,quality,general knowledge
C-0111,Facades and balconies,Mixed polycarbonate and metal sheets on a warehouse roof expand differently and tear the shared fasteners.,design or coordination error,Building envelope,Structure,roof fastener,replacing part of a roof with a different sheet,replacement/upgrade of an existing system,industrial,handover/defects,The two products' movement data would not match a shared fixing.,Separate the sheets or use a fixing that allows both movements.,quality; cost,SA HB 39
C-0112,Facades and balconies,Oil-canning on a low-pitch architectural roof is unacceptable at the purlin spacing already built.,latent condition,Building envelope,Structure,roof sheet,overlaying an architectural metal roof,replacement/upgrade of an existing system,commercial,construction,The sheet span tables against the existing purlin spacing would show the span is too wide for the flatness wanted.,Check span and gauge before the sheet is ordered.,quality; cost,SA HB 39
C-0113,Facades and balconies,Davit bases for facade access clash with the pads of the replacement cooling towers.,design or coordination error,Building envelope,Mechanical services,davit base,replacing roof plant,replacement/upgrade of an existing system,commercial,design,Both layouts claim the same roof zone.,Coordinate davits and plant before either is tendered.,cost; safety,AS 1657
C-0114,Facades and balconies,"The fascia was reset before the new pavement levels, and the gutter can no longer reach its outlet above the drain.",design or coordination error,Building envelope,Site and external works,eaves gutter,resetting a fascia during an extension,extension,residential,construction,The gutter invert against the pavement level would show the outlet is trapped.,Set the gutter from the finished site levels.,cost; quality,AS 3500
C-0115,Facades and balconies,"Existing metal roof fixings have lost their seals, and a like-for-like replacement screw is no longer sold for that sheet.","process, authority, supply or weather",Building envelope,weather,roof screw,replacing roof fixings,remediation/repair,industrial; commercial,construction,The sheet profile does not match current screw washers.,Identify the sheet profile and a compatible fixing before the repair is tendered.,cost; quality,SA HB 39
C-0116,Facades and balconies,A heritage render sample does not match the existing facade once it is viewed in the street light rather than the workshop.,design or coordination error,Building envelope,occupant,facade render,patching heritage render,remediation/repair,institution; commercial,handover/defects,A sample panel on the building would show the mismatch the workshop sample hid.,Approve samples on the building before the repair proceeds.,quality; programme,general knowledge
C-0117,Wet areas,The floor-waste flange in an existing bathroom will not accept the lap of the replacement membrane.,latent condition,Hydraulic services,Interiors and finishes,floor-waste flange,replacing a bathroom membrane,remediation/repair,residential,demolition/strip-out,"The flange type, once tiles are lifted, does not match the membrane's approved termination.",Expose the flange and match the membrane system to it before tender.,cost; quality,AS 3740
C-0118,Wet areas,"A 1970s bathroom slab was cast without a set-down, so the new membrane has nowhere to form falls to the waste.",latent condition,Structure,Hydraulic services,bathroom set-down,refitting an existing bathroom,refurbishment/fit-out,residential,demolition/strip-out,Levels on the bare slab would show no set-down.,Survey the slab before the waterproofing system is chosen.,cost; quality,AS 3740
C-0119,Wet areas,The shower hob in a strata lot is lower than the upturn the replacement membrane needs.,latent condition,Interiors and finishes,Hydraulic services,shower hob,replacing a shower membrane,remediation/repair,residential,construction,Measuring the hob against the upturn height would show it is short.,Raise the hob or change the termination before tiling.,quality; cost,AS 3740
C-0120,Wet areas,The shower screen channel is rebated through the new membrane because the screen was set out on the tiles.,workmanship defect,Interiors and finishes,Hydraulic services,shower screen channel,installing a shower screen,remediation/repair,residential,handover/defects,"The rebate depth would cut the membrane, which the screen shop drawing shows.",Set the screen on a detail that does not cut the membrane.,quality; cost,AS 3740
C-0121,Wet areas,"The tile bed is thicker than the set-down, so water at the bathroom door flows into the carpet of the adjacent bedroom.",workmanship defect,Interiors and finishes,Hydraulic services,tile bed,tiling a refurbished bathroom,refurbishment/fit-out,residential,handover/defects,A section of the bed thickness against the set-down would show the finished floor is too high.,Set tile thickness so the bathroom remains below the adjacent floor.,quality; cost,AS 3740
C-0122,Wet areas,Moisture in the existing slab is too high for the membrane the fit-out specification named.,latent condition,Structure,Interiors and finishes,slab moisture,laying a membrane on an existing slab,refurbishment/fit-out,commercial; institution,testing/commissioning,A moisture test would exceed the membrane's limit.,Test the slab and select a system that tolerates it before tender.,cost; programme; quality,AS 3740
C-0123,Wet areas,"The shower waste was set high during a previous renovation, so falls in the new bed run away from it.",latent condition,Hydraulic services,Interiors and finishes,shower waste,retiling a shower,remediation/repair,residential,construction,A level on the waste against the slab would show the waste is the high point.,Reset the waste before the bed is laid.,quality; cost,AS 3740
C-0124,Wet areas,"A balcony door has no puddle flange, and the existing membrane stops on bare concrete under the sill.",latent condition,Building envelope,Hydraulic services,puddle flange,repairing a balcony door junction,remediation/repair,residential,demolition/strip-out,Lifting the threshold would show the membrane is not terminated in a flange.,Include a flange in the repair scope before tender.,cost; quality,AS 4654
C-0125,Wet areas,"Backfill against a new basement tanking is placed before the protection board, and the membrane is torn.",workmanship defect,Substructure,Site and external works,basement membrane,backfilling against tanking,new build,commercial; residential,construction,The membrane specification requires protection before backfill.,Hold backfill until protection is inspected.,cost; quality,general knowledge
C-0126,Wet areas,The waterstop in a basement construction joint is displaced during the pour and is no longer centred.,workmanship defect,Substructure,Structure,waterstop,pouring a basement joint,new build,commercial,construction,"The waterstop should be visible and centred before the second pour, which an inspection would check.",Inspect the waterstop immediately before the closing pour.,quality; cost,AS 3600
C-0127,Wet areas,"A hydraulic pipe passes through the podium membrane with no sleeve, so the sheet is dressed to a pipe that moves.",design or coordination error,Hydraulic services,Building envelope,pipe sleeve,penetrating a podium membrane,new build; refurbishment/fit-out,commercial,construction,The penetration detail shows a bare pipe rather than a sleeve.,Sleeve every pipe before the membrane is applied.,quality; cost,AS 4654
C-0128,Wet areas,"The internal floor of a ground-floor fit-out sits below the external paving, and there is no drain at the threshold.",latent condition,Interiors and finishes,Site and external works,threshold,fitting out a space below external paving,refurbishment/fit-out,commercial,design,A level survey would show the internal floor is the low point.,Raise the floor or add a drain before tender.,cost; quality,AS 4654
C-0129,Wet areas,Two membrane systems meet at a podium-to-planter junction and neither manufacturer will warrant the joint.,"process, authority, supply or weather",Building envelope,Interiors and finishes,membrane junction,joining two waterproofing systems,new build,commercial,design,Both data sheets exclude the other's product at the junction.,"Use one system, or obtain a written junction detail from both, before tender.",cost; quality,AS 4654
C-0130,Wet areas,A flood test of a refurbished wet area fails at the pipe penetration behind the bath.,workmanship defect,Hydraulic services,Interiors and finishes,pipe penetration,flood-testing a bathroom,remediation/repair,residential,testing/commissioning,The test holds everywhere except the penetration.,Leave penetrations exposed for the test.,quality; programme,AS 3740
C-0131,Wet areas,The wall membrane and the floor membrane in a new ensuite never lap because they were installed by different visits with no sequence.,workmanship defect,Interiors and finishes,Hydraulic services,membrane lap,waterproofing an ensuite,new build; refurbishment/fit-out,residential,testing/commissioning,"The lap is missing at the junction, which a pre-tile inspection would see.",Inspect the lap before tiling.,quality,AS 3740
C-0132,Wet areas,A balcony grate sits proud of the new tiles and ponds water against the door.,workmanship defect,Hydraulic services,Interiors and finishes,balcony grate,tiling up to a balcony outlet,remediation/repair,residential,handover/defects,The grate level against the tile would show it is high.,Set the grate to the finished tile.,quality,AS 4654
C-0133,Wet areas,"A podium planter has no drain, and the membrane sits in water it was not detailed as a tank to hold.",design or coordination error,Building envelope,Hydraulic services,planter drain,forming a planter on a slab,new build,commercial,design,The section shows soil on a membrane with no outlet.,Drain the planter and terminate the membrane as a tank if it must hold water.,quality; cost,AS 4654
C-0134,Wet areas,A new lining in a basement would hide a crack that is still leaking.,design or coordination error,Structure,Interiors and finishes,basement crack,lining a basement wall,remediation/repair,commercial,design,Damp on the crack after rain would show it is live.,Stop the leak before any lining is specified.,cost; quality,general knowledge
C-0135,Wet areas,"The drainage cell behind a basement wall has no outlet, so hydrostatic pressure remains on the tanking.",design or coordination error,Substructure,Hydraulic services,drainage cell,tanking a basement wall,new build,commercial,design,The cell detail has no pipe to a pump or a daylight point.,Give the cell an outlet before the wall is documented.,quality; cost,general knowledge
C-0136,Wet areas,Lift-pit buffers and the sump are cast through the tanking with no collar.,design or coordination error,Vertical transport,Substructure,lift-pit tanking,forming a lift pit,new build,commercial; institution,construction,The pit inserts are not on the waterproofing detail.,Collar every pit insert into the tanking.,quality; cost,AS 1735
C-0137,Wet areas,A boundary retaining wall cannot be tanked on the soil face because the neighbour will not give access.,"process, authority, supply or weather",Substructure,neighbour,positive-side tanking,waterproofing a boundary wall,new build; extension,residential; commercial,design,The wall is on the boundary and the detail needs the far face.,Design a negative-side system if the soil face cannot be reached.,cost; programme,general knowledge
C-0138,Wet areas,A negative-side product specified for an existing basement cannot resist the head of water found once the wall is opened.,latent condition,Substructure,Hydraulic services,basement waterproofing,treating a leaking basement from inside,remediation/repair,commercial,construction,Piezometers or a water-level reading would show a higher head than the product allows.,Measure the head before the product is chosen.,cost; quality,general knowledge
C-0139,Wet areas,The podium expansion-joint seal is too small for the movement the joint was designed to take.,design or coordination error,Building envelope,Structure,joint seal,sealing a podium joint,new build,commercial,design,The joint width and the calculated movement exceed the seal's class.,"Size the seal to the movement, not to the available gap after finishes.",quality; cost,AS 4654
C-0140,Wet areas,Tiles go down on a podium before the membrane is flood-tested.,workmanship defect,Interiors and finishes,Building envelope,podium membrane,flooding a membrane,new build,commercial,construction,The programme shows finishes before the test.,Test the membrane while it is still exposed.,quality; programme,AS 4654
C-0141,Wet areas,The following trade punctures an unprotected membrane while fixing a door frame.,workmanship defect,Building envelope,Interiors and finishes,membrane protection,fixing frames after waterproofing,new build; remediation/repair,residential; commercial,construction,There is no protection board on the programme between membrane and frames.,Protect the membrane before other trades return.,quality; cost,AS 3740
C-0142,Wet areas,Membrane laps on a repaired roof face up the fall.,workmanship defect,Building envelope,Hydraulic services,membrane lap,laying a roof membrane,remediation/repair,commercial,handover/defects,The lap direction against the falls would show water can run into the joint.,Lap sheets down the fall.,quality,AS 4654
C-0143,Wet areas,The clamping ring supplied with the new membrane does not fit the outlet bowl cast into the existing roof.,latent condition,Building envelope,Hydraulic services,roof outlet,terminating a membrane at an existing outlet,remediation/repair,commercial,construction,"The outlet brand, once exposed, is not the ring in the specification.",Identify the outlet before the membrane system is ordered.,cost; programme,AS 4654
C-0144,Wet areas,A new membrane is incompatible with the existing copper outlet it has to terminate on.,design or coordination error,Building envelope,Hydraulic services,copper roof outlet,tying a new membrane to an old outlet,remediation/repair,residential; commercial,design,"The membrane data sheet excludes copper, which the outlet is.",Confirm outlet metal against the membrane before specification.,cost; quality,AS 4654
C-0145,Wet areas,Niche fixings in a refurbished shower penetrate the membrane because the niche was lined after the sheet.,workmanship defect,Interiors and finishes,Hydraulic services,shower niche,lining a niche,remediation/repair,residential,handover/defects,Screw points are through the only water barrier.,"Fix the niche into backing that is not the membrane, or seal each fixing as a penetration.",quality,AS 3740
C-0146,Wet areas,The bath lip sits below the line the wall membrane must reach.,latent condition,Hydraulic services,Interiors and finishes,bath lip,replacing a bath in an existing bathroom,replacement/upgrade of an existing system,residential,construction,The lip height against the upturn would show a gap.,Choose a bath whose lip can take the membrane.,quality; cost,AS 3740
C-0147,Wet areas,An acrylic shower base rocks on an uneven existing slab and opens the junction to the wall membrane.,latent condition,Hydraulic services,Structure,shower base,setting a shower base on an existing slab,remediation/repair,residential,handover/defects,A straight edge on the slab would show the hollow under the base.,Bed the base fully before the wall junction is sealed.,quality,AS 3740
C-0148,Wet areas,"A like-for-like bathroom refit has no set-down left, so falls to the waste cannot be formed in the remaining thickness.",latent condition,Structure,Interiors and finishes,bathroom set-down,refitting a bathroom,refurbishment/fit-out,residential,design,Finished-floor levels would show no room for falls.,Confirm thickness available before promising a tiled fall.,cost; quality,AS 3740
C-0149,Wet areas,The door jamb installation cuts the membrane upturn at the bathroom entry.,workmanship defect,Interiors and finishes,Hydraulic services,membrane upturn,installing a door jamb,refurbishment/fit-out,residential,construction,The jamb fixing lands in the upturn.,Install the jamb over a protected upturn.,quality,AS 3740
C-0150,Wet areas,"A balcony overflow discharges onto the facade below, which has no flashing to take it.",design or coordination error,Building envelope,Hydraulic services,balcony overflow,forming an overflow,remediation/repair,residential,handover/defects,The overflow point is above an unflashed wall.,Flash the discharge clear of the wall.,quality; cost,AS 4654
C-0151,Wet areas,A window in a shower wall is outside the membrane system and leaks at the frame.,latent condition,Building envelope,Hydraulic services,shower window,waterproofing around an existing window,remediation/repair,residential,handover/defects,The frame is in the wet zone and is not part of the membrane detail.,Include the frame in the waterproofing scope.,quality; cost,AS 3740
C-0152,Wet areas,The substrate board in a wet-area refit is not a wet-area board and swells behind the membrane.,workmanship defect,Interiors and finishes,Hydraulic services,wet-area board,lining a bathroom,refurbishment/fit-out,residential,handover/defects,The board stamp is not a wet-area grade.,Specify and check the board grade before the membrane.,quality; cost,AS 3740
C-0153,Wet areas,A later fixing for under-tile heating cuts both the cable and the membrane.,workmanship defect,Mechanical services,Hydraulic services,under-tile heating,fixing a floor waste after heating is laid,refurbishment/fit-out,residential,construction,The heating layout crosses the waste.,Set out wastes before the heating cable is fixed.,cost; quality,AS 3740
C-0154,Wet areas,A pile head penetrates the blinding membrane of a new basement with no collar.,design or coordination error,Substructure,Structure,pile collar,tanking across pile heads,new build,commercial,construction,The pile is not on the waterproofing detail.,Collar every pile before the membrane continues.,quality; cost,general knowledge
C-0155,Wet areas,The kicker joint at the base of a basement wall leaks after the first wet week.,workmanship defect,Substructure,Structure,kicker joint,pouring a basement wall,new build,commercial,handover/defects,"The joint has no waterstop, which the pour record would show was omitted.",Include and inspect a waterstop at the kicker.,quality; cost,AS 3600
C-0156,Wet areas,A slab on ground for a new house is poured with a vapour barrier that stops short of the edge beam.,workmanship defect,Structure,Substructure,vapour barrier,pouring a house slab,new build,residential,construction,"The barrier does not reach the edge, which a pre-pour inspection would see.",Inspect continuity of the barrier before the pour.,quality,AS 2870
C-0157,Wet areas,Bar chairs puncture the vapour barrier and the holes are left untaped.,workmanship defect,Structure,Substructure,vapour barrier,placing reinforcement on a vapour barrier,new build,residential,construction,Punctures are visible before the pour.,Tape punctures before concrete is placed.,quality,AS 2870
C-0158,Wet areas,Irrigation is drilled through a podium membrane after the flood test has been signed off.,workmanship defect,Hydraulic services,Building envelope,irrigation penetration,installing irrigation on a podium,new build,commercial,handover/defects,The irrigation layout was not in the penetration schedule that was tested.,Include every later pipe in the test.,quality; cost,AS 4654
C-0159,Wet areas,"Terrace tiles are bonded to the membrane, so they cannot be lifted without destroying the water barrier.",latent condition,Interiors and finishes,Building envelope,bonded tile,replacing terrace tiles,remediation/repair,residential,demolition/strip-out,A trial lift takes the membrane with the tile.,Allow for a full membrane replacement if tiles are bonded.,cost; programme,AS 4654
C-0160,Wet areas,A split-level slab step is too sharp for the membrane to turn without a fillet that does not fit.,latent condition,Structure,Building envelope,slab step,waterproofing a stepped slab,new build; refurbishment/fit-out,commercial,construction,The step radius is tighter than the membrane's minimum fillet.,Form a fillet the sheet can turn.,quality; cost,AS 4654
C-0161,Wet areas,A plant-room floor cannot be flood-tested because the perimeter is too low to hold water.,design or coordination error,Hydraulic services,Structure,flood test,testing a plant-room membrane,new build,commercial,testing/commissioning,The hob height is less than the test water depth.,Provide a perimeter that can hold the test.,quality; programme,AS 4654
C-0162,Wet areas,"An aged-care ensuite shares a membrane with a corridor that has no set-down, and water tracks into the corridor.",design or coordination error,Hydraulic services,Access and egress,ensuite threshold,waterproofing an ensuite opening to a corridor,refurbishment/fit-out,institution,handover/defects,The threshold is flush and the corridor is not protected.,Detail a hob or a drain the access requirements can accept.,quality; compliance,AS 3740
C-0163,Wet areas,A commercial kitchen floor waste is not accessible once the new cool room is placed over it.,design or coordination error,Hydraulic services,Interiors and finishes,floor waste,setting a cool room on an existing kitchen floor,refurbishment/fit-out,commercial,construction,The cool-room outline covers the waste.,Move the waste or the room before either is fixed.,cost; quality,AS 3500
C-0164,Wet areas,"The existing copper shower tray has pinholes, and the new screen is detailed to seal to a tray that will not hold water.",latent condition,Hydraulic services,Interiors and finishes,copper shower tray,resealing a shower screen,remediation/repair,residential,testing/commissioning,A water test of the tray alone would show the pinholes.,Test the tray before the screen is relied on as the seal.,cost; quality,general knowledge
C-0165,Wet areas,"A laundry floor in a first-floor fit-out has no waste, and the only overflow path is into the tenancy below.",latent condition,Hydraulic services,Interiors and finishes,laundry waste,fitting out a laundry over an occupied tenancy,refurbishment/fit-out,commercial,design,The slab has no waste penetration on the survey.,Add a waste before appliances are specified.,cost; quality,AS 3500
C-0166,Wet areas,Screed falls in a pool surround drain toward the plant-room door rather than the waste.,workmanship defect,Interiors and finishes,Hydraulic services,pool-surround screed,laying falls around an existing pool,remediation/repair,commercial,handover/defects,A water test runs to the door.,Check falls before tiling.,quality,AS 3740
C-0167,Passive fire,A new hydraulic stack through an existing sole-occupancy wall has no fire collar.,workmanship defect,Hydraulic services,Passive fire protection,fire collar,penetrating a rated wall,refurbishment/fit-out,residential; commercial,handover/defects,The penetration is open around the pipe.,Collar every service before linings close.,compliance; safety,AS 4072.1
C-0168,Passive fire,A fire damper cannot be installed because the existing duct is hard against the slab and there is no sleeve length.,latent condition,Mechanical services,Passive fire protection,fire damper,inserting a damper in an existing duct,replacement/upgrade of an existing system,commercial; institution,construction,The duct-to-slab dimension is less than the damper needs.,Measure the duct zone before the damper is ordered.,cost; programme; compliance,AS 1682
C-0169,Passive fire,An existing stair used as the exit for a new use is not fire-isolated from the storeys it serves.,latent condition,Access and egress,Passive fire protection,fire stair,changing the use of an existing building,refurbishment/fit-out,commercial; institution,design,The stair opens directly into occupied floors.,Confirm isolation before the new use is documented.,compliance; safety; cost,NCC
C-0170,Passive fire,The product proposed to seal a gap at an existing slab edge is not tested for the gap width that was built.,latent condition,Passive fire protection,Structure,fire-stopping system,sealing an existing slab-edge gap,remediation/repair,commercial,design,Measuring the gap would show it is outside the test.,Measure gaps and select a tested system before tender.,cost; compliance,AS 4072.1
C-0171,Passive fire,A compartment wall in a tenancy fit-out stops at the ceiling grid instead of the slab.,workmanship defect,Passive fire protection,Interiors and finishes,compartment wall,building a rated wall,refurbishment/fit-out,commercial,construction,The wall head is visible at the grid and does not continue.,Take rated walls to the slab.,compliance; safety,NCC
C-0172,Passive fire,A smoke door will not close because the existing floor is out of level and the leaf binds.,latent condition,Passive fire protection,Interiors and finishes,smoke door,rehanging a smoke door,remediation/repair,commercial; institution,testing/commissioning,A level survey at the door would show the floor fall.,Survey the floor before the door and closer are specified.,compliance; cost,AS 1905
C-0173,Passive fire,Sprinkler heads in a new ceiling clash with the grid and end up too far from the wall they must cover.,design or coordination error,Active fire protection,Interiors and finishes,sprinkler head,setting out a ceiling with sprinklers,refurbishment/fit-out,commercial,construction,The head spacing against the tile module does not meet the wall distance.,Coordinate heads with the grid before either is fixed.,compliance; cost,AS 2118
C-0174,Passive fire,The existing booster cannot be seen from the brigade attendance point once the new entry canopy is built.,design or coordination error,Active fire protection,Access and egress,fire booster,adding a canopy at the entry,extension,commercial,design,The sightline from the attendance point is blocked by the canopy.,Check booster sightlines against the new built form.,compliance; cost,AS 2419
C-0175,Passive fire,There is no rated path for a new hydrant main through the existing building to the remote hydrant.,latent condition,Active fire protection,Passive fire protection,hydrant main,extending a hydrant system,replacement/upgrade of an existing system,commercial; institution,design,The riser survey shows no spare rated shaft.,Find a compliant path before the main is designed.,cost; programme; compliance,AS 2419
C-0176,Passive fire,The smoke lobby is too small once both door swings are drawn on the existing plan.,latent condition,Access and egress,Passive fire protection,smoke lobby,reusing an existing lobby,refurbishment/fit-out,commercial,design,The swings overlap the lobby depth.,Draw the swings before the lobby is accepted.,compliance; cost,NCC
C-0177,Passive fire,A detection zone crosses two compartments the fire strategy keeps separate.,design or coordination error,Active fire protection,Passive fire protection,detection zone,rezoning an existing fire panel,replacement/upgrade of an existing system,commercial,design,The zone schedule does not follow the compartment plan.,Match zones to compartments before the panel is programmed.,compliance,AS 1670
C-0178,Passive fire,The kitchen hood suppression does not cover the appliances the tenant actually installs.,latent condition,Active fire protection,Mechanical services,hood suppression,fitting out a kitchen under an existing hood,refurbishment/fit-out,commercial,construction,The appliance plan extends past the hood.,Match the hood and the suppression to the appliance layout.,compliance; safety,AS 2118
C-0179,Passive fire,A late services bulkhead hides the exit sign the strategy relies on.,design or coordination error,Access and egress,Mechanical services,exit sign,coordinating a bulkhead,refurbishment/fit-out,commercial; institution,construction,The bulkhead depth cuts the sightline on the reflected ceiling plan.,Keep a sightline to every exit sign.,compliance; safety,NCC
C-0180,Passive fire,Hose-reel coverage misses a room created by the fit-out partitions.,design or coordination error,Active fire protection,Interiors and finishes,fire hose reel,partitioning an existing floor,refurbishment/fit-out,commercial,design,The reel radius does not reach the new room.,Check coverage against the final partitions.,compliance,AS 2441
C-0181,Passive fire,A new bulkhead leaves a shadow in the sprinkler spray the existing heads cannot cover.,design or coordination error,Active fire protection,Interiors and finishes,sprinkler obstruction,adding a bulkhead under existing heads,refurbishment/fit-out,commercial,design,The obstruction rules would flag the bulkhead depth.,Relocate heads or the bulkhead before tender.,compliance; cost,AS 2118
C-0182,Passive fire,The existing sprinkler system is an ordinary-hazard layout and the new storage is high-piled racking.,latent condition,Active fire protection,Interiors and finishes,sprinkler hazard,changing storage height,refurbishment/fit-out,industrial,design,The racking height exceeds the existing design hazard.,Reclassify the hazard before racking is installed.,compliance; safety; cost,AS 2118
C-0183,Passive fire,The fire-pump room cannot be reached from outside without passing the area the pump is there to protect.,latent condition,Active fire protection,Access and egress,fire pump room,reusing an existing pump room,replacement/upgrade of an existing system,commercial; industrial,design,"The only door opens from the warehouse, not from outside.",Confirm brigade access to the pump before the upgrade is documented.,compliance; safety,AS 2419
C-0184,Passive fire,"Fire-water storage shares a tank with the potable break tank, and the fire volume is not reserved.",design or coordination error,Active fire protection,Hydraulic services,fire tank,combining fire and potable storage,new build; replacement/upgrade of an existing system,commercial,design,The tank detail has a single outlet with no reserved volume.,Separate the fire volume so other draw-off cannot empty it.,compliance; safety,AS 2419
C-0185,Passive fire,Town-main pressure at the site is lower than the hydrant calculation used.,latent condition,Active fire protection,utility,town main,connecting a hydrant system,new build; replacement/upgrade of an existing system,commercial; industrial,testing/commissioning,A pressure enquiry or a site test would show the lower pressure.,Obtain the authority pressure before the pumps are selected.,cost; compliance,AS 2419
C-0186,Passive fire,The pump duty cannot deliver the required pressure at the highest hydrant once the real pipe route is measured.,design or coordination error,Active fire protection,Hydraulic services,fire pump,measuring the hydrant pipe route,replacement/upgrade of an existing system,commercial,testing/commissioning,The as-built route is longer than the calculation.,Recalculate from the route that can actually be built.,cost; compliance,AS 2941
C-0187,Passive fire,A new cable tray passes through a fire-isolated stair the strategy treats as a shaft with no services.,design or coordination error,Electrical services,Passive fire protection,fire stair,routing a tray through a stair,refurbishment/fit-out,commercial,construction,The tray is drawn inside the stair enclosure.,Keep unrelated services out of the stair.,compliance; safety,NCC
C-0188,Passive fire,A lightweight rated wall is built with the wrong stud spacing for the system that was tested.,workmanship defect,Passive fire protection,Structure,rated wall system,building a fire-rated partition,new build; refurbishment/fit-out,commercial,construction,The stud centres do not match the test.,"Build the tested system, not a similar one.",compliance; cost,NCC
C-0189,Passive fire,An existing timber floor cannot receive the ceiling system needed to rate it from below because the joists are too shallow for the lining build-up.,latent condition,Structure,Passive fire protection,fire-rated ceiling,rating an existing timber floor,refurbishment/fit-out,residential,design,Joist depth against the ceiling system would show the build-up does not fit.,Select a system the joists can accept.,cost; compliance,NCC
C-0190,Passive fire,"A smoke damper in an existing duct has no access panel, so it cannot be maintained.",latent condition,Mechanical services,Active fire protection,smoke damper,upgrading smoke control,replacement/upgrade of an existing system,commercial; institution,handover/defects,The ceiling type is fixed and there is no panel.,Provide access before the damper is accepted.,compliance; quality,AS 1851
C-0191,Passive fire,The smoke-exhaust opening is partly blocked by an existing beam the smoke model omitted.,latent condition,Mechanical services,Structure,smoke exhaust opening,forming a smoke exhaust,replacement/upgrade of an existing system,commercial,construction,The beam is in the opening on the structural drawing.,Coordinate the opening with the beam before the model is relied on.,compliance; cost,AS 1668
C-0192,Passive fire,Make-up air for a new smoke exhaust has no path into the floor once the facade is sealed.,design or coordination error,Mechanical services,Building envelope,make-up air,sealing a facade while adding smoke exhaust,refurbishment/fit-out,commercial,design,The exhaust quantity has no inlet.,Provide a make-up path that survives the facade work.,compliance; cost,AS 1668
C-0193,Passive fire,A bridge added across an atrium cuts the smoke reservoir depth the fire engineering report assumed.,design or coordination error,Structure,Mechanical services,smoke reservoir,adding a bridge in an atrium,refurbishment/fit-out,commercial; institution,design,The bridge soffit is inside the reservoir depth.,Keep the reservoir clear or revise the report.,compliance; cost,NCC
C-0194,Passive fire,A fire door installed in a two-hour wall is rated for one hour.,workmanship defect,Passive fire protection,Access and egress,fire door,hanging a door in a rated wall,refurbishment/fit-out,commercial,handover/defects,The door tag does not match the wall rating.,Match the door to the wall before it is ordered.,compliance; cost,AS 1905
C-0195,Passive fire,"A hold-open device releases, but the closer cannot latch the existing door because the frame is out of square.",latent condition,Passive fire protection,Interiors and finishes,fire-door closer,recommissioning a fire door,remediation/repair,commercial; institution,testing/commissioning,The frame diagonal would show it is out of square.,Repair the frame before the closer is relied on.,compliance; cost,AS 1905
C-0196,Passive fire,The vision panel cut into an existing fire door is larger than the size the door was tested with.,workmanship defect,Passive fire protection,Interiors and finishes,fire-door vision panel,cutting a vision panel,refurbishment/fit-out,commercial,construction,The panel size exceeds the door's test.,Keep the panel within the tested size.,compliance,AS 1905
C-0197,Passive fire,Smoke seals on an existing fire door miss the frame because the leaf has dropped.,latent condition,Passive fire protection,Access and egress,smoke seal,adjusting an existing fire door,remediation/repair,institution,testing/commissioning,A paper test at the seal would show the gap.,Rehang the door before new seals are fitted.,compliance; quality,AS 1905
C-0198,Passive fire,A dry sprinkler pipe in a freezer holds water because the grade falls away from the drain.,workmanship defect,Active fire protection,Mechanical services,dry sprinkler pipe,installing sprinklers in a freezer,new build; refurbishment/fit-out,industrial,testing/commissioning,A level on the pipe would show it cannot drain.,Grade the pipe to the drain.,quality; compliance,AS 2118
C-0199,Passive fire,The valve set for a dry system will not fit the room beside the freezer it serves.,latent condition,Active fire protection,Interiors and finishes,sprinkler valve set,locating a valve set,refurbishment/fit-out,industrial,design,The valve dimensions exceed the room.,Size the room to the valve set before tender.,cost; programme,AS 2118
C-0200,Passive fire,Racking installed after occupation is taller than the sprinkler design the warehouse was approved with.,latent condition,Active fire protection,Interiors and finishes,in-rack sprinklers,increasing storage height,refurbishment/fit-out,industrial,handover/defects,The racking height exceeds the approved storage.,Limit storage to the approved height or upgrade the sprinklers.,compliance; safety,AS 2118
C-0201,Passive fire,"A fire-rated duct runs further between compartments than the tested unprotected length allows, and there is no damper.",design or coordination error,Mechanical services,Passive fire protection,fire-rated duct,routing a kitchen exhaust,refurbishment/fit-out,commercial,design,The duct length between walls exceeds the test.,Add a damper or shorten the run.,compliance; cost,AS 1668
C-0202,Passive fire,A cable tray through a rated wall is filled beyond the percentage the seal was tested for.,workmanship defect,Electrical services,Passive fire protection,penetration seal,adding cables to an existing seal,replacement/upgrade of an existing system,commercial; institution,construction,The fill exceeds the seal's tested percentage.,Reseal to a system that matches the fill.,compliance,AS 4072.1
C-0203,Passive fire,"Intumescent paint will not bond to an existing member until rust is removed, and the thickness for the real section factor is greater than specified.",latent condition,Structure,Passive fire protection,intumescent coating,coating existing steel,remediation/repair,industrial; commercial,construction,The member size and surface condition differ from the specification.,Measure the section and specify preparation and thickness for it.,cost; compliance,NCC
C-0204,Passive fire,Emergency lights spaced for an open plan fail once the fit-out rooms are built.,design or coordination error,Electrical services,Access and egress,emergency lighting,partitioning a floor,refurbishment/fit-out,commercial,testing/commissioning,The lux on the new path is below the requirement.,"Space lights to the final path, not the shell.",compliance; cost,NCC
C-0205,Passive fire,Battery packs for emergency lights sit in a ceiling that the fire strategy now treats as a rated void.,design or coordination error,Electrical services,Passive fire protection,emergency-light battery,rating an existing ceiling,refurbishment/fit-out,commercial,design,The battery is drawn inside the rated ceiling.,Move equipment out of the rated build-up.,compliance,NCC
C-0206,Passive fire,Occupant-warning zones do not match the evacuation strategy for the refurbished floor.,design or coordination error,Active fire protection,Access and egress,occupant warning,rezoning a warning system,replacement/upgrade of an existing system,commercial; institution,testing/commissioning,The zone schedule and the strategy name different areas.,Programme zones to the strategy.,compliance,AS 1670
C-0207,Passive fire,A warden phone cannot be cabled back to the existing fire panel because the riser is full.,latent condition,Communications and security,Active fire protection,warden phone,adding phones to an existing panel,replacement/upgrade of an existing system,commercial,construction,The riser survey shows no spare conduit.,Find a path before the phones are specified.,cost; compliance,AS 1670
C-0208,Passive fire,"A hydrant landing valve clashes with the handrail, so the hose cannot be connected.",design or coordination error,Active fire protection,Access and egress,hydrant landing valve,setting a valve in an existing stair,replacement/upgrade of an existing system,commercial,construction,The valve projection hits the handrail on the drawing.,Move the valve or the rail before installation.,compliance; cost,AS 2419
C-0209,Passive fire,The rising main cannot be supported from the lightweight stair the design hung it on.,latent condition,Active fire protection,Structure,hydrant riser support,hanging a riser in a stair,replacement/upgrade of an existing system,commercial,design,The stair is lightweight and has no member for the load.,Support the main from structure that can take it.,cost; safety,AS 2419
C-0210,Passive fire,The street hydrant the coverage plan relied on has been removed by the road authority.,"process, authority, supply or weather",Active fire protection,authority,street hydrant,relying on an external hydrant,new build; refurbishment/fit-out,commercial,design,A site visit would show the hydrant is gone.,Confirm external hydrants before coverage is claimed.,compliance; cost,AS 2419
C-0211,Passive fire,"A fire-isolated passageway is used as a store, and the exit path is blocked.",latent condition,Access and egress,occupant,fire passageway,occupying a building with a stored passageway,refurbishment/fit-out,commercial,handover/defects,Goods are in the passage at inspection.,Keep the passage clear in the management rules the design assumes.,compliance; safety,NCC
C-0212,Passive fire,Smoke seals are painted over during a repaint and no longer seat.,workmanship defect,Passive fire protection,Interiors and finishes,smoke seal,repainting fire doors,remediation/repair,institution; commercial,handover/defects,Paint is on the seal.,Mask seals before painting.,compliance; quality,AS 1905
C-0213,Passive fire,A tenancy door the evacuation plan treats as an exit is under the neighbour's control and can be locked.,latent condition,Access and egress,occupant,tenancy exit,splitting a floor into tenancies,refurbishment/fit-out,commercial,design,The door is on the other side of the demise.,Give each tenancy an exit it controls.,compliance; safety,NCC
C-0214,Passive fire,"A lightweight fire wall is fixed hard to a steel beam with no deflection head, and the first load cycle cracks the lining.",workmanship defect,Passive fire protection,Structure,deflection head,building a wall under a steel beam,new build; refurbishment/fit-out,commercial; industrial,handover/defects,The head detail has no slip joint.,Detail a deflection head under beams that move.,compliance; quality,NCC
C-0215,Passive fire,A fire shutter drops onto a sloping existing floor and leaves a gap at one end.,latent condition,Passive fire protection,Interiors and finishes,fire shutter,installing a shutter on a sloping floor,replacement/upgrade of an existing system,industrial,testing/commissioning,A floor level along the shutter line would show the gap.,Survey the floor and sill the shutter to it.,compliance; cost,general knowledge
C-0216,Passive fire,The smoke-curtain recoiler will not fit the bulkhead the architect has drawn.,design or coordination error,Passive fire protection,Interiors and finishes,smoke curtain,housing a recoiler,new build,commercial,design,The recoiler depth exceeds the bulkhead.,Size the bulkhead to the recoiler.,cost; programme,general knowledge
C-0217,Passive fire,A gaseous-suppression room in an existing building is not tight enough to hold the design concentration.,latent condition,Active fire protection,Interiors and finishes,room tightness,installing gaseous suppression,replacement/upgrade of an existing system,commercial; institution,testing/commissioning,A door-fan test would show the leakage.,Test the room before the agent quantity is finalised.,cost; compliance,general knowledge
C-0218,Passive fire,The existing lath-and-plaster ceiling is not the rated ceiling the fire strategy names.,latent condition,Passive fire protection,Interiors and finishes,existing ceiling,relying on an old ceiling for a rating,refurbishment/fit-out,commercial,demolition/strip-out,"Opening the ceiling would show lath and plaster, not the tested system.",Identify the ceiling build-up before the strategy relies on it.,compliance; cost,NCC
C-0219,Passive fire,The firefighter lift is not on the power circuit that the fire strategy keeps alive.,design or coordination error,Vertical transport,Electrical services,firefighter lift supply,connecting a lift to essential power,replacement/upgrade of an existing system,commercial; institution,testing/commissioning,The lift feeder is on the general board.,Feed the lift from the supply the strategy names.,compliance; safety,NCC
C-0220,Passive fire,The refuge communication point has no cable path to the fire panel.,latent condition,Communications and security,Active fire protection,refuge handset,adding a refuge in an existing building,refurbishment/fit-out,commercial; institution,design,There is no containment from the refuge to the panel.,Provide a path before the refuge is documented as compliant.,compliance; cost,AS 1670
C-0221,Passive fire,Openings in an existing external wall are closer to the boundary than unprotected openings are allowed to be.,latent condition,Building envelope,Passive fire protection,unprotected opening,extending toward a boundary,extension,commercial; residential,design,The distance to the boundary is less than the unprotected-opening limit.,Protect the openings or increase the distance.,compliance; cost,NCC
C-0222,Passive fire,Roof sprinkler hangers will not grip the existing purlin section.,latent condition,Active fire protection,Structure,sprinkler hanger,hanging sprinklers from existing purlins,replacement/upgrade of an existing system,industrial,construction,The purlin profile does not match the hanger.,Match hangers to the purlin before they are ordered.,cost; programme,AS 2118
C-0223,Passive fire,The foam system and the process water share a main the process can empty.,design or coordination error,Active fire protection,Hydraulic services,foam water supply,connecting foam to a process main,new build; extension,industrial,design,The process draw-off is upstream of the foam reserve.,Reserve the foam water from the process demand.,compliance; safety,general knowledge
C-0224,Passive fire,The existing fire panel has no spare loop for the devices the extension adds.,latent condition,Active fire protection,Electrical services,fire panel,extending a detection system,extension,commercial; institution,design,The panel schedule shows the loops are full.,Confirm spare capacity before devices are added.,cost; compliance,AS 1670
C-0225,Passive fire,A required vision panel in a rated wall is covered by a new brace.,design or coordination error,Passive fire protection,Structure,vision panel,bracing across a rated wall,refurbishment/fit-out,commercial,design,The brace crosses the panel.,Move the brace or the panel.,compliance,NCC
C-0226,Passive fire,"An existing fire door scheduled for retention has hardware that is no longer made, and the closer cannot be repaired.","process, authority, supply or weather",Passive fire protection,Access and egress,fire-door hardware,repairing an existing fire door,remediation/repair,commercial; institution,construction,The hardware model is obsolete.,Allow for a complete door set where parts cannot be matched.,cost; compliance,AS 1905
C-0227,Passive fire,Penetrations sealed with a product not listed on the essential-safety-measures schedule cannot be shown as maintained.,latent condition,Passive fire protection,authority,penetration register,handing over a refurbished floor,refurbishment/fit-out,commercial; institution,handover/defects,The schedule names a different system from the one installed.,Record the installed system on the maintenance schedule.,compliance,AS 1851
C-0228,Passive fire,"A new intertenancy wall in a Class 2 building stops at the ceiling, and the plenum joins the two units.",workmanship defect,Passive fire protection,Interiors and finishes,intertenancy wall,building a party wall,refurbishment/fit-out,residential,construction,The plenum is open above the wall.,Continue the separation to the slab.,compliance; safety,NCC
C-0229,Passive fire,The existing single stair discharges into the new extension rather than to open space.,design or coordination error,Access and egress,Building envelope,stair discharge,building across a stair discharge,extension,residential; commercial,design,The discharge point is covered by the extension.,Keep a path to open space.,compliance; safety,NCC
C-0230,Mechanical,The new supply duct will not fit the ceiling zone left under an existing transfer beam.,latent condition,Mechanical services,Structure,supply duct,routing a duct under an existing beam,refurbishment/fit-out,commercial; institution,design,The beam depth against the ceiling height leaves less than the duct needs.,Measure the zone before the duct is sized.,cost; programme,AS 1668
C-0231,Mechanical,The outside-air intake on an existing plant deck is closer to the kitchen exhaust than the separation requires.,latent condition,Mechanical services,Mechanical services,outside-air intake,adding an exhaust near an existing intake,replacement/upgrade of an existing system,commercial,design,The distance between intake and exhaust is short of the required separation.,Separate the openings or extend one of them.,compliance; quality,AS 1668
C-0232,Mechanical,The existing air handler cannot deliver the outside-air rate the new occupant load requires.,latent condition,Mechanical services,occupant,air handler,increasing occupancy in an existing floor,refurbishment/fit-out,commercial; institution,design,The unit's fan curve is below the new outside-air quantity.,Check the existing plant against the new rate before the use is approved.,cost; compliance,AS 1668
C-0233,Mechanical,Replacement cooling towers are heavier than the roof structure was designed to carry.,latent condition,Mechanical services,Structure,cooling tower,replacing roof plant,replacement/upgrade of an existing system,commercial,design,The new operating weight exceeds the original plant allowance.,Check the roof for the replacement weight before the towers are ordered.,cost; safety,AS 1170
C-0234,Mechanical,Condensate from a new fan coil in a fit-out cannot fall to a lawful discharge.,latent condition,Mechanical services,Hydraulic services,condensate drain,installing a fan coil,refurbishment/fit-out,commercial,construction,There is no fall from the unit to a waste.,Provide a pumped or gravity path before the unit is set.,cost; quality,AS 3500
C-0235,Mechanical,The tenant's kitchen exhaust has no riser in the existing shaft.,latent condition,Mechanical services,Passive fire protection,kitchen exhaust riser,fitting out a restaurant,refurbishment/fit-out,commercial,design,The shaft survey shows no spare rated flue.,Secure a rated path before the kitchen is documented.,cost; programme; compliance,AS 1668
C-0236,Mechanical,Tenant condenser locations exceed the base-building allowance on the existing roof.,latent condition,Mechanical services,Structure,condenser allowance,adding tenant condensers,refurbishment/fit-out,commercial,design,The roof allowance is already used by other tenancies.,Check the remaining allowance before more plant is accepted.,cost; safety,general knowledge
C-0237,Mechanical,Heating pipework expansion in an existing corridor has no room for an expansion loop.,latent condition,Mechanical services,Structure,expansion loop,replacing heating pipework,replacement/upgrade of an existing system,institution; commercial,construction,The corridor width cannot fit the loop.,Find a loop location before the pipe is ordered.,cost; quality,general knowledge
C-0238,Mechanical,Plant vibration enters the structure because the flexible connections were omitted at the replacement air handler.,workmanship defect,Mechanical services,Structure,flexible connection,replacing an air handler,replacement/upgrade of an existing system,commercial,handover/defects,The pipes are rigid at the unit.,Fit flexible connections at the plant.,quality; cost,AS 1668
C-0239,Mechanical,VAV boxes in a refurbished ceiling cannot be reached to commission them.,design or coordination error,Mechanical services,Interiors and finishes,VAV box,commissioning air boxes,refurbishment/fit-out,commercial,testing/commissioning,The box is above a fixed ceiling with no panel.,Provide access to every box.,quality; programme,general knowledge
C-0240,Mechanical,Return air uses a ceiling void the fire strategy has now closed as a barrier.,design or coordination error,Mechanical services,Passive fire protection,return-air plenum,rating a ceiling that was a return path,refurbishment/fit-out,commercial,design,The return path and the fire barrier are the same void.,Give the return air its own duct.,compliance; cost,AS 1668
C-0241,Mechanical,Existing ductwork is lined with a material that has to be removed before the new supply air can use it.,latent condition,Mechanical services,occupant,duct lining,reusing existing ducts,replacement/upgrade of an existing system,commercial; institution,demolition/strip-out,A sample of the lining would show it is not acceptable to retain.,Inspect linings before ducts are nominated for reuse.,cost; programme; safety,AS 4254
C-0242,Mechanical,A replacement chiller will not fit through the plant-room door or the corridor to it.,latent condition,Mechanical services,Access and egress,chiller,replacing a chiller in an occupied building,replacement/upgrade of an existing system,commercial; institution,design,The unit dimensions exceed the smallest opening on the path.,Measure the access path before the chiller is ordered.,cost; programme,general knowledge
C-0243,Mechanical,The cooling load rises because the replacement glass is not the performance the plant was modelled on.,design or coordination error,Mechanical services,Building envelope,cooling plant,substituting facade glass,replacement/upgrade of an existing system,commercial,design,The glass specification and the energy model name different products.,Freeze the glass performance before the plant is sized.,cost; quality,NCC
C-0244,Mechanical,Car-park exhaust discharges beside an openable window of the adjoining apartment building.,design or coordination error,Mechanical services,Building envelope,car-park exhaust,locating an exhaust,new build; extension,residential; commercial,design,The discharge is within the separation of the window.,Move the discharge clear of openings.,compliance; quality,AS 1668
C-0245,Mechanical,Split-system condensate was never connected and stains the existing facade.,workmanship defect,Mechanical services,Building envelope,condensate drain,installing a split system,replacement/upgrade of an existing system,residential; commercial,handover/defects,The drain stops inside the wall.,Connect condensate to a lawful point.,quality,AS 3500
C-0246,Mechanical,The existing flue is too small for the replacement boiler.,latent condition,Mechanical services,Building envelope,boiler flue,replacing a boiler,replacement/upgrade of an existing system,residential; institution,design,The flue area is below the appliance data.,Check the flue before the boiler is selected.,cost; compliance,AS 5601
C-0247,Mechanical,Plant noise at the boundary exceeds the limit once the replacement units are selected.,latent condition,Mechanical services,neighbour,external plant,selecting replacement plant,replacement/upgrade of an existing system,commercial; industrial,design,The sound data at the boundary exceeds the condition.,Select plant that meets the boundary limit.,compliance; cost,general knowledge
C-0248,Mechanical,A duct crossing an existing rated wall has no length of straight duct for a damper.,latent condition,Mechanical services,Passive fire protection,fire damper,crossing a rated wall with a duct,refurbishment/fit-out,commercial,construction,A bend is hard against the wall.,Provide a straight section for the damper.,compliance; cost,AS 1668
C-0249,Mechanical,A balance damper sits above a fixed plaster ceiling with no access.,design or coordination error,Mechanical services,Interiors and finishes,balance damper,closing a ceiling,refurbishment/fit-out,commercial; institution,testing/commissioning,The damper location has no panel.,Put an access panel at every damper.,quality,general knowledge
C-0250,Mechanical,"The existing riser is full, and the new riser duct for the extension will not fit.",latent condition,Mechanical services,Structure,services riser,extending ductwork,extension,commercial,design,A riser survey shows no free area.,Find another path before the extension services are tendered.,cost; programme,general knowledge
C-0251,Mechanical,The coil handing on the replacement air handler is opposite to the existing pipe risers.,"process, authority, supply or weather",Mechanical services,Hydraulic services,coil handing,replacing an air handler,replacement/upgrade of an existing system,commercial,construction,The factory handing does not match the pipes.,Confirm handing against the risers before the unit is ordered.,cost; programme,general knowledge
C-0252,Mechanical,"Chilled-water insulation is compressed at the hangers, and the vapour barrier is broken.",workmanship defect,Mechanical services,Structure,pipe insulation,hanging chilled water,replacement/upgrade of an existing system,commercial; institution,handover/defects,The insulation is crushed at each clip.,Use a hanger that keeps the vapour barrier continuous.,quality,general knowledge
C-0253,Mechanical,There is no straight pipe for the commissioning set on the replacement pump.,design or coordination error,Mechanical services,Hydraulic services,pump commissioning set,replacing a pump,replacement/upgrade of an existing system,commercial,testing/commissioning,Bends are hard against the pump flanges.,Leave the straight lengths the set needs.,quality; programme,general knowledge
C-0254,Mechanical,The existing cooling-tower structure is corroded below the size needed for the replacement tower.,latent condition,Structure,Mechanical services,cooling-tower support,replacing a cooling tower,replacement/upgrade of an existing system,commercial,demolition/strip-out,Thickness tests would show the loss of steel.,Test the support before the tower is ordered.,cost; safety,AS 4100
C-0255,Mechanical,An existing warm-water system cannot be disinfected to the regime the new occupancy requires.,latent condition,Mechanical services,Hydraulic services,warm-water system,reusing a warm-water plant,replacement/upgrade of an existing system,institution,design,The system has dead legs that cannot be flushed.,Replace or alter the system so it can be disinfected.,safety; compliance,AS 3666
C-0256,Mechanical,Outside air for a refurbished office is taken from the loading dock.,design or coordination error,Mechanical services,Site and external works,outside-air intake,locating an intake,refurbishment/fit-out,commercial; industrial,design,The intake faces the dock.,Take outside air from a clean location.,quality; compliance,AS 1668
C-0257,Mechanical,"A sealed refurbished floor has no relief path, and the supply air over-pressurises the rooms.",design or coordination error,Mechanical services,Building envelope,relief air,sealing a floor during a refit,refurbishment/fit-out,commercial,testing/commissioning,Doors are hard to open once the fan runs.,Provide relief air.,quality; safety,AS 1668
C-0258,Mechanical,"Windows that ventilated an existing classroom are sealed by the new facade, and no other air path is provided.",design or coordination error,Mechanical services,Building envelope,natural ventilation,replacing a facade,replacement/upgrade of an existing system,institution,design,The rooms relied on those windows.,Replace the ventilation the windows provided.,compliance; quality,AS 1668
C-0259,Mechanical,A domestic rangehood duct is longer than the fan can push once the extension roof is included.,design or coordination error,Mechanical services,Building envelope,rangehood duct,extending a kitchen exhaust,extension,residential,testing/commissioning,The duct length exceeds the fan curve.,Check the fan against the real duct.,quality; cost,general knowledge
C-0260,Mechanical,Bathroom exhaust discharges into the roof space rather than outside.,workmanship defect,Mechanical services,Building envelope,exhaust fan,installing an exhaust,refurbishment/fit-out,residential,handover/defects,The duct stops in the roof space.,Discharge outside.,quality,AS 1668
C-0261,Mechanical,Subfloor vents are blocked by the new extension slab.,design or coordination error,Mechanical services,Substructure,subfloor vent,building against an existing subfloor,extension,residential,construction,The vents are on the wall the slab covers.,Keep a ventilation path for the existing subfloor.,quality; cost,general knowledge
C-0262,Mechanical,A heater flue terminal on the existing wall is too close to a new openable window.,latent condition,Mechanical services,Building envelope,flue terminal,adding a window near a flue,extension,residential,design,The terminal-to-window distance is short of the appliance requirement.,Move the window or the terminal.,compliance; safety,AS 5601
C-0263,Mechanical,The refrigerant pipe run for a split system exceeds the length the selected unit allows.,design or coordination error,Mechanical services,Electrical services,refrigerant pipe,running pipes to a remote condenser,replacement/upgrade of an existing system,commercial; residential,design,The measured run exceeds the unit's limit.,Select a unit for the real pipe length.,cost; quality,general knowledge
C-0264,Mechanical,Condenser air recirculates behind a new plant screen on a tight deck.,design or coordination error,Mechanical services,Building envelope,condenser,screening roof plant,replacement/upgrade of an existing system,commercial,testing/commissioning,Discharge air is drawn back into the same unit.,Keep the screen clear of the air path.,quality; cost,general knowledge
C-0265,Mechanical,The plant deck cannot drain both rain and the water the replacement coils shed.,latent condition,Mechanical services,Hydraulic services,plant-deck drain,replacing coils,replacement/upgrade of an existing system,commercial,design,The existing drain is undersized for the combined flow.,Check the deck drainage against the new plant.,quality; cost,AS 3500
C-0266,Mechanical,A rigid conduit bridges the vibration isolators under a replacement fan.,workmanship defect,Electrical services,Mechanical services,vibration isolator,wiring a fan,replacement/upgrade of an existing system,commercial,handover/defects,The conduit is fixed to both the fan and the slab.,Keep services flexible across isolators.,quality,general knowledge
C-0267,Mechanical,Existing pneumatic controls have no points a new building-management system can read.,latent condition,Mechanical services,Communications and security,pneumatic controls,connecting old plant to a BMS,replacement/upgrade of an existing system,commercial; institution,design,The controllers have no electronic output.,Provide an interface or replace the controls.,cost; programme,general knowledge
C-0268,Mechanical,A temperature sensor is mounted in a supply jet and does not read the zone the occupants occupy.,workmanship defect,Mechanical services,occupant,temperature sensor,commissioning a fit-out,refurbishment/fit-out,commercial,testing/commissioning,The sensor is in the supply airstream.,Place the sensor where it reads the zone.,quality,general knowledge
C-0269,Mechanical,A smoke damper fails shut and there is no path for the smoke mode the strategy requires.,design or coordination error,Mechanical services,Active fire protection,smoke damper,testing smoke mode,replacement/upgrade of an existing system,commercial,testing/commissioning,The only air path closes in the fire condition.,Provide the path the smoke mode needs.,compliance; safety,AS 1668
C-0270,Mechanical,The stair-pressurisation fan cannot make the pressure with the leakage the existing doors actually have.,latent condition,Mechanical services,Passive fire protection,stair pressurisation,testing an existing stair,replacement/upgrade of an existing system,commercial; institution,testing/commissioning,Door gaps are larger than the fan was selected for.,Measure leakage before the fan is ordered.,cost; compliance,AS 1668
C-0271,Mechanical,A new plant room covers the lift-shaft vent.,design or coordination error,Mechanical services,Vertical transport,lift-shaft vent,building a plant room on a roof,extension,commercial,design,The vent is inside the plant-room footprint.,Keep the shaft vent open to outside.,compliance; cost,AS 1735
C-0272,Mechanical,A car-park jet fan throws into a beam the airflow model omitted.,latent condition,Mechanical services,Structure,jet fan,installing jet fans,replacement/upgrade of an existing system,commercial,testing/commissioning,The beam is in the throw on the structural drawing.,Model the beams that are actually there.,quality; compliance,AS 1668
C-0273,Mechanical,"An existing heater in the return path has to be removed, and the return then has no heater.",latent condition,Mechanical services,Interiors and finishes,return-air heater,removing an old heater,replacement/upgrade of an existing system,residential,demolition/strip-out,The heater is in the only return path.,Replace the heating the removal takes away.,cost; quality,general knowledge
C-0274,Mechanical,Underfloor heating output falls because the floor finish changed from tile to a thicker timber.,design or coordination error,Mechanical services,Interiors and finishes,underfloor heating,changing a floor finish,refurbishment/fit-out,residential,handover/defects,The finish resistance is higher than the heating design.,Match the heating to the finish that will be laid.,quality; cost,general knowledge
C-0275,Mechanical,A fan-coil drip tray holds water because the trap is on the wrong side of the unit's pressure.,workmanship defect,Mechanical services,Hydraulic services,fan-coil trap,installing a fan coil,replacement/upgrade of an existing system,commercial,testing/commissioning,The trap arrangement does not match the unit.,Fit the trap to the unit's pressure regime.,quality,general knowledge
C-0276,Mechanical,There is no dosing point on the existing closed-loop water the new coils connect to.,latent condition,Mechanical services,Hydraulic services,water treatment,connecting to an existing hydronic loop,replacement/upgrade of an existing system,commercial; institution,design,The loop has no sample or dose point.,Add treatment access before new plant is connected.,quality; safety,AS 3666
C-0277,Mechanical,The expansion vessel is undersized for the water volume of the extended heating system.,design or coordination error,Mechanical services,Hydraulic services,expansion vessel,extending a heating loop,extension,institution,testing/commissioning,The vessel relief lifts when the system heats.,Size the vessel to the connected volume.,cost; quality,general knowledge
C-0278,Mechanical,An existing chimney is unlined and cannot take the condensing boiler proposed as the replacement.,latent condition,Mechanical services,Building envelope,chimney liner,replacing a boiler,replacement/upgrade of an existing system,residential; institution,design,The chimney is masonry and the appliance needs a liner.,Allow for a liner before the boiler is selected.,cost; compliance,AS 5601
C-0279,Mechanical,Combustion air for an existing plant room is drawn from a loading area that is not clean.,latent condition,Mechanical services,Site and external works,combustion air,reusing a plant room,replacement/upgrade of an existing system,industrial,design,The only louvre faces the dock.,Provide clean combustion air.,safety; quality,AS 5601
C-0280,Mechanical,Process extract from a new booth is connected to the general office exhaust.,design or coordination error,Mechanical services,occupant,process exhaust,connecting a booth exhaust,extension,industrial,design,The booth duct joins the office riser.,Keep process extract on its own system.,safety; compliance,AS 1668
C-0281,Mechanical,Process heat from new plant was left out of the ventilation design for the existing shed.,design or coordination error,Mechanical services,Electrical services,industrial ventilation,adding process plant,extension,industrial,testing/commissioning,The shed overheats when the process runs.,Include the process heat in the air quantity.,quality; cost,AS 1668
C-0282,Mechanical,Dust settles in an existing extract duct because the velocity is too low for the material the new process releases.,latent condition,Mechanical services,occupant,dust extract,connecting a new process to an old duct,extension,industrial,testing/commissioning,The duct size is too large for the new flow.,Check velocity for the material.,quality; safety,general knowledge
C-0283,Mechanical,A dust collector's relief is aimed at a path workers use.,design or coordination error,Mechanical services,Access and egress,dust-collector vent,locating a collector,new build; extension,industrial,design,The vent faces the path.,Relieve the collector away from people.,safety,general knowledge
C-0284,Mechanical,The existing roof platform will not carry a refrigerated unit in place of an evaporative cooler.,latent condition,Structure,Mechanical services,roof platform,replacing an evaporative cooler,replacement/upgrade of an existing system,commercial,design,The new weight exceeds the platform.,Check the platform before the unit is ordered.,cost; safety,AS 1170
C-0285,Mechanical,A heat pump's defrost water has nowhere to go on an existing balcony membrane.,design or coordination error,Mechanical services,Building envelope,defrost drain,placing a heat pump on a balcony,replacement/upgrade of an existing system,residential,handover/defects,Defrost water ponds on the membrane.,Drain defrost to a point the membrane can take.,quality,AS 4654
C-0286,Mechanical,Server-room cooling has no second path when the only unit fails.,design or coordination error,Mechanical services,Electrical services,server cooling,upgrading a server room,replacement/upgrade of an existing system,commercial; institution,design,There is a single unit on a single supply.,Provide a cooling path that survives one failure if the brief requires it.,quality; safety,general knowledge
C-0287,Mechanical,Laboratory exhaust re-enters at a rooftop terrace the fit-out adds.,design or coordination error,Mechanical services,occupant,fume exhaust,adding a terrace near an exhaust,refurbishment/fit-out,institution,design,The exhaust is below the terrace.,Discharge clear of the terrace.,safety; compliance,AS 1668
C-0288,Mechanical,Existing ducts cannot be cleaned to the standard the new clinical use needs.,latent condition,Mechanical services,occupant,existing ductwork,reusing ducts for a clinical fit-out,refurbishment/fit-out,institution,demolition/strip-out,A duct inspection shows lining that cannot be cleaned.,Replace ducts that cannot be brought up to the use.,cost; safety,AS 3666
C-0289,Mechanical,A thermal wheel leaks exhaust air into the outside-air stream.,latent condition,Mechanical services,occupant,energy-recovery wheel,commissioning an air handler,replacement/upgrade of an existing system,commercial; institution,testing/commissioning,A tracer test shows transfer across the wheel.,Select a wheel arrangement that suits the exhaust.,quality; safety,AS 1668
C-0290,Mechanical,Radiant panels clash with the sprinkler spacing on an existing ceiling.,design or coordination error,Mechanical services,Active fire protection,radiant panel,adding panels under sprinklers,refurbishment/fit-out,commercial,design,The panels sit in the spray pattern.,Coordinate panels and heads.,compliance; cost,AS 2118
C-0291,Mechanical,An acoustic louvre reduces the free area of the boiler-room ventilation below the appliance requirement.,design or coordination error,Mechanical services,Building envelope,acoustic louvre,treating a boiler-room louvre,remediation/repair,commercial,design,The free area after the louvre is too small.,Size the louvre for both air and noise.,safety; compliance,AS 5601
C-0292,Mechanical,Debris blocks an outside-air intake that was reused without a screen.,latent condition,Mechanical services,Site and external works,intake screen,reusing an intake,replacement/upgrade of an existing system,commercial,handover/defects,The opening has no screen and fills with debris.,Fit a screen that can be cleaned.,quality,AS 1668
C-0293,Mechanical,A garage exhaust fan is fixed to the floor structure of the bedroom above.,design or coordination error,Mechanical services,Structure,exhaust fan,mounting a fan under a bedroom,new build; extension,residential,handover/defects,The fan is on the bedroom joists.,Isolate the fan from the room.,quality,general knowledge
C-0294,Mechanical,An underfloor air plenum in an existing office is full of later data cabling and cannot carry the design airflow.,latent condition,Mechanical services,Communications and security,underfloor plenum,reusing a floor void for air,refurbishment/fit-out,commercial,construction,The void is obstructed.,Clear a path for the air or duct it.,quality; cost,AS 1668
C-0295,Mechanical,Single glazing in an existing shopfront makes the heating load larger than the replacement plant can meet.,latent condition,Mechanical services,Building envelope,shopfront glazing,replacing heating plant,replacement/upgrade of an existing system,commercial,design,The glass performance drives a load the plant cannot cover.,Decide whether the glass or the plant changes.,cost; quality,NCC
C-0296,Mechanical,A humidifier needs water quality the building supply does not have.,latent condition,Mechanical services,Hydraulic services,humidifier,connecting a humidifier,replacement/upgrade of an existing system,commercial; institution,testing/commissioning,The supply analysis does not meet the unit.,Treat the water or change the unit.,cost; quality,general knowledge
C-0297,Mechanical,Dirty extract from an isolation room joins a general riser.,design or coordination error,Mechanical services,occupant,dirty extract,connecting a room exhaust,refurbishment/fit-out,institution,design,The extract duct joins the general riser.,Keep that extract separate.,safety; compliance,AS 1668
C-0298,Mechanical,The refrigerant now required will not suit the grade of the existing pipework.,"process, authority, supply or weather",Mechanical services,Mechanical services,refrigerant pipe,changing refrigerant in an existing plant,replacement/upgrade of an existing system,commercial,design,The pipe specification does not match the new refrigerant.,Replace the pipe or choose a compatible refrigerant path.,cost; compliance,general knowledge
C-0299,Mechanical,Acoustic-louvre depth uses the last of the plant-room floor the replacement chillers need.,design or coordination error,Mechanical services,Building envelope,acoustic louvre,laying out a plant room,replacement/upgrade of an existing system,commercial,design,The louvre depth overlaps the chiller clearance.,Lay the room out with the louvre depth included.,cost; programme,general knowledge
C-0300,Mechanical,Welding exhaust in a new bay discharges beside the fresh-air intake of the existing shed.,design or coordination error,Mechanical services,occupant,welding extract,adding a welding bay,extension,industrial,design,The extract is upwind of the intake.,Discharge clear of the intake.,safety,AS 1668
C-0301,Electrical,The existing switchboard has no spare ways and no spare rating for the fit-out load.,latent condition,Electrical services,Mechanical services,switchboard,adding load to an existing board,refurbishment/fit-out,commercial; institution,design,The board schedule is full and the demand calculation exceeds the rating.,Confirm spare capacity before the fit-out is tendered.,cost; programme; compliance,AS/NZS 3000
C-0302,Electrical,The consumer mains cannot carry the maximum demand of the new equipment.,latent condition,Electrical services,utility,consumer mains,adding equipment load,replacement/upgrade of an existing system,commercial; industrial,design,The mains size is below the new demand.,Check the mains before equipment is ordered.,cost; compliance,AS/NZS 3000
C-0303,Electrical,The supply authority's point of supply is not where the design assumed it would be.,latent condition,Electrical services,utility,point of supply,connecting a new or upgraded supply,new build; replacement/upgrade of an existing system,commercial; industrial,design,The authority's plan shows a different pit.,Confirm the point of supply before the mains route is designed.,cost; programme,AS/NZS 3000
C-0304,Electrical,New submains will not fit the existing riser once the other services are surveyed.,latent condition,Electrical services,Mechanical services,submains,pulling new submains,replacement/upgrade of an existing system,commercial,construction,The riser is full.,Survey the riser before the cable size and route are fixed.,cost; programme,AS/NZS 3000
C-0305,Electrical,Voltage drop fails on the longest final subcircuit once the real route through the existing building is measured.,latent condition,Electrical services,Interiors and finishes,final subcircuit,measuring cable routes,refurbishment/fit-out,commercial; residential,testing/commissioning,The route is longer than the calculation.,Calculate voltage drop on the route that can be built.,compliance; quality,AS/NZS 3000
C-0306,Electrical,The existing ceiling zone is too shallow for the new cable tray.,latent condition,Electrical services,Structure,cable tray,installing tray in an existing ceiling,refurbishment/fit-out,commercial,design,The zone is less than the tray depth.,Measure the zone before the tray is specified.,cost; programme,general knowledge
C-0307,Electrical,The breakers supplied do not discriminate with the upstream device.,"process, authority, supply or weather",Electrical services,Electrical services,circuit breaker,installing a new board,replacement/upgrade of an existing system,commercial; industrial,testing/commissioning,The curves overlap.,Select devices that discriminate before they are ordered.,compliance; quality,AS/NZS 3000
C-0308,Electrical,The earthing design relied on a metal water pipe that has been replaced with plastic.,latent condition,Electrical services,Hydraulic services,earthing,reconnecting an existing installation,replacement/upgrade of an existing system,residential,construction,The pipe at the board is plastic.,Provide an earth that does not depend on the pipe.,compliance; safety,AS/NZS 3000
C-0309,Electrical,The existing switchroom is too small for the replacement board and the clearance in front of it.,latent condition,Electrical services,Access and egress,switchroom,replacing a switchboard,replacement/upgrade of an existing system,commercial; institution,design,The room depth is less than the clearance.,Enlarge the room or choose a board that fits.,cost; compliance,AS/NZS 3000
C-0310,Electrical,The existing board has an asbestos backing and cannot be extended.,latent condition,Electrical services,occupant,asbestos switchboard,adding circuits to an old board,replacement/upgrade of an existing system,commercial; institution; residential,demolition/strip-out,The backing is a known asbestos product once the escutcheon is off.,Treat the board as asbestos and plan its replacement.,cost; safety; programme,general knowledge
C-0311,Electrical,The replacement generator will not fit the existing room or a flue path to outside.,latent condition,Electrical services,Mechanical services,generator,replacing a generator,replacement/upgrade of an existing system,commercial; institution,design,The set and the flue do not fit the room.,Measure the room and the flue path before the set is ordered.,cost; programme,general knowledge
C-0312,Electrical,A photovoltaic array exceeds both the existing roof capacity and the export limit the distributor will allow.,latent condition,Electrical services,utility,photovoltaic array,adding solar to an existing building,replacement/upgrade of an existing system,commercial; industrial; residential,design,The roof check and the distributor's export limit both constrain the array.,Confirm structure and export before the array is sized.,cost; compliance,AS/NZS 3000
C-0313,Electrical,Lighting zones do not follow the rooms the new partitions create.,design or coordination error,Electrical services,Interiors and finishes,lighting zone,partitioning a floor,refurbishment/fit-out,commercial,construction,One switch controls two rooms.,Zone the lighting to the final rooms.,quality; cost,general knowledge
C-0314,Electrical,A late circuit has no spare conduit in the existing slab.,latent condition,Electrical services,Structure,slab conduit,adding a circuit after a slab is cast,refurbishment/fit-out,commercial,construction,The conduits are full or absent on the line.,Surface the circuit or core a coordinated path.,cost; programme,AS/NZS 3000
C-0315,Electrical,The existing supply is single-phase and the new plant is three-phase.,latent condition,Electrical services,utility,supply,connecting three-phase plant,replacement/upgrade of an existing system,residential; commercial,design,The meter is single-phase.,Upgrade the supply before the plant is ordered.,cost; programme,AS/NZS 3000
C-0316,Electrical,A cable tray through an existing fire wall has no room for the seal.,latent condition,Electrical services,Passive fire protection,cable penetration,passing a tray through a rated wall,refurbishment/fit-out,commercial,construction,The wall thickness and the tray fill leave no annular space the seal needs.,Detail a penetration the seal can treat.,compliance; cost,AS 4072.1
C-0317,Electrical,"A luminaire, a sprinkler and a diffuser cannot share the existing tile module.",design or coordination error,Electrical services,Active fire protection,ceiling tile,coordinating a ceiling,refurbishment/fit-out,commercial,design,The three layouts do not land on the same grid.,Coordinate the ceiling before any one trade is fixed.,cost; quality,general knowledge
C-0318,Electrical,The existing underground consumer main is undersized and its route cannot be proved.,latent condition,Electrical services,Site and external works,consumer main,upgrading a supply,replacement/upgrade of an existing system,commercial,excavation,The main cannot be traced to a size that carries the load.,Locate and size the main before it is reused.,cost; programme,AS 5488
C-0319,Electrical,A distribution board that serves more than one tenancy sits inside a tenancy the landlord cannot enter.,latent condition,Electrical services,occupant,distribution board,splitting a floor,refurbishment/fit-out,commercial,design,The board is on the tenant side of the demise.,Put shared boards where they can be reached.,compliance; cost,AS/NZS 3000
C-0320,Electrical,The residual-current device trips on the electronic loads the tenancy connects.,latent condition,Electrical services,Mechanical services,residual-current device,connecting electronic plant,refurbishment/fit-out,commercial; industrial,testing/commissioning,The leakage exceeds the device.,Select a device suited to the load.,quality; compliance,AS/NZS 3000
C-0321,Electrical,Harmonic current from the new equipment overheats a neutral that was not sized for it.,latent condition,Electrical services,Mechanical services,neutral conductor,connecting non-linear loads,replacement/upgrade of an existing system,commercial; industrial,testing/commissioning,The neutral runs hot under load.,Size the neutral for the harmonic current.,safety; cost,AS/NZS 3000
C-0322,Electrical,The existing busbar has no spare tap-off for the extension.,latent condition,Electrical services,Electrical services,busbar,adding a tap-off,extension,commercial; industrial,design,Every position is used.,Confirm a spare tap-off before the load is added.,cost; programme,AS/NZS 3000
C-0323,Electrical,Starting the fire pump drops the voltage on the rest of the existing board.,latent condition,Electrical services,Active fire protection,fire-pump supply,testing a fire pump,replacement/upgrade of an existing system,commercial; industrial,testing/commissioning,Other loads drop out when the pump starts.,Check the board against the pump start.,safety; compliance,AS/NZS 3000
C-0324,Electrical,Essential and general loads were combined on the existing board the fire strategy treats as separated.,latent condition,Electrical services,Active fire protection,essential supply,separating essential loads,replacement/upgrade of an existing system,commercial; institution,design,Essential circuits are on the general section.,Separate the supplies the strategy names.,compliance; cost,NCC
C-0325,Electrical,The generator flue discharges at an openable window of the existing building.,design or coordination error,Electrical services,Building envelope,generator flue,locating a flue,replacement/upgrade of an existing system,commercial,design,The flue is within the clearance of the window.,Terminate the flue clear of openings.,safety; compliance,AS 5601
C-0326,Electrical,"The generator fill point is inside the building, where a tanker cannot reach it.",latent condition,Electrical services,Access and egress,generator fuel fill,reusing a generator room,replacement/upgrade of an existing system,commercial; institution,design,The fill is not on an external wall.,Put the fill where a tanker can reach it.,safety; compliance,general knowledge
C-0327,Electrical,An existing rising main passes through a stair the extension now relies on as fire-isolated.,latent condition,Electrical services,Passive fire protection,rising main,isolating an existing stair,refurbishment/fit-out,commercial,design,The main is inside the enclosure.,Remove unrelated mains from the stair.,compliance; cost,NCC
C-0328,Electrical,Floor boxes miss the workstation layout the tenant signs off after the slab boxes are cast.,design or coordination error,Electrical services,Interiors and finishes,floor box,setting out workstations,refurbishment/fit-out,commercial,construction,The boxes do not sit at the desks.,Hold the box setout until the furniture is agreed.,cost; quality,general knowledge
C-0329,Electrical,The existing slab is too thin for the floor box the fit-out specifies.,latent condition,Electrical services,Structure,floor box,cutting boxes into an existing slab,refurbishment/fit-out,commercial,design,The box depth exceeds the slab.,Choose a box the slab can accept.,cost; quality,general knowledge
C-0330,Electrical,Lighting levels fail because the new finishes are darker than the calculation assumed.,design or coordination error,Electrical services,Interiors and finishes,luminaire,selecting finishes after the lighting design,refurbishment/fit-out,commercial; institution,testing/commissioning,Measured lux is low on the dark finishes.,Recalculate for the finishes actually chosen.,quality,general knowledge
C-0331,Electrical,Tall joinery blocks the emergency lighting on the exit path.,design or coordination error,Electrical services,Interiors and finishes,emergency lighting,installing joinery,refurbishment/fit-out,commercial,testing/commissioning,The path behind the joinery is dark.,Check emergency lighting against the joinery.,compliance,NCC
C-0332,Electrical,External lighting spills across the boundary beyond the permit.,design or coordination error,Electrical services,neighbour,external lighting,aiming floodlights,new build; refurbishment/fit-out,commercial; industrial,handover/defects,Light falls on the neighbour's windows.,Aim and shield the lights to the boundary.,compliance,AS 4282
C-0333,Electrical,A lighting-pole footing clashes with an existing in-ground service.,latent condition,Electrical services,Site and external works,pole footing,excavating a pole base,new build; extension,commercial,excavation,The service is in the footing on the utility plan.,Locate services before pole positions are fixed.,cost; safety,AS 5488
C-0334,Electrical,An existing conduit is full and cannot take the new cable.,latent condition,Electrical services,Electrical services,existing conduit,pulling a new cable,extension,commercial; institution,construction,The conduit will not accept the cable.,Prove spare capacity before the route is relied on.,cost; programme,AS/NZS 3000
C-0335,Electrical,The only path into the existing board is an asbestos conduit.,latent condition,Electrical services,occupant,asbestos conduit,entering an old board,replacement/upgrade of an existing system,commercial,demolition/strip-out,The conduit is a known asbestos product.,Plan a safe entry before cables are added.,safety; cost,general knowledge
C-0336,Electrical,Photovoltaic conduit penetrates the existing roof membrane with no weathering.,workmanship defect,Electrical services,Building envelope,roof penetration,cabling a rooftop array,replacement/upgrade of an existing system,commercial; residential,handover/defects,The conduit is a raw hole in the membrane.,Weather the penetration in the membrane system.,quality; cost,AS 4654
C-0337,Electrical,Inverters derate because the existing room cannot reject their heat.,latent condition,Electrical services,Mechanical services,inverter,placing inverters in an existing room,replacement/upgrade of an existing system,commercial; industrial,testing/commissioning,The room temperature exceeds the inverter limit.,Ventilate the room for the heat rejected.,quality; cost,general knowledge
C-0338,Electrical,The main earthing conductor cannot be taken on a continuous route to the new electrode position.,latent condition,Electrical services,Site and external works,earthing conductor,relocating an earth electrode,replacement/upgrade of an existing system,commercial,construction,The route is blocked by structure.,Agree a continuous route before the electrode is moved.,compliance; cost,AS/NZS 3000
C-0339,Electrical,Equipotential bonding is missed in a new bathroom added to an existing house.,workmanship defect,Electrical services,Hydraulic services,equipotential bonding,adding a bathroom,extension,residential,testing/commissioning,Metal in the room is not bonded.,Bond the wet area.,safety; compliance,AS/NZS 3000
C-0340,Electrical,A lightning downconductor cannot stay separated from the power cables in the existing riser.,latent condition,Electrical services,Electrical services,lightning downconductor,installing lightning protection,replacement/upgrade of an existing system,commercial,design,The only riser already carries power.,Find a separated path to earth.,safety; cost,general knowledge
C-0341,Electrical,The existing roof structure will not accept the fixing the lightning air terminal needs.,latent condition,Electrical services,Structure,air terminal,fixing a terminal to an existing roof,replacement/upgrade of an existing system,commercial,construction,The roof member is too light for the fixing.,Design a fixing the roof can take.,cost; safety,general knowledge
C-0342,Electrical,The builder's supply is too small to run the plant during commissioning of an occupied refurbishment.,"process, authority, supply or weather",Electrical services,programme,temporary supply,commissioning before permanent supply,refurbishment/fit-out,commercial; institution,testing/commissioning,The temporary board rating is below the commissioning load.,Size the temporary supply for commissioning.,programme; cost,general knowledge
C-0343,Electrical,The existing private pole is unsafe to reconnect the upgraded mains to.,latent condition,Electrical services,utility,private pole,reconnecting mains,replacement/upgrade of an existing system,residential,construction,The pole is split and the hardware is failed.,Replace the pole before reconnection.,safety; cost,AS/NZS 3000
C-0344,Electrical,Metering does not follow the tenancy split the fit-out creates.,design or coordination error,Electrical services,occupant,meter,splitting tenancies,refurbishment/fit-out,commercial,design,One meter covers two tenancies.,Meter each tenancy on the supply it uses.,compliance; cost,AS/NZS 3000
C-0345,Electrical,The proposed sub-metering is not an arrangement the distributor will accept.,"process, authority, supply or weather",Electrical services,authority,sub-meter,setting up an embedded network,refurbishment/fit-out,commercial; residential,design,The distributor's rules exclude the arrangement.,Agree metering with the distributor before tender.,cost; compliance,general knowledge
C-0346,Electrical,The cable supplied will not fit the lug on the breaker.,"process, authority, supply or weather",Electrical services,Electrical services,cable termination,terminating a new cable,replacement/upgrade of an existing system,industrial; commercial,construction,The cable and the lug are different sizes.,Match terminations to the cable before delivery.,cost; programme,AS/NZS 3000
C-0347,Electrical,The board's fault rating is below the fault level the authority now quotes.,latent condition,Electrical services,utility,switchboard fault rating,connecting to the existing network,replacement/upgrade of an existing system,commercial; industrial,design,The quoted fault level exceeds the board label.,Confirm fault level before the board is reused or ordered.,safety; compliance,AS/NZS 3000
C-0348,Electrical,The existing board's fault rating cannot be proved from the label or the records.,latent condition,Electrical services,Electrical services,existing switchboard,adding load to an old board,replacement/upgrade of an existing system,commercial,design,There is no rating on the board.,Prove the rating or replace the board.,safety; cost,AS/NZS 3000
C-0349,Electrical,A new breaker does not coordinate with the existing fuses upstream.,design or coordination error,Electrical services,Electrical services,fuse and breaker,adding a breaker downstream of fuses,extension,industrial,testing/commissioning,The curves do not coordinate.,Select a device that coordinates.,compliance; quality,AS/NZS 3000
C-0350,Electrical,"A variable-speed-drive cable is longer than the drive allows, and the motor fails.",design or coordination error,Electrical services,Mechanical services,drive cable,cabling a drive to a remote motor,replacement/upgrade of an existing system,industrial,testing/commissioning,The cable length exceeds the drive limit.,Keep the cable within the drive's length or fit the mitigation the maker requires.,cost; quality,general knowledge
C-0351,Electrical,Equipment in a hazardous area is not rated for the zone the process actually creates.,latent condition,Electrical services,occupant,hazardous-area equipment,installing plant in a zoned area,refurbishment/fit-out,industrial,design,The zone drawing and the equipment rating do not match.,Match the equipment to the zone.,safety; compliance,AS/NZS 3000
C-0352,Electrical,"Steelwork is not bonded across expansion joints, so the structure is not a continuous earth.",workmanship defect,Electrical services,Structure,structural bonding,using steelwork as an earth path,new build; extension,industrial,testing/commissioning,The joint is not bonded.,Bond across joints that break the path.,safety,AS/NZS 3000
C-0353,Electrical,Crane collector gear clashes with the new cable tray on the crane beam.,design or coordination error,Electrical services,Mechanical services,crane collector,running tray along a crane beam,extension,industrial,construction,The tray is in the collector envelope.,Keep the collector clear.,cost; safety,general knowledge
C-0354,Electrical,An in-ground supply pit clashes with a new footing.,latent condition,Electrical services,Substructure,supply pit,excavating a footing,new build,commercial,excavation,The pit is on the footing line.,Locate the pit before footings are set out.,cost; programme,AS 5488
C-0355,Electrical,An existing substation room does not meet the ventilation the transformer requires.,latent condition,Electrical services,Mechanical services,substation ventilation,reusing a substation room,replacement/upgrade of an existing system,commercial,design,The free area is below the transformer's requirement.,Ventilate the room to the transformer's needs.,safety; compliance,general knowledge
C-0356,Electrical,A high-voltage easement crosses the site of a proposed extension.,latent condition,Electrical services,Site and external works,high-voltage cable,building near an easement,extension,commercial; industrial,design,The easement is on title across the extension.,Keep the building clear of the easement.,cost; compliance,general knowledge
C-0357,Electrical,A battery room cannot vent the hydrogen the replacement batteries can release.,latent condition,Electrical services,Mechanical services,battery-room ventilation,replacing batteries,replacement/upgrade of an existing system,commercial; institution,design,The room has no high-level exhaust.,Vent the room for the batteries.,safety,general knowledge
C-0358,Electrical,Joints in an existing rising busbar overheat when the extension load is added.,latent condition,Electrical services,Electrical services,busbar joint,adding load to a busbar,extension,commercial,testing/commissioning,A thermal scan shows hot joints.,Repair joints before load is added.,safety; cost,AS/NZS 3000
C-0359,Electrical,The photovoltaic shutdown switch is not at the point firefighters can use.,design or coordination error,Electrical services,Active fire protection,PV shutdown switch,installing a rooftop array,replacement/upgrade of an existing system,commercial; residential,handover/defects,"The switch is on the roof, not at the attendance point.",Place the switch where firefighters can reach it.,compliance; safety,AS/NZS 3000
C-0360,Electrical,Vehicle chargers push the existing supply over its limit.,latent condition,Electrical services,utility,vehicle charger,adding chargers,replacement/upgrade of an existing system,residential; commercial,design,The demand with the chargers exceeds the supply.,Upgrade the supply or manage the charge load.,cost; compliance,AS/NZS 3000
C-0361,Electrical,The switchroom door opens across a required exit and reduces its width.,design or coordination error,Electrical services,Access and egress,switchroom door,placing a door on an exit path,new build; refurbishment/fit-out,commercial,design,The swing cuts the exit width.,Swing the door clear of the exit.,compliance,NCC
C-0362,Electrical,A conduit cored through a post-tensioned slab hits a tendon.,latent condition,Electrical services,Structure,post-tension tendon,coring for conduit,refurbishment/fit-out,commercial,construction,The tendon is on the scan under the hole.,Scan before coring.,safety; cost,AS 3600
C-0363,Electrical,An existing mineral-insulated cable cannot be jointed to divert it around the new lift.,latent condition,Electrical services,Vertical transport,mineral-insulated cable,diverting a cable,extension,commercial,construction,The cable type cannot be jointed on site.,Replace the cable rather than divert it.,cost; programme,AS/NZS 3000
C-0364,Electrical,A new cladding system covers the existing meter box.,design or coordination error,Electrical services,Building envelope,meter box,recladding a wall,replacement/upgrade of an existing system,residential,construction,The cladding line passes over the box.,Keep the meter readable on the finished face.,compliance; cost,AS/NZS 3000
C-0365,Electrical,Common-area lighting is fed from a tenancy board.,latent condition,Electrical services,occupant,common lighting,separating a tenancy board,refurbishment/fit-out,commercial,design,The common lights are on the tenant's circuits.,Feed common loads from a house supply.,compliance; cost,AS/NZS 3000
C-0366,Electrical,Kitchen equipment load exceeds the diversity the base-building board was sized on.,latent condition,Electrical services,Mechanical services,kitchen supply,fitting out a kitchen,refurbishment/fit-out,commercial,design,The equipment schedule exceeds the allowance.,Size the supply to the equipment.,cost; compliance,AS/NZS 3000
C-0367,Electrical,Life-safety cable is not the fire-rated type for part of its route through an existing ceiling.,workmanship defect,Electrical services,Passive fire protection,life-safety cable,cabling an existing building,refurbishment/fit-out,commercial; institution,handover/defects,A length of ordinary cable is in the route.,Keep the rating continuous.,compliance; safety,AS 1670
C-0368,Electrical,An existing lightning mast no longer covers the roof once new plant is added beside it.,latent condition,Electrical services,Mechanical services,lightning mast,adding roof plant,extension,commercial,design,The plant sits outside the zone of protection.,Extend the protection to the new plant.,safety,general knowledge
C-0369,Electrical,A socket outlet in a refurbished laundry is inside the restricted zone around the tub.,workmanship defect,Electrical services,Hydraulic services,socket outlet,fitting out a laundry,refurbishment/fit-out,residential,handover/defects,The outlet is inside the zone.,Place outlets outside the zone.,safety; compliance,AS/NZS 3000
C-0370,Electrical,A street-light cable is cut by a new vehicle crossing.,latent condition,Electrical services,Site and external works,street-light cable,excavating a crossover,new build; extension,residential; commercial,excavation,The cable is in the crossing on the utility plan.,Locate the cable before the crossing is excavated.,cost; safety,Before You Dig Australia
C-0371,Electrical,During cutover the old board is left without an earth while the new board is connected.,workmanship defect,Electrical services,occupant,earthing,cutting over a switchboard,replacement/upgrade of an existing system,commercial,construction,The earth is lifted before the new one is on.,Keep an earth on every board that stays energised.,safety,AS/NZS 3000
C-0372,Electrical,A hospital imaging room's final subcircuit shares a board with a mechanical load that dips the voltage.,latent condition,Electrical services,Mechanical services,imaging supply,connecting imaging equipment,refurbishment/fit-out,institution,testing/commissioning,The image fails when the mechanical load starts.,Give the equipment a supply that stays within its voltage tolerance.,quality; cost,AS/NZS 3000
C-0373,Electrical,"The existing main switchroom is below a wet area the fit-out adds, and the slab between them is cracked.",latent condition,Electrical services,Hydraulic services,switchroom below a wet area,placing a wet area over a switchroom,refurbishment/fit-out,commercial,design,The crack is on the soffit above the boards.,Do not put a wet area over the room unless the slab is proved dry.,safety; cost,AS/NZS 3000
C-0374,Electrical,Emergency lighting in a school hall is supplied from a local circuit the stage fit-out can turn off.,design or coordination error,Electrical services,occupant,emergency lighting,fitting out a hall,refurbishment/fit-out,institution,testing/commissioning,The lights go out with the stage board.,Feed emergency lighting from a supply the stage cannot isolate.,compliance; safety,NCC
C-0375,Electrical,A new switchboard manufactured overseas arrives with devices that are not the ones the discrimination study used.,"process, authority, supply or weather",Electrical services,contract,switchboard devices,delivering a custom board,replacement/upgrade of an existing system,commercial; industrial,construction,The device list does not match the study.,Hold the study devices in the order.,cost; programme; compliance,AS/NZS 3000
C-0376,Hydraulics,The existing sewer branch is too high for the new fixtures in the extension.,latent condition,Hydraulic services,utility,sewer branch,connecting new fixtures,extension,residential; commercial,design,The branch invert is above the fixture outlets.,Survey the branch before fixtures are set.,cost; compliance,AS 3500
C-0377,Hydraulics,A new soil stack clashes with an existing beam on the only available riser line.,latent condition,Hydraulic services,Structure,soil stack,routing a stack,refurbishment/fit-out,commercial; residential,design,The beam is on the stack line.,Move the stack or the beam penetration before tender.,cost; programme,AS 3500
C-0378,Hydraulics,Sanitary grade is lost because the existing slab is thicker than the survey allowed for.,latent condition,Hydraulic services,Structure,sanitary drain,hanging drains under an existing slab,refurbishment/fit-out,commercial,construction,The soffit is lower than the long section assumed.,Measure the soffit before grades are fixed.,cost; quality,AS 3500
C-0379,Hydraulics,A fixture trapped in a new internal room has no vent path back to the existing stack.,latent condition,Hydraulic services,Structure,fixture vent,fitting out a room away from the stack,refurbishment/fit-out,commercial; residential,design,There is no path for a vent.,Vent the fixture or relocate it.,compliance; cost,AS 3500
C-0380,Hydraulics,Water pressure on the top floor of an existing building is below what the new fixtures need.,latent condition,Hydraulic services,utility,cold-water pressure,adding fixtures at the top floor,replacement/upgrade of an existing system,commercial; residential,testing/commissioning,A pressure test at the outlet is low.,Measure pressure before fixtures are specified.,quality; cost,AS 3500
C-0381,Hydraulics,An existing galvanised water service fails as soon as it is cut to connect the extension.,latent condition,Hydraulic services,Hydraulic services,galvanised water pipe,cutting into an old water service,extension,residential,construction,The pipe sheds rust and will not hold a joint.,"Allow to replace the service, not just tap into it.",cost; programme,AS 3500
C-0382,Hydraulics,The replacement hot-water plant will not fit the existing cupboard or a flue.,latent condition,Hydraulic services,Mechanical services,hot-water plant,replacing a water heater,replacement/upgrade of an existing system,residential; institution,design,The unit and flue exceed the cupboard.,Measure the space before the unit is selected.,cost; programme,AS 3500
C-0383,Hydraulics,Tempered water cannot reach the new outlet within the pipe length the valve allows.,design or coordination error,Hydraulic services,occupant,tempering valve,adding a sanitary outlet,refurbishment/fit-out,institution; commercial,design,The outlet is further from the valve than the limit.,Move the valve or the outlet.,compliance; safety,AS 3500
C-0384,Hydraulics,A trade-waste arrestor will not fit the level or the access the authority requires.,latent condition,Hydraulic services,authority,trade-waste arrestor,installing an arrestor,refurbishment/fit-out,commercial; industrial,design,The invert and the access path do not suit the authority's rules.,Agree the location before the arrestor is ordered.,cost; compliance,Plumbing Code of Australia
C-0385,Hydraulics,A new downpipe and the existing soil stack compete for the same riser space.,design or coordination error,Hydraulic services,Building envelope,downpipe,coordinating a riser,extension,residential; commercial,design,Both pipes are drawn in the same shaft.,Give each pipe its own space.,cost; programme,AS 3500
C-0386,Hydraulics,The existing combined drain cannot take the new sanitary load the authority will no longer accept on that line.,"process, authority, supply or weather",Hydraulic services,authority,combined drain,connecting new sanitary drainage,extension,residential; commercial,design,The authority requires a separate sewer.,Separate the sanitary connection.,cost; compliance,AS 3500
C-0387,Hydraulics,A backflow device has no drain for its relief port.,design or coordination error,Hydraulic services,Hydraulic services,backflow device,installing backflow protection,replacement/upgrade of an existing system,commercial; industrial,construction,The relief discharges onto the floor.,Drain the relief to a point that can take it.,compliance; quality,AS 3500
C-0388,Hydraulics,Fire and potable water share a connection with no backflow split.,latent condition,Hydraulic services,Active fire protection,backflow protection,connecting fire and potable water,replacement/upgrade of an existing system,commercial,design,The services join without a break.,Protect the potable supply from the fire system.,compliance; safety,AS 3500
C-0389,Hydraulics,A plant-room floor waste has no fall in the existing slab.,latent condition,Hydraulic services,Structure,plant-room waste,adding a waste to an existing plant room,replacement/upgrade of an existing system,commercial,construction,The slab falls away from the waste.,Form falls or move the waste.,quality,AS 3500
C-0390,Hydraulics,An existing stack leaks when the new fixtures are connected.,latent condition,Hydraulic services,Interiors and finishes,existing stack,adding fixtures to an old stack,extension,residential,testing/commissioning,The stack weeps at joints under the extra flow.,Camera or test the stack before it is reused.,cost; quality,AS 3500
C-0391,Hydraulics,A balcony outlet is connected to the sewer rather than the stormwater.,workmanship defect,Hydraulic services,Site and external works,balcony drainage,connecting a balcony outlet,remediation/repair,residential,handover/defects,The pipe joins the sanitary stack.,Take rainwater to stormwater.,compliance; quality,AS 3500
C-0392,Hydraulics,The hydraulic riser is full and the new wet stack cannot enter it.,latent condition,Hydraulic services,Passive fire protection,services riser,adding a stack,extension,commercial,design,The riser survey shows no room.,Find a path before the stack is documented.,cost; programme,general knowledge
C-0393,Hydraulics,The water meter cannot be read without entering a tenancy.,latent condition,Hydraulic services,occupant,water meter,relocating a meter during a fit-out,refurbishment/fit-out,commercial,design,The meter is inside the demise.,Put the meter where it can be read.,compliance,AS 3500
C-0394,Hydraulics,A fixture below the sewer has a pump with no alarm and no storage.,design or coordination error,Hydraulic services,Electrical services,sewage pump,draining a fixture below the sewer,refurbishment/fit-out,commercial; residential,design,The pump detail has no alarm or well volume.,Provide storage and an alarm.,quality; safety,AS 3500
C-0395,Hydraulics,The existing grease arrestor is undersized for the new kitchen.,latent condition,Hydraulic services,occupant,grease arrestor,fitting out a larger kitchen,refurbishment/fit-out,commercial,design,The fixture load exceeds the arrestor.,Size the arrestor to the kitchen.,compliance; cost,AS 3500
C-0396,Hydraulics,"A hot-water ring cannot be balanced, and the last fixture in an existing wing runs cold.",latent condition,Hydraulic services,occupant,hot-water ring,extending a hot-water ring,extension,institution; commercial,testing/commissioning,The end fixture does not hold temperature.,Balance the ring or reconfigure it.,quality; cost,AS 3500
C-0397,Hydraulics,A dead leg left by a demolished fixture is longer than the plumbing code allows.,latent condition,Hydraulic services,occupant,dead leg,demolishing fixtures and leaving pipework,refurbishment/fit-out,institution; commercial,demolition/strip-out,The abandoned pipe is still connected.,Cut back dead legs.,compliance; safety,AS 3500
C-0398,Hydraulics,"New press fittings will not seal on the existing copper, which is a size the fittings do not cover.",latent condition,Hydraulic services,Hydraulic services,copper pipe,jointing to existing copper,remediation/repair,residential,construction,The pipe diameter is not a current size.,Identify the pipe before fittings are ordered.,cost; programme,AS 3500
C-0399,Hydraulics,An in-wall cistern clashes with the existing stud the wall cannot spare.,latent condition,Hydraulic services,Structure,in-wall cistern,installing a cistern,refurbishment/fit-out,residential; commercial,construction,The stud is in the cistern bay.,Open the wall and set the cistern to the framing.,cost; programme,general knowledge
C-0400,Hydraulics,A wall-hung pan carrier has no solid fixing in the lightweight wall.,design or coordination error,Hydraulic services,Interiors and finishes,pan carrier,fixing a wall-hung pan,refurbishment/fit-out,commercial; institution,construction,The wall is lining on light studs.,Build the wall to take the carrier.,cost; quality,general knowledge
C-0401,Hydraulics,Grab rails in an accessible toilet have no backing in the existing wall.,latent condition,Hydraulic services,Access and egress,grab rail,installing rails,refurbishment/fit-out,commercial; institution,construction,The wall is hollow at the rail positions.,Provide backing before the rails are fixed.,compliance; safety,AS 1428
C-0402,Hydraulics,The shower mixer ends up outside the zone the new screen leaves reachable.,design or coordination error,Hydraulic services,Interiors and finishes,shower mixer,setting a screen,refurbishment/fit-out,residential,handover/defects,The mixer is outside the screen.,Set the mixer and the screen together.,quality,general knowledge
C-0403,Hydraulics,An existing vent terminates inside the roof of the new extension.,latent condition,Hydraulic services,Building envelope,vent terminal,building a roof over an existing vent,extension,residential,construction,The vent is under the new roof.,Extend the vent to open air.,compliance; quality,AS 3500
C-0404,Hydraulics,A stack vent is too close to a new openable window.,latent condition,Hydraulic services,Building envelope,vent terminal,adding a window near a vent,extension,residential; commercial,design,The terminal is inside the clearance of the window.,Move the vent or the window.,compliance,AS 3500
C-0405,Hydraulics,An overflow relief gully is buried by the new paving.,workmanship defect,Hydraulic services,Site and external works,overflow relief gully,paving over a yard,extension,residential,handover/defects,The gully is under the paving.,Keep the gully as the low point and keep it accessible.,compliance; quality,AS 3500
C-0406,Hydraulics,"The authority sewer surcharges, and the existing building has no reflux valve.",latent condition,Hydraulic services,utility,reflux valve,connecting to a surcharging sewer,extension; remediation/repair,residential; commercial,design,The authority advises the sewer can surcharge.,Fit a reflux valve that can be maintained.,compliance; cost,AS 3500
C-0407,Hydraulics,There is no serviceable position for a reflux valve on the existing drainage.,latent condition,Hydraulic services,Site and external works,reflux valve,installing reflux protection,remediation/repair,residential,design,The drain is under the slab with no riser.,Provide an accessible valve.,compliance; cost,AS 3500
C-0408,Hydraulics,Rainwater reuse is cross-connected to the potable supply.,workmanship defect,Hydraulic services,Hydraulic services,rainwater cross-connection,connecting a rainwater tank,new build; replacement/upgrade of an existing system,residential,testing/commissioning,The tank main joins the potable pipe without a break.,Separate the supplies.,safety; compliance,AS 3500
C-0409,Hydraulics,A non-potable outlet is connected as drinking water and is not marked.,workmanship defect,Hydraulic services,occupant,non-potable outlet,connecting recycled water,new build,commercial; residential,handover/defects,The outlet is on the drinking system.,Keep non-potable water separate and identified.,safety; compliance,AS 3500
C-0410,Hydraulics,Cooling-tower makeup has no backflow protection of the hazard the tower represents.,design or coordination error,Hydraulic services,Mechanical services,makeup backflow,connecting tower makeup,replacement/upgrade of an existing system,commercial,design,The device hazard is below the tower.,Protect the supply to the tower's hazard.,compliance; safety,AS 3500
C-0411,Hydraulics,Trade-waste quality from the new process is outside the agreement with the authority.,latent condition,Hydraulic services,authority,trade waste,connecting a process discharge,extension,industrial,testing/commissioning,Samples exceed the agreement.,Treat the waste to the agreement or renegotiate it.,compliance; cost,Plumbing Code of Australia
C-0412,Hydraulics,A dilution pit will not fit under the process equipment it has to serve.,latent condition,Hydraulic services,Structure,dilution pit,setting equipment over a pit,refurbishment/fit-out,industrial,design,The pit depth clashes with the equipment base.,Coordinate the pit and the equipment.,cost; programme,general knowledge
C-0413,Hydraulics,An eyewash has no drainage and no tempered supply.,design or coordination error,Hydraulic services,occupant,eyewash,installing an eyewash,refurbishment/fit-out,industrial; institution,design,The eyewash has no drain and is on cold water only.,Provide tempered water and a drain.,safety; compliance,general knowledge
C-0414,Hydraulics,A hose-reel tee on the potable main leaves the drinking water unprotected.,latent condition,Hydraulic services,Active fire protection,hose-reel connection,reconnecting a hose reel,remediation/repair,commercial,design,The reel is teed off the potable pipe with no backflow device.,Protect the potable supply.,compliance; safety,AS 3500
C-0415,Hydraulics,"A pipe is cast into an existing slab penetration with no sleeve, so the membrane cannot dress to it.",workmanship defect,Hydraulic services,Structure,pipe sleeve,casting a pipe into a slab,new build; refurbishment/fit-out,commercial,construction,The pipe is tight in the concrete.,Sleeve pipes that must move or be waterproofed.,quality; cost,AS 3500
C-0416,Hydraulics,A soil stack fixed hard to a bedroom wall is audible in the room.,design or coordination error,Hydraulic services,Interiors and finishes,soil stack,fixing a stack,new build; refurbishment/fit-out,residential,handover/defects,The stack is unlagged on the bedroom wall.,Lag and isolate the stack where it passes a bedroom.,quality,general knowledge
C-0417,Hydraulics,A stack bend has no clearing point that can be reached.,latent condition,Hydraulic services,Interiors and finishes,inspection opening,concealing a stack,refurbishment/fit-out,residential; commercial,construction,The bend is behind fixed joinery.,Leave a reachable clearing point.,quality,AS 3500
C-0418,Hydraulics,The easement drain the house connects to is damaged and will not take the extension.,latent condition,Hydraulic services,Site and external works,easement drain,connecting an extension,extension,residential,excavation,A camera of the easement pipe shows it is collapsed.,Prove the outfall before the extension drainage is designed.,cost; programme,AS 3500
C-0419,Hydraulics,Water hammer appears when new quick-closing valves are added to an existing main with no arrestor.,latent condition,Hydraulic services,Hydraulic services,water hammer,adding solenoid valves,replacement/upgrade of an existing system,commercial,testing/commissioning,The pipe bangs when the valves shut.,Fit arrestors.,quality; cost,AS 3500
C-0420,Hydraulics,A hot-water relief valve discharges where a person can be scalded.,design or coordination error,Hydraulic services,occupant,relief valve,replacing a water heater,replacement/upgrade of an existing system,residential; institution,handover/defects,The relief points at a path.,Discharge the relief to a safe visible point.,safety,AS 3500
C-0421,Hydraulics,A safe tray under a water heater has no drain.,workmanship defect,Hydraulic services,Interiors and finishes,safe tray,replacing a water heater,replacement/upgrade of an existing system,residential,handover/defects,The tray has no outlet.,Drain the tray.,quality,AS 3500
C-0422,Hydraulics,An existing galvanised stack sheds rust into new fixtures.,latent condition,Hydraulic services,Interiors and finishes,galvanised stack,connecting new fixtures to an old stack,remediation/repair,residential,handover/defects,Rust appears in the new basins.,Replace the stack or line it before the fixtures are connected.,cost; quality,AS 3500
C-0423,Hydraulics,Siphonic roof outlets miss the low points of the existing roof.,design or coordination error,Hydraulic services,Building envelope,siphonic outlet,converting a roof to siphonic drainage,replacement/upgrade of an existing system,commercial,testing/commissioning,Water ponds away from the outlets.,Set outlets at the real low points.,quality; cost,AS 3500
C-0424,Hydraulics,A siphonic pipe cannot hold its height under the existing structure.,latent condition,Hydraulic services,Structure,siphonic pipe,routing siphonic pipework,replacement/upgrade of an existing system,commercial,design,Beams force the pipe below its design height.,Route the pipe where the height can be kept.,cost; quality,general knowledge
C-0425,Hydraulics,A greywater system has no lawful place for the excess water.,design or coordination error,Hydraulic services,Site and external works,greywater disposal,installing greywater reuse,new build,residential,design,The site cannot dispose of the surplus.,Provide a disposal path before the system is specified.,compliance; cost,AS 3500
C-0426,Hydraulics,Laboratory waste joins the domestic sewer.,design or coordination error,Hydraulic services,occupant,laboratory waste,connecting a lab,refurbishment/fit-out,institution,design,The lab sink is on the domestic stack.,Keep laboratory waste on its own system until it is approved to join.,compliance; safety,Plumbing Code of Australia
C-0427,Hydraulics,An existing sewer rising main is at the end of its life and will not carry the extension.,latent condition,Hydraulic services,utility,sewer rising main,adding flow to a rising main,extension,commercial,design,The main bursts under test pressure.,Test or replace the main before the load is added.,cost; programme,AS 3500
C-0428,Hydraulics,The chemical-drain material is wrong for the chemical the process actually uses.,latent condition,Hydraulic services,occupant,chemical drain,connecting a process,refurbishment/fit-out,industrial,design,The pipe data does not resist the chemical.,Match the pipe to the chemical.,safety; cost,general knowledge
C-0429,Hydraulics,"A tundish is hidden in a ceiling, so a relief discharge will not be seen.",design or coordination error,Hydraulic services,Interiors and finishes,tundish,concealing a relief,refurbishment/fit-out,residential; commercial,construction,The tundish is above a fixed ceiling.,Put the tundish where a discharge is visible.,quality; safety,AS 3500
C-0430,Hydraulics,Sprinkler test water discharges into a sanitary stack that is not sized for it.,design or coordination error,Active fire protection,Hydraulic services,sprinkler drain,draining a sprinkler test,replacement/upgrade of an existing system,commercial,design,The test flow exceeds the stack.,Drain the test to a system that can take it.,quality; compliance,AS 2118
C-0431,Hydraulics,The water meter is downstream of a branch the new work needs to be upstream of.,latent condition,Hydraulic services,utility,water meter,adding a branch,extension,commercial,construction,The new branch leaves the main before the meter.,Meter all the water the account must cover.,compliance,AS 3500
C-0432,Hydraulics,An uncapped live main is not thrust-restrained when it is cut for a diversion.,workmanship defect,Hydraulic services,Site and external works,thrust restraint,diverting a water main,new build; extension,commercial; industrial,construction,The cap has no thrust block.,Restrain the main before it is cut.,safety; cost,AS 3500
C-0433,Hydraulics,The gutter outlet does not match the downpipe boss on the existing gutter.,latent condition,Building envelope,Hydraulic services,downpipe boss,replacing a downpipe,remediation/repair,residential,construction,The boss and the outlet are different sizes.,Match the boss to the outlet.,cost; quality,AS 3500
C-0434,Hydraulics,A stack in a shaft has no way to reach its joints.,latent condition,Hydraulic services,Access and egress,stack access,building a shaft around a stack,new build,commercial,design,There is no platform or door.,Provide access to the joints.,quality,AS 3500
C-0435,Hydraulics,Recycled-water pipe runs unmarked beside potable pipe in a ceiling.,workmanship defect,Hydraulic services,Hydraulic services,recycled-water pipe,installing recycled water,new build,commercial; residential,handover/defects,The pipes are the same colour and adjacent.,Identify and separate the recycled pipe.,safety; compliance,AS 3500
C-0436,Hydraulics,A hospital pan-room flush system overloads the existing stack at the change of shift.,latent condition,Hydraulic services,occupant,sanitary stack,adding pan flushers,refurbishment/fit-out,institution,testing/commissioning,The stack surcharges when the pans flush together.,Size the stack for the simultaneous flush.,quality; cost,AS 3500
C-0437,Hydraulics,An existing trade-waste pit under a new driveway has no structural cover for the wheel load.,latent condition,Hydraulic services,Site and external works,trade-waste pit,paving over a pit,extension,commercial; industrial,design,The cover is a light lid.,Replace the cover for the vehicle load.,safety; cost,AS 3500
C-0438,Hydraulics,A school drinking fountain is connected downstream of a non-potable tank without a break.,workmanship defect,Hydraulic services,occupant,drinking fountain,reconnecting fountains,remediation/repair,institution,testing/commissioning,The fountain is on the tank main.,Feed drinking outlets from the potable supply.,safety; compliance,AS 3500
C-0439,Vertical transport,The existing lift shaft is out of plumb beyond the guide-rail adjustment of the replacement lift.,latent condition,Vertical transport,Structure,lift shaft,replacing a lift,replacement/upgrade of an existing system,commercial; institution,design,A plumb survey exceeds the rail adjustment.,Survey the shaft before the lift is ordered.,cost; programme,AS 1735
C-0440,Vertical transport,The existing pit is shallower than the lift that meets the current access standard.,latent condition,Vertical transport,Access and egress,lift pit,replacing a lift,replacement/upgrade of an existing system,commercial; institution,design,The pit depth is short of the selected lift.,Match the lift to the pit or deepen the pit.,cost; compliance,AS 1735
C-0441,Vertical transport,Headroom above the existing car is short of the overrun the replacement lift needs.,latent condition,Vertical transport,Structure,lift overrun,replacing a lift,replacement/upgrade of an existing system,commercial,design,The underside of the slab is too low.,Select a lift the headroom can accept or raise the overrun.,cost; compliance,AS 1735
C-0442,Vertical transport,"A modern accessible lift will not fit the existing shaft, pit and headroom together.",latent condition,Vertical transport,Access and egress,existing lift well,upgrading a lift for access,replacement/upgrade of an existing system,commercial; institution,design,No compliant lift fits all three dimensions.,Confirm a lift that fits before the upgrade is promised.,cost; compliance,Disability (Access to Premises — Buildings) Standards
C-0443,Vertical transport,The slab over a shaft was not designed for the loads of the machine-room-less lift now selected.,design or coordination error,Vertical transport,Structure,lift loads,changing lift type,replacement/upgrade of an existing system,commercial,design,The reactions differ from the original machine room.,Check the slab for the lift that will be installed.,cost; safety,AS 1735
C-0444,Vertical transport,"The lifting beam over the shaft was omitted, so the car cannot be installed.",design or coordination error,Vertical transport,Structure,lifting beam,installing a lift,new build; replacement/upgrade of an existing system,commercial,construction,There is no beam rated for the car.,Provide a lifting beam before installation.,programme; cost,AS 1735
C-0445,Vertical transport,Plant covers the shaft ventilation opening.,design or coordination error,Vertical transport,Mechanical services,shaft vent,placing plant beside a vent,extension,commercial,design,The vent is inside the plant footprint.,Keep the vent open to outside.,compliance,AS 1735
C-0446,Vertical transport,Landing doors clash with a new lobby bulkhead.,design or coordination error,Vertical transport,Interiors and finishes,landing door,adding a bulkhead,refurbishment/fit-out,commercial,construction,The bulkhead is below the door head.,Keep the entrance clear of the bulkhead.,cost; quality,AS 1735
C-0447,Vertical transport,The call button lands in a tile joint and cannot be fixed to a solid background.,design or coordination error,Vertical transport,Interiors and finishes,lift call button,tiling a lobby,refurbishment/fit-out,commercial,construction,The button is on a joint.,Set the button on a solid part of the wall.,quality,general knowledge
C-0448,Vertical transport,The lift-pit sump has no lawful discharge.,latent condition,Vertical transport,Hydraulic services,pit sump,forming a pit sump,new build; replacement/upgrade of an existing system,commercial,design,The sump pump has nowhere to go.,Discharge the pit to a drain the system allows.,compliance; cost,AS 3500
C-0449,Vertical transport,Buffer fixings pierce the pit waterproofing.,workmanship defect,Vertical transport,Substructure,buffer fixing,fixing buffers,new build,commercial,construction,The bolts pass through the membrane.,Collar the fixings into the tanking.,quality,AS 1735
C-0450,Vertical transport,The existing lift machine sits on a timber floor that cannot carry the replacement machine.,latent condition,Vertical transport,Structure,lift machine floor,replacing a machine,replacement/upgrade of an existing system,commercial,design,The floor is timber and the new machine is heavier.,Check the floor before the machine is ordered.,cost; safety,AS 1735
C-0451,Vertical transport,The lift supply is not on the essential circuit the fire strategy requires.,design or coordination error,Vertical transport,Electrical services,lift supply,connecting a lift,replacement/upgrade of an existing system,commercial; institution,testing/commissioning,The feeder is on the general board.,Feed the lift from the essential supply.,compliance; safety,NCC
C-0452,Vertical transport,Running clearance is lost because the shaft was built small.,latent condition,Vertical transport,Structure,lift running clearance,installing a car,new build,commercial,construction,The shaft size is inside the car's clearance.,Hold the shaft size to the lift shop drawings.,cost; programme,AS 1735
C-0453,Vertical transport,A goods-lift door clashes with the dock leveller.,design or coordination error,Vertical transport,Site and external works,goods-lift door,setting a lift at a dock,new build; refurbishment/fit-out,industrial,design,The door and the leveller occupy the same opening.,Separate the lift entrance and the dock equipment.,cost; programme,general knowledge
C-0454,Vertical transport,A platform lift has no landing clear of the door swing.,latent condition,Vertical transport,Access and egress,platform lift,installing a platform lift,refurbishment/fit-out,residential; institution,design,The landing is inside the swing.,Provide a landing the lift and the door can share.,compliance,Disability (Access to Premises — Buildings) Standards
C-0455,Vertical transport,The gap between an existing lift well and the floor slabs is not fire-stopped.,latent condition,Vertical transport,Passive fire protection,lift-well stopping,upgrading a lift,replacement/upgrade of an existing system,commercial,demolition/strip-out,The gap is open at each floor.,Stop the well at each floor.,compliance; safety,NCC
C-0456,Vertical transport,Escalator truss reactions miss the beams provided.,design or coordination error,Vertical transport,Structure,escalator truss,installing an escalator,new build,commercial,construction,The reactions fall between beams.,Place beams under the reactions.,cost; safety,AS 1735
C-0457,Vertical transport,An escalator pit clashes with a transfer beam.,latent condition,Vertical transport,Structure,escalator pit,forming an escalator pit,new build,commercial,design,The beam is in the pit.,Coordinate the pit and the beam.,cost; programme,AS 1735
C-0458,Vertical transport,A moving walk cannot start until the slab-edge angle is recast.,latent condition,Vertical transport,Structure,moving-walk seat,installing a moving walk,new build,commercial,construction,The edge angle is missing.,Cast the seat the walk needs.,programme; cost,general knowledge
C-0459,Vertical transport,A hydraulic lift's oil line is buried in the slab and is leaking.,latent condition,Vertical transport,Structure,hydraulic oil line,retaining a hydraulic lift,remediation/repair,commercial,demolition/strip-out,Oil appears at the pit and the line cannot be reached.,"Allow to replace the line, not just the seals.",cost; safety,general knowledge
C-0460,Vertical transport,"A security floor the lift does not serve has no shaft wall, only a missing slab.",design or coordination error,Vertical transport,Passive fire protection,blind shaft wall,bypassing a floor,new build,commercial,design,The floor opening has no wall.,Build a shaft wall at floors the lift does not open to.,compliance; safety,NCC
C-0461,Vertical transport,Two cars share a well with no divider where one is now required.,latent condition,Vertical transport,Passive fire protection,lift-well divider,upgrading lifts in a common well,replacement/upgrade of an existing system,commercial,design,The cars are in one open well.,Provide the separation the current lift rules require.,compliance; cost,AS 1735
C-0462,Vertical transport,The crane cannot land the lift equipment on the roof of the occupied building.,"process, authority, supply or weather",Vertical transport,programme,lift delivery,delivering a machine to a roof,replacement/upgrade of an existing system,commercial,construction,The crane radius does not reach the shaft.,Plan a delivery path the building can accept.,programme; cost,general knowledge
C-0463,Vertical transport,A home-lift opening cuts more joists than the timber floor can lose.,design or coordination error,Vertical transport,Structure,home-lift penetration,cutting a lift opening,extension,residential,design,The opening takes joists in a row.,Frame the opening so the floor still carries its load.,safety; cost,AS 1684
C-0464,Vertical transport,An existing lift lobby is too small for the accessible lift the upgrade requires.,latent condition,Vertical transport,Access and egress,lift lobby,upgrading a lift,replacement/upgrade of an existing system,commercial; institution,design,The lobby depth is short of the lift.,Enlarge the lobby or select a lift the lobby can serve.,compliance; cost,AS 1428
C-0465,Hazardous materials,Vinyl tiles being lifted for a new floor contain asbestos.,latent condition,Interiors and finishes,occupant,vinyl tile,lifting an existing floor,refurbishment/fit-out,commercial; institution; residential,demolition/strip-out,A sample of the tile and adhesive identifies asbestos.,Sample floors before they are nominated for removal.,safety; cost; programme,general knowledge
C-0466,Hazardous materials,"Ceiling sheeting above the new services contains asbestos, so the ceiling cannot be disturbed as planned.",latent condition,Interiors and finishes,Mechanical services,asbestos cement ceiling,running services above a ceiling,refurbishment/fit-out,commercial; institution,demolition/strip-out,A sample of the sheet identifies asbestos.,Sample ceilings before services are routed through them.,safety; cost; programme,general knowledge
C-0467,Hazardous materials,Eaves the new roof must lap to are asbestos cement.,latent condition,Building envelope,occupant,asbestos eaves,tying a new roof to existing eaves,extension,residential,demolition/strip-out,The eaves sheet is asbestos cement.,Include the eaves in the asbestos scope.,safety; cost,general knowledge
C-0468,Hazardous materials,The heater being replaced has an asbestos cement flue.,latent condition,Mechanical services,occupant,asbestos flue,replacing a heater,replacement/upgrade of an existing system,residential,demolition/strip-out,The flue is asbestos cement.,"Remove the flue under an asbestos method, not as ordinary demolition.",safety; cost,general knowledge
C-0469,Hazardous materials,Gaskets in the plant being disconnected contain asbestos.,latent condition,Mechanical services,occupant,asbestos gasket,disconnecting old plant,replacement/upgrade of an existing system,commercial; industrial,demolition/strip-out,The gasket material is asbestos.,Treat the disconnection as asbestos work.,safety; cost,general knowledge
C-0470,Hazardous materials,Lead paint is on the steel being cut for a new connection.,latent condition,Structure,occupant,lead paint,cutting existing steel,remediation/repair,commercial; industrial,construction,A paint sample identifies lead.,Test coatings before cutting or blasting.,safety; cost,general knowledge
C-0471,Hazardous materials,Lead dust is in the ceiling void the new services must enter.,latent condition,Interiors and finishes,Electrical services,lead dust,entering a ceiling void,refurbishment/fit-out,residential; commercial,demolition/strip-out,Dust sampling identifies lead.,Clean the void before services are run.,safety; cost,general knowledge
C-0472,Hazardous materials,Capacitors in light fittings being removed contain PCBs.,latent condition,Electrical services,occupant,light-fitting capacitor,removing old fittings,replacement/upgrade of an existing system,commercial; institution,demolition/strip-out,The capacitor type is a known PCB item.,Dispose of the fittings as the capacitors require.,safety; compliance,general knowledge
C-0473,Hazardous materials,Loose insulation in the ceiling contaminates the area the new work needs clean.,latent condition,Interiors and finishes,Mechanical services,ceiling insulation,disturbing ceiling insulation,refurbishment/fit-out,residential,demolition/strip-out,The insulation is unbound and fills the void.,Contain or remove it before other work.,safety; quality,general knowledge
C-0474,Hazardous materials,Mould is behind the lining of an external wall the fit-out would cover.,latent condition,Interiors and finishes,Building envelope,mould,relining an external wall,remediation/repair,residential; institution,demolition/strip-out,The back of the lining is mouldy and the wall is damp.,Dry the wall before new linings are fixed.,safety; quality,general knowledge
C-0475,Hazardous materials,A ceiling below a burst stack is contaminated and cannot take a new lining.,latent condition,Interiors and finishes,Hydraulic services,contaminated ceiling,relining after a leak,remediation/repair,residential; commercial,demolition/strip-out,The void is soiled.,Clean the void before the new ceiling.,safety; cost,general knowledge
C-0476,Hazardous materials,Excavated soil is a waste the planned landfill will not take.,latent condition,Site and external works,authority,contaminated spoil,excavating a site,new build; remediation/repair,commercial; industrial,excavation,Laboratory results put the soil in a higher waste class.,Classify the soil before the disposal path is assumed.,cost; programme; compliance,National Environment Protection (Assessment of Site Contamination) Measure
C-0477,Hazardous materials,Groundwater pumped from the excavation fails the criteria for discharge to stormwater.,latent condition,Site and external works,utility,dewatering discharge,pumping an excavation,new build,industrial; commercial,excavation,Samples fail the discharge criteria.,Test the water and arrange a lawful discharge.,cost; compliance,general knowledge
C-0478,Hazardous materials,An underground tank still holds fuel under the slab the new building needs.,latent condition,Site and external works,Structure,underground fuel tank,building over a former tank,new build; remediation/repair,commercial; industrial,excavation,The tank is found with product in it.,Remove or validate the tank before the slab locks it in.,safety; cost,National Environment Protection (Assessment of Site Contamination) Measure
C-0479,Hazardous materials,Ash fill under an industrial slab contains metals the new use cannot leave in place.,latent condition,Substructure,occupant,ash fill,reusing a slab on fill,remediation/repair,industrial,excavation,Samples show metals above the assessment criteria.,Assess the fill for the new use.,cost; compliance,National Environment Protection (Assessment of Site Contamination) Measure
C-0480,Hazardous materials,An old oil-filled transformer may contain PCBs and blocks the switchroom rebuild.,latent condition,Electrical services,occupant,oil-filled transformer,rebuilding a switchroom,replacement/upgrade of an existing system,industrial,demolition/strip-out,The oil has not been tested.,Test and remove the oil before the room is rebuilt.,safety; cost,general knowledge
C-0481,Hazardous materials,Old thermostats being removed contain mercury.,latent condition,Mechanical services,occupant,mercury thermostat,replacing controls,replacement/upgrade of an existing system,commercial,demolition/strip-out,The devices are a mercury type.,Capture the mercury when they are removed.,safety,general knowledge
C-0482,Hazardous materials,Smoke detectors being removed have a radioactive source and need a licensed path.,latent condition,Active fire protection,authority,smoke detector,replacing detectors,replacement/upgrade of an existing system,commercial; institution,demolition/strip-out,The detector type contains a radioactive source.,Remove them on the licensed path.,compliance; safety,general knowledge
C-0483,Hazardous materials,An old laboratory extract duct is still contaminated and cannot be opened for a new connection.,latent condition,Mechanical services,occupant,laboratory extract,connecting to an old fume duct,refurbishment/fit-out,institution,demolition/strip-out,The duct history is a contaminated process.,Clean or replace the duct before it is opened.,safety; cost,general knowledge
C-0484,Hazardous materials,Bird droppings fill the roof space that has to be entered for the new services.,latent condition,Building envelope,occupant,roof space,entering a roof space,refurbishment/fit-out,residential; commercial,demolition/strip-out,The space is heavily soiled.,Clean it before workers enter.,safety,general knowledge
C-0485,Hazardous materials,A ceiling void in a reused building contains biological waste.,latent condition,Interiors and finishes,occupant,ceiling void,opening a ceiling,refurbishment/fit-out,commercial,demolition/strip-out,Waste is on top of the tiles.,Clean the void before services are run.,safety; cost,general knowledge
C-0486,Hazardous materials,Cutting the existing concrete produces silica dust in an occupied wing.,"process, authority, supply or weather",Structure,occupant,silica dust,cutting concrete in an occupied building,refurbishment/fit-out,commercial; institution,construction,The cut is dry and open to the occupied rooms.,Control the dust before cutting beside occupied areas.,safety,general knowledge
C-0487,Hazardous materials,Fire doors scheduled for new hardware have an asbestos core.,latent condition,Passive fire protection,occupant,fire-door core,drilling a fire door,remediation/repair,commercial,construction,The door construction is an asbestos core.,Do not drill the door; replace the door set.,safety; cost,AS 1905
C-0488,Hazardous materials,Adhesive under a timber floor contains asbestos.,latent condition,Interiors and finishes,occupant,floor adhesive,lifting a timber floor,refurbishment/fit-out,residential,demolition/strip-out,A sample of the adhesive identifies asbestos.,Sample the adhesive before the floor is lifted.,safety; cost,general knowledge
C-0489,Hazardous materials,Pipe lagging in the riser the new pipe must enter is asbestos.,latent condition,Hydraulic services,occupant,asbestos lagging,entering a riser,replacement/upgrade of an existing system,commercial; institution,demolition/strip-out,The lagging is asbestos.,"Remove it or work so it is not disturbed, under an asbestos method.",safety; cost; programme,general knowledge
C-0490,Hazardous materials,Debris on top of existing ceiling tiles falls into the room when a tile is lifted.,latent condition,Interiors and finishes,occupant,ceiling debris,lifting ceiling tiles,refurbishment/fit-out,commercial,demolition/strip-out,Debris is visible on the tiles.,Clean above the tiles before they are lifted in an occupied room.,safety,general knowledge
C-0491,Hazardous materials,Lead flashings have contaminated the soil below them.,latent condition,Building envelope,Site and external works,lead flashing,replacing flashings,remediation/repair,residential,demolition/strip-out,Soil under the drip line contains lead.,Deal with the soil as well as the flashing.,cost; safety,general knowledge
C-0492,Hazardous materials,Soil beside an existing house was treated with a pesticide that restricts how the spoil can be moved.,latent condition,Site and external works,occupant,treated soil,excavating beside a house,extension,residential,excavation,"The treatment record, or testing, identifies the chemical.",Classify the spoil before it leaves the site.,compliance; cost,general knowledge
C-0493,Hazardous materials,Coal-tar pavement in the car park is a waste the ordinary recycling path will not take.,latent condition,Site and external works,authority,coal-tar pavement,removing a car-park pavement,remediation/repair,commercial,demolition/strip-out,The binder is coal tar.,Dispose of it on a path that accepts it.,cost; compliance,general knowledge
C-0494,Hazardous materials,A former plating shop's slab still carries residue the new use cannot accept.,latent condition,Structure,occupant,contaminated slab,changing the use of an industrial building,remediation/repair,industrial,design,Residue is in the slab.,Assess the slab for the new use.,cost; compliance; safety,National Environment Protection (Assessment of Site Contamination) Measure
C-0495,Hazardous materials,An existing boiler door is sealed with asbestos rope.,latent condition,Mechanical services,occupant,asbestos rope,disconnecting a boiler,replacement/upgrade of an existing system,industrial,demolition/strip-out,The seal is asbestos rope.,Remove the seal under an asbestos method.,safety; cost,general knowledge
C-0496,Hazardous materials,Refrigerant in the old plant is a controlled substance and there is no recovery equipment on site.,"process, authority, supply or weather",Mechanical services,authority,refrigerant,decommissioning plant,replacement/upgrade of an existing system,commercial,demolition/strip-out,The plant still holds refrigerant.,Recover the refrigerant before the plant is cut out.,compliance; safety,general knowledge
C-0497,Hazardous materials,Mould in an air handler is spread through the ducts the new occupancy would use.,latent condition,Mechanical services,occupant,air handler,reusing an air handler,replacement/upgrade of an existing system,commercial; institution,demolition/strip-out,The coils and ducts are mouldy.,Clean or replace the air path.,safety; cost,AS 3666
C-0498,Hazardous materials,Sediment in existing stormwater pits is contaminated and must be handled when the new connection is made.,latent condition,Site and external works,Hydraulic services,pit sediment,connecting to an existing pit,extension,industrial,construction,The sediment is not ordinary silt.,Test the sediment before the pit is opened.,cost; safety,general knowledge
C-0499,Hazardous materials,Drummed waste is buried where a new footing is set out.,latent condition,Substructure,Site and external works,buried waste,excavating a footing,new build; extension,industrial,excavation,Drums are in the footing excavation.,Clear and classify the waste before the footing is poured.,safety; cost; programme,National Environment Protection (Assessment of Site Contamination) Measure
C-0500,Hazardous materials,Insulation around an existing duct in a hospital ceiling is damaged and sheds fibres into a clinical space when it is moved.,latent condition,Mechanical services,occupant,duct insulation,moving services in a ceiling,refurbishment/fit-out,institution,demolition/strip-out,The insulation is unbound.,Contain the work before the ceiling is opened over a clinical room.,safety,general knowledge
C-0501,Fit-out coordination,"The duct, the cable tray and the pipe all claim the one ceiling zone left under an existing beam.",design or coordination error,Mechanical services,Electrical services,ceiling zone,coordinating services in an existing ceiling,refurbishment/fit-out,commercial; institution,design,The three services do not fit in the measured zone.,Agree a single zone owner before tender.,cost; programme,general knowledge
C-0502,Fit-out coordination,The riser on site is smaller than the coordinated drawing because the lining was ignored.,latent condition,Mechanical services,Passive fire protection,services riser,lining a riser,refurbishment/fit-out,commercial,construction,The clear size after lining is below the services.,Coordinate to the lined size.,cost; programme,general knowledge
C-0503,Fit-out coordination,A late hydraulic pipe misses the sleeve that was cast in the slab.,design or coordination error,Hydraulic services,Structure,cast-in sleeve,setting out a pipe after the pour,new build,commercial,construction,The sleeve and the pipe are in different positions.,Hold one setout for the sleeve and the pipe.,cost; programme,general knowledge
C-0504,Fit-out coordination,Two trades set out the same penetration in different positions.,design or coordination error,Mechanical services,Structure,slab penetration,setting out a shared penetration,new build; refurbishment/fit-out,commercial,construction,The hole and the service do not line up.,Issue one penetration drawing.,cost; programme,general knowledge
C-0505,Fit-out coordination,A ceiling drops under a beam and the grille no longer fits.,latent condition,Mechanical services,Structure,air grille,coordinating a ceiling under a beam,refurbishment/fit-out,commercial,construction,The beam zone is shallower than the grille.,Move the grille off the beam.,cost; quality,general knowledge
C-0506,Fit-out coordination,A valve that must be maintained is blocked by a duct installed later.,design or coordination error,Hydraulic services,Mechanical services,isolating valve,installing a duct past a valve,refurbishment/fit-out,commercial; institution,construction,The duct crosses the valve handwheel.,Keep access to the valve.,quality; cost,general knowledge
C-0507,Fit-out coordination,An access panel ends up inside a tenancy the base building cannot enter.,design or coordination error,Mechanical services,occupant,access panel,placing panels on a tenancy line,refurbishment/fit-out,commercial,design,The panel is on the tenant side of the demise.,Put panels where the party who maintains the plant can open them.,quality; compliance,general knowledge
C-0508,Fit-out coordination,The combined services drawing uses a structural revision that has been superseded.,design or coordination error,Mechanical services,Structure,services coordination,coordinating to an old structural issue,new build,commercial,design,The beam sizes on the services drawing are not the current issue.,Coordinate to the revision being built.,cost; programme,general knowledge
C-0509,Fit-out coordination,One service's bracket occupies the anchor another service needs.,design or coordination error,Electrical services,Mechanical services,services bracket,fixing hangers to a slab,new build; refurbishment/fit-out,commercial,construction,Two anchors are detailed at one point.,Share a bracket or separate the anchors.,cost; programme,general knowledge
C-0510,Fit-out coordination,A fire collar and the pipe insulation cannot both fit the hole that was cored.,latent condition,Passive fire protection,Hydraulic services,fire collar,coring a penetration,refurbishment/fit-out,commercial,construction,The hole is tight on the insulated pipe.,Core for the collar and the insulation.,compliance; cost,AS 4072.1
C-0511,Fit-out coordination,A cable tray runs through the only access to a smoke damper.,design or coordination error,Electrical services,Mechanical services,damper access,running tray past a damper,refurbishment/fit-out,commercial,construction,The tray blocks the access panel.,Keep the damper reachable.,compliance; quality,AS 1851
C-0512,Fit-out coordination,"A light, a sprinkler and a diffuser cannot share one existing ceiling tile.",design or coordination error,Electrical services,Active fire protection,ceiling module,setting out a ceiling,refurbishment/fit-out,commercial,design,The three devices do not fit the tile.,Coordinate the module before any device is fixed.,cost; quality,general knowledge
C-0513,Fit-out coordination,A drain that must fall is blocked by a cable tray that cannot be notched.,design or coordination error,Hydraulic services,Electrical services,pipe grade,crossing a tray with a drain,refurbishment/fit-out,commercial,construction,The tray is at the level the pipe needs.,Give the pipe its fall.,quality; cost,AS 3500
C-0514,Fit-out coordination,A condensate tray cannot fall because the duct is hard under it.,latent condition,Mechanical services,Hydraulic services,condensate tray,setting a fan coil,refurbishment/fit-out,commercial,construction,The duct leaves no fall.,Set the unit so the tray can fall.,quality,general knowledge
C-0515,Fit-out coordination,A busbar and the sprinkler main want the same face of the riser.,design or coordination error,Electrical services,Active fire protection,riser face,sharing a riser,new build,commercial,design,Both are drawn on one face.,Give each service a face and a branch path.,cost; programme,general knowledge
C-0516,Fit-out coordination,Kitchen exhaust and fresh air are drawn in the same shaft.,design or coordination error,Mechanical services,Mechanical services,shared shaft,routing exhaust and intake,refurbishment/fit-out,commercial,design,Both ducts are in one shaft with no separation.,Separate the exhaust from the intake.,compliance; safety,AS 1668
C-0517,Fit-out coordination,A wet-area set-down clashes with a post-tension tendon zone.,design or coordination error,Structure,Hydraulic services,wet-area set-down,forming a set-down in a post-tensioned slab,new build,commercial,design,The set-down enters the tendon zone.,Keep the set-down out of the tendons.,safety; cost,AS 3600
C-0518,Fit-out coordination,A duct clashes with a door head in an existing corridor.,latent condition,Mechanical services,Access and egress,door head,routing a duct over a door,refurbishment/fit-out,commercial; institution,design,The duct is below the head height.,Pass the duct above the head height the door needs.,cost; compliance,general knowledge
C-0519,Fit-out coordination,A duct bulkhead blocks the sightline to an exit sign.,design or coordination error,Mechanical services,Access and egress,exit sign,building a bulkhead,refurbishment/fit-out,commercial,construction,The sign cannot be seen past the bulkhead.,Keep the sightline.,compliance; safety,NCC
C-0520,Fit-out coordination,One oversized duct uses the whole corridor ceiling and leaves no room for the other services.,design or coordination error,Mechanical services,Electrical services,corridor ceiling,sizing a duct,refurbishment/fit-out,commercial,design,The duct depth equals the whole zone.,Leave room for the services that share the corridor.,cost; programme,general knowledge
C-0521,Fit-out coordination,Hangers from one trade hit the cast-ins of another.,design or coordination error,Mechanical services,Electrical services,cast-in anchor,fixing hangers,new build,commercial,construction,The anchors coincide.,Coordinate the fixings.,cost; programme,general knowledge
C-0522,Fit-out coordination,A floor conduit clashes with the bars trimmed around an opening.,design or coordination error,Electrical services,Structure,floor conduit,casting conduits beside an opening,new build,commercial,construction,The conduit is in the trim bars.,Move the conduit out of the trim.,cost; safety,AS 3600
C-0523,Fit-out coordination,A wall chase for a pipe cuts the flange of a loadbearing stud.,workmanship defect,Hydraulic services,Structure,wall chase,chasing a stud wall,refurbishment/fit-out,residential,construction,The flange is cut through.,Do not chase the part of the wall that carries load.,safety; cost,AS 1684
C-0524,Fit-out coordination,Two wet risers are shown in a shaft that can fit only one.,design or coordination error,Hydraulic services,Active fire protection,wet riser,sharing a shaft,new build,commercial,design,The clear shaft fits one riser and its clearance.,Provide a shaft for each riser.,cost; compliance,AS 2419
C-0525,Fit-out coordination,The ceiling grid is set out from the wrong grid and every penetration misses.,workmanship defect,Interiors and finishes,Mechanical services,ceiling setout,setting out a ceiling,new build; refurbishment/fit-out,commercial,construction,Penetrations do not land on the tiles.,Set the ceiling from the same grid as the penetrations.,cost; programme,general knowledge
C-0526,Fit-out coordination,Plant delivered to an existing plant room is larger than the coordinated footprint.,"process, authority, supply or weather",Mechanical services,Access and egress,plant footprint,delivering replacement plant,replacement/upgrade of an existing system,commercial,construction,The unit exceeds the layout.,Hold the coordinated size in the order.,cost; programme,general knowledge
C-0527,Fit-out coordination,The coil-pull space of an existing air handler is taken by a new wall.,design or coordination error,Mechanical services,Interiors and finishes,coil pull space,building a wall beside plant,refurbishment/fit-out,commercial,design,The wall is inside the pull space.,Keep the pull space clear.,quality; cost,general knowledge
C-0528,Fit-out coordination,A filter door opens into a new pipe.,design or coordination error,Mechanical services,Hydraulic services,filter access,piping beside an air handler,replacement/upgrade of an existing system,commercial,construction,The door cannot open.,Keep the door swing clear.,quality,general knowledge
C-0529,Fit-out coordination,A pipe is run through the clearance in front of a switchboard.,design or coordination error,Hydraulic services,Electrical services,switchboard clearance,piping through a switchroom,refurbishment/fit-out,commercial,construction,The pipe is inside the clearance.,Keep the clearance free.,compliance; safety,AS/NZS 3000
C-0530,Fit-out coordination,A sprinkler range pipe falls below a window head.,design or coordination error,Active fire protection,Building envelope,sprinkler range pipe,running pipe past glazing,refurbishment/fit-out,commercial,construction,The pipe crosses the glass.,Keep the pipe above the head.,quality; cost,AS 2118
C-0531,Fit-out coordination,A drainage vent exits through the only place a curtain wall can stack.,design or coordination error,Hydraulic services,Building envelope,vent pipe,penetrating a roof at a facade,new build,commercial,design,The vent is on the stack joint.,Move the vent off the joint.,cost; quality,AS 3500
C-0532,Fit-out coordination,Roof cowls sit in the walkway to the plant.,design or coordination error,Mechanical services,Access and egress,roof cowl,locating cowls,new build; replacement/upgrade of an existing system,commercial,design,The cowls are on the walkway.,Keep the walkway clear.,safety,AS 1657
C-0533,Fit-out coordination,A later cable tray bridges the isolators under a fan.,workmanship defect,Electrical services,Mechanical services,vibration isolator,tray fixed after plant,replacement/upgrade of an existing system,commercial,handover/defects,The tray is rigid across the isolators.,Do not bridge the isolation.,quality,general knowledge
C-0534,Fit-out coordination,A shared bracket deflects and a drain loses its fall.,workmanship defect,Hydraulic services,Structure,pipe bracket,hanging a drain with other services,refurbishment/fit-out,commercial,testing/commissioning,The pipe no longer falls.,Stiffen the bracket so the fall remains.,quality,AS 3500
C-0535,Fit-out coordination,Seismic restraint clashes with the flexible connector at the plant.,design or coordination error,Mechanical services,Structure,flexible connector,restraining plant,new build; replacement/upgrade of an existing system,commercial; institution,design,The restraint locks the connector.,Let the connector move and still restrain the plant.,quality; safety,AS 1170
C-0536,Fit-out coordination,A builder's work opening is round and the damper frame is square.,design or coordination error,Structure,Mechanical services,builder's work opening,forming an opening for a damper,new build,commercial,construction,The opening does not match the frame.,Form the opening the damper needs.,cost; programme,general knowledge
C-0537,Fit-out coordination,"Shaft lining is installed before the services, and the services no longer fit.",workmanship defect,Passive fire protection,Mechanical services,shaft lining,lining a shaft,new build,commercial,construction,The clear shaft is too small.,"Line the shaft after the services size is fixed, to the clear size they need.",cost; programme,general knowledge
C-0538,Fit-out coordination,An inspection opening for a stack is behind fixed joinery.,design or coordination error,Hydraulic services,Interiors and finishes,inspection opening,placing joinery,refurbishment/fit-out,residential; commercial,construction,The opening cannot be reached.,Keep the opening in front of removable joinery.,quality,AS 3500
C-0539,Fit-out coordination,A tank manhole ends up under a new stair.,design or coordination error,Hydraulic services,Access and egress,tank manhole,building a stair over a tank,new build; refurbishment/fit-out,commercial,design,The manhole is under the flight.,Keep the manhole reachable.,quality,AS 3500
C-0540,Fit-out coordination,A services support drops below the headroom of a path of travel.,design or coordination error,Mechanical services,Access and egress,services support,hanging services over a path,refurbishment/fit-out,commercial; institution,construction,The lowest support is below the required headroom.,Keep supports above the path.,compliance; safety,NCC
C-0541,Fit-out coordination,A gutter sump and a smoke-exhaust fan housing want the same roof opening.,design or coordination error,Hydraulic services,Mechanical services,roof opening,sharing a roof opening,new build,commercial,design,Both are drawn in one hole.,Give each its own opening.,cost; compliance,general knowledge
C-0542,Fit-out coordination,A plant-room trench clashes with the thickening under a column.,latent condition,Hydraulic services,Structure,plant-room trench,trenching an existing slab,refurbishment/fit-out,industrial,construction,The thickening is on the trench line.,Route the trench clear of thickenings.,cost; safety,general knowledge
C-0543,Fit-out coordination,Overhead-door tracks take the space a high-level duct needs.,design or coordination error,Access and egress,Mechanical services,door track,coordinating a dock door and a duct,new build; refurbishment/fit-out,industrial,design,The track and the duct clash.,Pass the duct clear of the tracks.,cost; programme,general knowledge
C-0544,Fit-out coordination,A crane beam and a new cable tray occupy the same line.,design or coordination error,Mechanical services,Electrical services,crane beam,running tray along a crane,extension,industrial,design,The tray is in the crane envelope.,Keep the tray out of the crane.,safety; cost,general knowledge
C-0545,Fit-out coordination,A pipe rack crosses the swing of the only fire-egress door.,design or coordination error,Mechanical services,Access and egress,pipe rack,routing a rack,new build; extension,industrial,design,The rack is in the door swing.,Keep the door and its swing clear.,compliance; safety,NCC
C-0546,Fit-out coordination,Holes in a precast panel were cast for a services layout that has changed.,latent condition,Structure,Mechanical services,precast penetration,using existing panel holes,new build,commercial,construction,The holes do not match the current services.,Use the holes that exist or recast the panel.,cost; programme,general knowledge
C-0547,Fit-out coordination,An acoustic baffle fills the return-air path.,design or coordination error,Interiors and finishes,Mechanical services,acoustic baffle,installing baffles,refurbishment/fit-out,commercial,testing/commissioning,The return air cannot pass the baffle.,Leave a path for the return air.,quality; cost,AS 1668
C-0548,Fit-out coordination,Joinery bulkheads are closed before the services inside them are tested.,workmanship defect,Interiors and finishes,Hydraulic services,joinery bulkhead,closing a bulkhead,refurbishment/fit-out,commercial; residential,construction,The pipes are concealed before the test.,Test the services before the bulkhead closes.,quality; programme,general knowledge
C-0549,Fit-out coordination,An expansion loop fills the cupboard it was meant to sit beside.,design or coordination error,Mechanical services,Interiors and finishes,expansion loop,placing a loop beside joinery,refurbishment/fit-out,commercial,construction,The loop is inside the cupboard.,Give the loop its own space.,cost; quality,general knowledge
C-0550,Fit-out coordination,The services model uses a different origin from the site survey.,design or coordination error,Mechanical services,Site and external works,setout origin,setting out services,new build,commercial; institution,construction,Services miss the structure by a constant offset.,Share one survey origin.,cost; programme,general knowledge
C-0551,Change of use,An office floor changed to a training room exceeds the live load the existing slab was designed for.,latent condition,Structure,occupant,floor live load,changing use,refurbishment/fit-out,commercial; institution,design,The new use's load is above the original design load.,Check the slab for the new use before the change is documented.,cost; safety; compliance,AS 1170
C-0552,Change of use,A warehouse changed to a public assembly has only one exit.,latent condition,Access and egress,occupant,exit count,changing use,refurbishment/fit-out,industrial; commercial,design,The occupant load needs a second exit the building does not have.,Provide the exits the new load requires.,compliance; cost,NCC
C-0553,Change of use,An existing shop changed to a cafe has no grease arrestor and no path to install one.,latent condition,Hydraulic services,authority,grease arrestor,changing a shop to a food premises,refurbishment/fit-out,commercial,design,There is no level or access for an arrestor.,Confirm a lawful trade-waste path before the use is approved.,compliance; cost,Plumbing Code of Australia
C-0554,Change of use,A house changed to a childcare centre has corridor widths below the new use.,latent condition,Access and egress,occupant,corridor width,changing a dwelling to a centre,refurbishment/fit-out,residential; institution,design,The corridors are dwelling width.,Widen the paths the new use needs or limit the use.,compliance; cost,NCC
C-0555,Change of use,Sanitary facilities are short of the number the new occupant load requires.,latent condition,Hydraulic services,occupant,sanitary fixture count,increasing occupancy,refurbishment/fit-out,commercial; institution,design,The fixture count is below the load.,Add fixtures to the load.,compliance; cost,NCC
C-0556,Change of use,An existing mezzanine becomes occupied storage and has only one stair.,latent condition,Access and egress,Structure,mezzanine exit,occupying a mezzanine,refurbishment/fit-out,industrial,design,There is a single stair.,Provide the exits the occupied mezzanine needs.,compliance; safety,NCC
C-0557,Change of use,The existing ceiling height is below the minimum for the new use.,latent condition,Interiors and finishes,Structure,ceiling height,changing use,refurbishment/fit-out,commercial; institution,design,The measured height is below the minimum.,Do not adopt a use the height cannot support.,compliance,NCC
C-0558,Change of use,Travel distance exceeds the limit once the new rooms are planned.,design or coordination error,Access and egress,Interiors and finishes,travel distance,planning rooms in an existing shell,refurbishment/fit-out,commercial,design,The path is longer than the limit.,Rework the plan or add an exit.,compliance; cost,NCC
C-0559,Change of use,A performance solution for the old use is no longer valid for the new tenancy layout.,latent condition,Passive fire protection,occupant,performance solution,changing a tenancy layout,refurbishment/fit-out,commercial,design,The solution's assumptions are not the new layout.,Revise the solution before the layout is built.,compliance; cost,NCC
C-0560,Change of use,Energy-efficiency provisions are triggered by the alteration and the existing glazing does not meet them.,latent condition,Building envelope,authority,existing glazing,altering a building enough to trigger energy provisions,refurbishment/fit-out,commercial; institution,design,The glazing is single and the alteration scope is large enough to trigger the provisions.,Confirm how much of the envelope must be upgraded.,compliance; cost,NCC
C-0561,Change of use,An existing stair does not meet the rise and going the new use requires.,latent condition,Access and egress,Structure,existing stair,changing use,refurbishment/fit-out,commercial; institution,design,The going is short of the current limit.,Rebuild the stair or limit the use.,compliance; cost,NCC
C-0562,Change of use,The existing building has no accessible path to the new public use.,latent condition,Access and egress,Site and external works,accessible path,opening a building to the public,refurbishment/fit-out,commercial; institution,design,Steps at the entry have no ramp.,Provide an accessible path where the premises standards apply.,compliance; cost,Disability (Access to Premises — Buildings) Standards
C-0563,Change of use,A bedroom added in a roof space has no second way out.,latent condition,Access and egress,Building envelope,roof-space bedroom,converting a roof space,refurbishment/fit-out,residential,design,The only exit is the stair.,Provide the exits the room needs.,compliance; safety,NCC
C-0564,Change of use,An existing factory changed to a place of assembly cannot show the structural adequacy the new importance requires.,latent condition,Structure,occupant,structural adequacy,changing use,refurbishment/fit-out,industrial,design,There are no drawings and no assessment.,Assess the structure for the new use.,compliance; cost; safety,AS 1170
C-0565,Change of use,Fire-hydrant coverage does not reach the new occupancy at the rear of an existing building.,latent condition,Active fire protection,Access and egress,hydrant coverage,extending occupation to the rear,refurbishment/fit-out,commercial; industrial,design,The most remote point is outside the coverage.,Extend the hydrant system.,compliance; cost,AS 2419
C-0566,Change of use,An aged-care conversion of a motel has rooms that do not fit an accessible bathroom.,latent condition,Hydraulic services,Access and egress,accessible bathroom,converting rooms,refurbishment/fit-out,institution,design,The room size is below the bathroom layout.,Select rooms that can fit the bathroom or enlarge them.,compliance; cost,AS 1428
C-0567,Change of use,A laboratory conversion has no fume exhaust the existing shafts can carry.,latent condition,Mechanical services,Structure,fume exhaust,converting offices to laboratories,refurbishment/fit-out,institution,design,There is no spare shaft.,Provide an exhaust path before the laboratory is documented.,cost; compliance; safety,AS 1668
C-0568,Change of use,The existing fire detection does not cover a new sleeping use.,latent condition,Active fire protection,occupant,smoke detection,introducing sleeping accommodation,refurbishment/fit-out,residential; institution,design,Detectors are heat-only or absent in bedrooms.,Provide detection suited to the sleeping use.,compliance; safety,AS 1670
C-0569,Change of use,An existing loading dock becomes the accessible entry and the grade is too steep.,latent condition,Access and egress,Site and external works,accessible entry,reusing a dock as an entry,refurbishment/fit-out,commercial,design,The grade exceeds the accessible limit.,Form a compliant path or choose another entry.,compliance; cost,AS 1428
C-0570,Change of use,Waste storage for the new use does not fit the room the building has.,latent condition,Interiors and finishes,authority,waste room,changing use,refurbishment/fit-out,commercial; institution,design,The bins the council collects do not fit.,Size the room to the collection the use requires.,compliance; cost,general knowledge
C-0571,Change of use,An existing single stair in a three-storey walk-up is relied on for a new short-stay use it was not assessed for.,latent condition,Access and egress,Passive fire protection,existing stair,changing to short-stay accommodation,refurbishment/fit-out,residential,design,The stair is not isolated.,Assess the stair for the new use.,compliance; safety,NCC
C-0572,Site and external,A legal point of discharge for an existing house is on a different boundary from the extension design.,latent condition,Site and external works,authority,legal point of discharge,extending a house,extension,residential,design,The authority's point is not the one drawn.,Confirm the point of discharge before the drains are designed.,cost; compliance,AS 3500
C-0573,Site and external,An existing street pit is not where the service plan showed it.,latent condition,Site and external works,utility,street pit,connecting stormwater,new build; extension,residential; commercial,excavation,The pit is found offset from the plan.,Locate the pit before the connection is designed.,cost; programme,Before You Dig Australia
C-0574,Site and external,"Kerb levels do not meet the existing ground floor, and the new entry needs a step the access design did not allow.",latent condition,Site and external works,Access and egress,entry level,forming an entry to an existing floor,refurbishment/fit-out,commercial,design,The kerb and the floor differ by more than a compliant threshold.,Survey the kerb to the floor datum.,compliance; cost,AS 1428
C-0575,Site and external,Overland flow across an existing site is deeper than the floor level of the extension.,latent condition,Site and external works,Structure,overland flow,extending a building in a flow path,extension,residential; commercial,design,The flow depth is above the floor.,Set the floor above the flow or redirect the flow on land the project controls.,compliance; safety; cost,general knowledge
C-0576,Site and external,"A neighbour's roof discharges onto the site, and the extension would block that water.",latent condition,Site and external works,neighbour,adjoining drainage,building on a shared fall,extension,residential,design,Water from next door arrives at the boundary.,Keep a path for water that already arrives.,cost; quality,general knowledge
C-0577,Site and external,In-ground pipes under a new extension slab are collapsed.,latent condition,Site and external works,Hydraulic services,existing stormwater pipe,building over existing pipes,extension,residential; commercial,excavation,A camera shows the pipe is broken.,Replace pipes before the slab covers them.,cost; programme,AS 3500
C-0578,Site and external,A driveway crossing clashes with a street tree the council will not remove.,"process, authority, supply or weather",Site and external works,authority,vehicle crossing,forming a crossover,new build; extension,residential,design,The tree is in the only crossing position.,Move the crossing out of the tree's protection zone.,cost; programme,general knowledge
C-0579,Site and external,New paving levels trap water against an existing house wall.,design or coordination error,Site and external works,Building envelope,paving level,paving against an existing wall,extension,residential,handover/defects,The paving is above the damp course and falls to the wall.,Fall the paving away from the wall and keep it below the damp course.,quality; cost,general knowledge
C-0580,Site and external,Services in the verge leave no corridor for a new stormwater drain.,latent condition,Site and external works,utility,services corridor,laying a drain in a verge,new build,residential; commercial,excavation,Locating the services shows no gap.,Prove a corridor before the drain is designed.,cost; programme,Before You Dig Australia
C-0581,Site and external,An existing car-park slab holds water because it was cast without the falls the new coating assumed.,latent condition,Site and external works,Structure,car-park falls,coating an existing car park,remediation/repair,commercial,design,A water test shows ponds.,Form falls the slab can accept or design the coating for the ponds.,quality; cost,general knowledge
C-0582,Site and external,Downpipes on a reclad facade miss the existing in-ground risers.,design or coordination error,Building envelope,Hydraulic services,downpipe,recladding and moving downpipes,replacement/upgrade of an existing system,commercial,construction,The new downpipes do not land on the risers.,Set the facade downpipes to the risers that exist.,cost; quality,AS 3500
C-0583,Site and external,An extension roof overloads the existing house drains.,latent condition,Building envelope,Hydraulic services,existing stormwater,adding roof area,extension,residential,design,The existing pipes are below the combined catchment.,Upgrade the drains with the roof.,cost; compliance,AS 3500
C-0584,Site and external,The survey benchmark does not match the architectural levels for an extension.,design or coordination error,Site and external works,Structure,survey datum,setting out an extension,extension,residential; commercial,construction,The extension does not meet the existing floor.,Use one datum for the existing building and the new work.,cost; programme,general knowledge
C-0585,Site and external,A subsoil drain behind a new retaining wall has nowhere lower to discharge.,design or coordination error,Site and external works,Hydraulic services,wall drainage,building a retaining wall,new build; extension,residential,design,The site falls the wrong way for a daylight outlet.,Give the drain a lawful low point.,quality; cost,AS 4678
C-0586,Site and external,A stormwater easement is not where the design thought the title placed it.,latent condition,Site and external works,authority,drainage easement,siting a building,new build,residential; commercial,design,The registered plan shows the easement through the building.,Plot the registered easement before the footprint is fixed.,compliance; cost,general knowledge
C-0587,Site and external,A hardstand falls toward an existing industrial building.,latent condition,Site and external works,Building envelope,hardstand fall,resurfacing a yard,remediation/repair,industrial,handover/defects,Water runs to the wall.,Fall the hardstand to the treatment point.,quality; compliance,general knowledge
C-0588,Site and external,Rock in a trench forces a shallower grade than the existing council main can accept.,latent condition,Site and external works,utility,stormwater grade,excavating a drain,new build,residential; commercial,excavation,The rock is above the design invert.,Prove the grade to the main before the pipe is ordered.,cost; programme,AS 3500
C-0589,Site and external,A detention tank clashes with an existing footing.,latent condition,Site and external works,Substructure,detention tank,installing detention,new build; extension,commercial,design,The tank is on the footing.,Separate the tank and the footing.,cost; programme,general knowledge
C-0590,Site and external,Basement pump-out has no point the authority will accept.,"process, authority, supply or weather",Hydraulic services,authority,pump-out,draining a basement,new build,commercial,design,The authority will not take the pump discharge.,Agree the discharge before the pumps are designed.,cost; compliance,general knowledge
C-0591,Site and external,An existing crossover is too steep for the new basement ramp to start from it.,latent condition,Site and external works,Access and egress,basement ramp,forming a ramp from an existing crossover,new build; refurbishment/fit-out,commercial,design,The ramp grade from the existing crossover is too steep.,Redesign the ramp from the crossover that exists.,cost; compliance,AS 2890
C-0592,Site and external,Footpath crossfall is too steep for an accessible entry to land on it.,latent condition,Site and external works,Access and egress,footpath,forming an accessible entry,refurbishment/fit-out,commercial,design,The footpath grade exceeds the landing limit.,Agree a landing with the road authority or relocate the entry.,compliance; cost,AS 1428
C-0593,Site and external,A water main is not where the pit was designed.,latent condition,Site and external works,utility,water main,excavating a pit,new build,commercial,excavation,The main is in the pit.,Locate the main before the pit is set out.,cost; safety,Before You Dig Australia
C-0594,Site and external,A new retaining wall footing would surcharge an existing council pipe.,design or coordination error,Site and external works,utility,retaining-wall footing,building a wall over a pipe,extension,residential,design,The footing bears on the pipe crown.,Keep the footing load off the pipe.,cost; safety,general knowledge
C-0595,Site and external,A cut intercepts seepage that used to pass through the ground from the property above.,latent condition,Site and external works,neighbour,upslope seepage,cutting into a slope,new build; extension,residential,excavation,Water appears on the cut face.,Collect the seepage.,cost; quality,general knowledge
C-0596,Site and external,A boundary swale is drawn on the neighbour's land.,design or coordination error,Site and external works,neighbour,swale,forming an overland path,new build,residential,design,The swale is outside the title.,Keep the flow path on land the project controls.,compliance; cost,general knowledge
C-0597,Site and external,The flood planning level changes after the extension floor has been documented.,"process, authority, supply or weather",Site and external works,authority,flood level,documenting a floor level,extension,residential; commercial,design,The current planning level is above the floor.,Adopt the level in force.,compliance; cost,general knowledge
C-0598,Site and external,An easement drain is too small for the roof the extension adds.,latent condition,Site and external works,Hydraulic services,easement drain,adding catchment,extension,residential,design,The pipe cannot carry the combined flow.,Upgrade the pipe or reduce the catchment.,cost; compliance,AS 3500
C-0599,Site and external,A heavy-vehicle apron fails proof roll on an existing subgrade.,latent condition,Site and external works,Structure,pavement subgrade,paving a heavy apron,new build; remediation/repair,industrial,construction,The proof roll shows movement.,Design the pavement for the subgrade that is there.,cost; quality,AS 3798
C-0600,Site and external,A truck path hits an existing column once the grid is set out on site.,latent condition,Site and external works,Structure,vehicle path,planning a loading yard,refurbishment/fit-out,industrial,design,The swept path hits the column.,Clear the path of the columns that exist.,cost; safety,AS 2890
C-0601,Site and external,A podium joint sits at a low point and ponds.,design or coordination error,Building envelope,Site and external works,expansion joint,setting falls on a podium,new build,commercial,handover/defects,Water sits on the joint.,Keep joints off low points.,quality,AS 4654
C-0602,Site and external,A bioretention area does not fit the setback the permit fixes.,"process, authority, supply or weather",Site and external works,authority,bioretention,meeting a stormwater condition,new build,commercial,design,The treatment area is larger than the land left.,Fit the treatment to the land available or change the strategy.,compliance; cost,general knowledge
C-0603,Site and external,Saturated sand collapses a trench beside an existing building.,latent condition,Site and external works,Structure,trench,laying a pipe beside a building,extension,commercial,excavation,The trench will not stand.,Shore the trench.,safety; programme,general knowledge
C-0604,Site and external,Cover over a new pipe is less than the wheel load of the existing driveway needs.,latent condition,Site and external works,Structure,pipe cover,laying a pipe under a driveway,extension,residential; commercial,design,The cover is shallow.,Lower the pipe or protect it.,cost; safety,AS 3500
C-0605,Site and external,A rainwater tank volume was also counted as detention.,design or coordination error,Site and external works,Hydraulic services,rainwater tank,sizing reuse and detention,new build,residential,design,The same volume is used for both duties.,Separate the reuse volume from the detention air space.,compliance,general knowledge
C-0606,Site and external,A loading-dock yard is outside the range of the leveller the existing dock can take.,latent condition,Site and external works,Structure,dock leveller,resurfacing a dock,remediation/repair,industrial,design,The yard level is outside the leveller range.,Match the yard to the leveller or replace the leveller.,cost; quality,general knowledge
C-0607,Site and external,A trade-waste line lies under a new driveway with insufficient cover.,latent condition,Hydraulic services,Site and external works,trade-waste pipe,paving over a pipe,extension,commercial,design,The pipe is shallow.,Protect or lower the pipe.,cost; safety,AS 3500
C-0608,Site and external,Pit excavation beside an existing building exceeds the vibration the structure can take.,"process, authority, supply or weather",Site and external works,Structure,vibration,excavating a pit,new build; extension,commercial,excavation,The method is heavier than the building can accept.,Choose a method within the vibration limit.,safety; cost,general knowledge
C-0609,Site and external,A boundary wall the design kept is rotating.,latent condition,Site and external works,neighbour,boundary wall,retaining an existing wall,extension,residential,design,The wall leans and has cracks.,Do not add load to a wall that is already moving.,safety; cost,general knowledge
C-0610,Site and external,New fill behind an old boundary wall exceeds the load the wall was built for.,design or coordination error,Site and external works,Structure,boundary wall,placing fill behind a wall,extension,residential,design,The fill height is above the original ground.,Check the wall for the fill or replace it.,safety; cost,AS 4678
C-0611,Site and external,An extra council pit inserts a level the pipe grade cannot meet.,"process, authority, supply or weather",Site and external works,authority,street pit,connecting stormwater,new build,residential; commercial,design,The extra pit breaks the grade.,Redesign the long section to the pit the authority requires.,cost; compliance,AS 3500
C-0612,Site and external,An empty detention tank would float in the groundwater found on site.,latent condition,Site and external works,Substructure,detention tank,installing an underground tank,new build,commercial,design,The water table is above the tank invert.,Hold the tank down or lower the water.,safety; cost,general knowledge
C-0613,Site and external,A yard interceptor is too small for the hardstand the extension adds.,latent condition,Site and external works,Hydraulic services,interceptor pit,extending a yard,extension,industrial,design,The pit volume is below the new catchment.,Enlarge the pit.,compliance; cost,general knowledge
C-0614,Site and external,Council footpath levels differ from the door threshold already installed.,"process, authority, supply or weather",Site and external works,Building envelope,door threshold,rebuilding a footpath,refurbishment/fit-out,commercial,construction,The footpath will not meet the door.,Set the door to the footpath the council will build.,cost; quality,AS 1428
C-0615,Site and external,A shared driveway is too weak for the traffic the new dwelling adds.,latent condition,Site and external works,Structure,shared driveway,adding a dwelling,extension,residential,design,The pavement is a light residential section.,Upgrade the pavement for the new traffic.,cost; quality,general knowledge
C-0616,Site and external,A crest blocks sight distance at the existing crossover the new use will rely on.,latent condition,Site and external works,Access and egress,sight distance,reusing a crossover,refurbishment/fit-out,residential; commercial,design,The exit cannot see along the road.,Do not rely on a crossover that cannot see.,safety; compliance,AS 2890
C-0617,Site and external,Construction controls block the overland flow path through an occupied site.,"process, authority, supply or weather",Site and external works,occupant,overland flow,building sediment controls,new build; refurbishment/fit-out,commercial; residential,construction,The controls dam the path.,Keep the flow path open.,safety,general knowledge
C-0618,Site and external,A silted culvert backflows into the site outlet.,latent condition,Site and external works,utility,culvert,connecting an outlet,new build; extension,industrial,design,The culvert is blocked.,Confirm the culvert can take the flow.,cost; quality,general knowledge
C-0619,Site and external,A transport authority refuses a drainage connection the design assumed.,"process, authority, supply or weather",Site and external works,authority,drainage connection,connecting to a road corridor,new build,industrial,design,Consent is refused.,Find a discharge the authority will accept.,cost; programme,general knowledge
C-0620,Site and external,An open channel on the boundary cannot be piped because it is the neighbour's flow path.,"process, authority, supply or weather",Site and external works,neighbour,open channel,building beside a channel,new build,industrial,design,The channel is required to stay open.,Keep the flow area.,compliance; cost,general knowledge
C-0621,Site and external,A gate blocks the longest vehicle the brief requires.,design or coordination error,Site and external works,Access and egress,vehicle gate,setting a gate,new build; refurbishment/fit-out,industrial,design,The swept path hits the gate.,Set the gate clear of the vehicle.,cost; quality,AS 2890
C-0622,Site and external,A pond the earthworks assumed could be filled is required to stay.,"process, authority, supply or weather",Site and external works,authority,existing pond,filling a water body,new build,residential,design,The pond cannot be removed.,Redesign the levels around it.,cost; programme,general knowledge
C-0623,Site and external,Truck wash water reaches the stormwater the design treats as clean.,design or coordination error,Site and external works,Hydraulic services,truck wash,draining a wash bay,new build; extension,industrial,design,The wash falls to the stormwater pit.,Capture the wash before the stormwater.,compliance,general knowledge
C-0624,Site and external,An optic-fibre protection slab is wider than the new crossing allowed for.,latent condition,Site and external works,utility,protection slab,excavating a crossing,new build,commercial,excavation,The slab extends into the crossing.,Locate the slab before the crossing is excavated.,cost; safety,Before You Dig Australia
C-0625,Site and external,A raingarden underdrain sits above the media and will not empty.,design or coordination error,Site and external works,Hydraulic services,raingarden underdrain,building a raingarden,new build,commercial,testing/commissioning,The media stays wet.,Set the underdrain at the bottom of the media.,quality,general knowledge
C-0626,Site and external,Tailwater covers an outlet the design assumed was free-draining.,latent condition,Site and external works,utility,stormwater outlet,setting an outlet level,new build; extension,industrial,design,The receiving water is above the outlet.,Set the outlet above tailwater or design for submergence.,cost; quality,general knowledge
C-0627,Site and external,An existing on-site disposal system fails a new permeability test when the extension adds catchment.,latent condition,Site and external works,Hydraulic services,on-site disposal,adding roof area,extension,residential,design,The soil will not take the extra water.,Redesign disposal for the soil and the new area.,compliance; cost,AS 3500
C-0628,Site and external,A retained tree's protection zone covers the only footing line for the extension.,latent condition,Site and external works,Substructure,tree protection zone,footing an extension,extension,residential,design,The zone covers the footings.,Move the footings or revise the tree outcome before tender.,cost; programme,general knowledge
C-0629,Site and external,Dial-before-you-dig plans miss a live private electrical main across the yard.,latent condition,Site and external works,Electrical services,private electrical main,excavating a yard,extension,residential; commercial,excavation,The main is found live and is not on the plans.,Locate private services as well as authority assets.,safety; cost,Before You Dig Australia
C-0630,Site and external,An existing agricultural drain collapses under the new house slab.,latent condition,Site and external works,Structure,agricultural drain,building over an old drain,new build,residential,excavation,The trench is uncompacted.,Remove or compact the old trench before the slab.,cost; quality,AS 2870
C-0631,Site and external,Finished site levels bury the damp-proof course of the existing house.,design or coordination error,Site and external works,Building envelope,damp-proof course,raising ground levels,extension,residential,construction,The new ground is above the damp-proof course.,Keep finished ground below the damp-proof course.,quality; cost,general knowledge
C-0632,Site and external,A soakage test for the extension fails in clay the house drainage currently uses.,latent condition,Site and external works,Hydraulic services,soakage,adding disposal,extension,residential,design,The test does not meet the rate the design needs.,Design disposal for the rate the soil accepts.,compliance; cost,AS 3500
C-0633,Site and external,The existing building encroaches over the boundary on the side being extended.,latent condition,Site and external works,neighbour,boundary encroachment,extending an existing building,extension,residential; commercial,design,The survey shows the wall over the boundary.,Resolve the encroachment before the extension builds on it.,compliance; cost; programme,general knowledge
C-0634,Site and external,A shared downpipe serves the neighbour and cannot be moved for the extension.,latent condition,Hydraulic services,neighbour,shared downpipe,relocating a downpipe,extension,residential,design,The pipe takes both roofs.,Keep the neighbour's roof connected.,cost; quality,general knowledge
C-0635,Site and external,"Existing roof drainage discharges onto the neighbour, and the extension would continue that discharge.",latent condition,Building envelope,neighbour,roof discharge,extending a roof,extension,residential,design,Water leaves the site onto the adjoining land.,Bring the discharge to a lawful point.,compliance; cost,AS 3500
C-0636,Interiors and access,Floor flatness of an existing slab is outside the tolerance of the new finish.,latent condition,Interiors and finishes,Structure,floor flatness,laying a finish on an existing slab,refurbishment/fit-out,commercial; institution,design,A flatness survey exceeds the finish limit.,Survey flatness before the finish is specified.,cost; quality,AS 1884
C-0637,Interiors and access,Moisture in an existing slab is too high for the specified adhesive.,latent condition,Interiors and finishes,Structure,slab moisture,adhering a floor finish,refurbishment/fit-out,commercial; institution,testing/commissioning,The moisture test exceeds the adhesive limit.,Test the slab before the adhesive is chosen.,quality; programme,AS 1884
C-0638,Interiors and access,"Tile joints do not line up with the existing slab joints, and the tiles crack.",workmanship defect,Interiors and finishes,Structure,tile joint,tiling over a slab joint,refurbishment/fit-out,commercial; residential,handover/defects,The tile is continuous across the joint.,Break the tiles where the slab breaks.,quality,AS 3958
C-0639,Interiors and access,The junction between two new finishes is a trip on an accessible path.,workmanship defect,Interiors and finishes,Access and egress,floor transition,joining two finishes,refurbishment/fit-out,commercial; institution,handover/defects,The lip exceeds the limit.,Keep the junction within the lip the path allows.,compliance; quality,AS 1428
C-0640,Interiors and access,A skirting bridges an acoustic joint and shorts the rating.,workmanship defect,Interiors and finishes,Structure,skirting,fixing skirtings across a joint,new build; refurbishment/fit-out,residential; commercial,handover/defects,The skirting is fixed to both sides.,Break the skirting at the joint.,quality; compliance,general knowledge
C-0641,Interiors and access,"Paint is applied to a substrate that has not cured, and the film fails.",workmanship defect,Interiors and finishes,Structure,paint,painting new work,new build,residential; commercial,handover/defects,The substrate is still damp.,Paint only when the substrate is ready.,quality,general knowledge
C-0642,Interiors and access,New paint will not bond to a chalking existing coating.,latent condition,Interiors and finishes,Interiors and finishes,existing coating,repainting,remediation/repair,commercial; institution,testing/commissioning,An adhesion trial fails.,Prepare or remove the old coating.,quality; cost,general knowledge
C-0643,Interiors and access,Joinery made to site measures taken before the lining does not fit the finished room.,design or coordination error,Interiors and finishes,Interiors and finishes,joinery,measuring for joinery,refurbishment/fit-out,commercial; residential,construction,The joinery is tight against the lining.,Measure after the lining.,cost; programme,general knowledge
C-0644,Interiors and access,A stone benchtop is thicker than the clearance under an existing window.,latent condition,Interiors and finishes,Building envelope,benchtop,installing a benchtop under a window,refurbishment/fit-out,residential,construction,The stone hits the sill.,Measure the clearance before the stone is cut.,cost; quality,general knowledge
C-0645,Interiors and access,New cabinetry covers the valves that must stay reachable.,design or coordination error,Interiors and finishes,Hydraulic services,services valve,installing cabinetry,refurbishment/fit-out,residential; commercial,construction,The valves are behind a fixed panel.,Leave access to the valves.,quality,general knowledge
C-0646,Interiors and access,A new door leaf binds because the existing frame is out of square.,latent condition,Interiors and finishes,Access and egress,door frame,hanging a door in an old frame,remediation/repair,residential; commercial,construction,The frame diagonals do not match.,Repair the frame or order the leaf to it.,cost; quality,general knowledge
C-0647,Interiors and access,Door hardware clashes with the smoke seal.,design or coordination error,Interiors and finishes,Passive fire protection,door hardware,fitting hardware to a smoke door,refurbishment/fit-out,commercial,testing/commissioning,The hardware cuts the seal.,Choose hardware that clears the seal.,compliance; quality,AS 1905
C-0648,Interiors and access,A service is screwed to a ceiling tile rather than to the grid or the slab.,workmanship defect,Interiors and finishes,Mechanical services,ceiling tile,hanging a service,refurbishment/fit-out,commercial,handover/defects,The tile is carrying the service.,Hang services from the grid or the structure.,quality; safety,general knowledge
C-0649,Interiors and access,A bulkhead is smaller than the insulated duct it is meant to hide.,design or coordination error,Interiors and finishes,Mechanical services,bulkhead,sizing a bulkhead,refurbishment/fit-out,commercial,design,The insulated duct does not fit.,Size the bulkhead to the insulated duct.,cost; quality,general knowledge
C-0650,Interiors and access,Set plaster cracks where it crosses a structural movement joint.,workmanship defect,Interiors and finishes,Structure,plaster,plastering across a joint,new build; refurbishment/fit-out,commercial,handover/defects,The plaster is continuous over the joint.,Stop the plaster at the joint.,quality,general knowledge
C-0651,Interiors and access,Tile lip in a wet area is large enough to pond water.,workmanship defect,Interiors and finishes,Hydraulic services,tile lip,tiling a wet area,remediation/repair,residential,handover/defects,Water sits on the high tile.,Keep lips small enough for water to reach the waste.,quality,AS 3958
C-0652,Interiors and access,Grout etches a natural stone floor.,design or coordination error,Interiors and finishes,Interiors and finishes,stone grout,grouting stone,refurbishment/fit-out,commercial,handover/defects,The grout is not the one the stone allows.,Use a grout the stone can tolerate.,quality; cost,general knowledge
C-0653,Interiors and access,Stone thickness varies more than the bedding can take up.,"process, authority, supply or weather",Interiors and finishes,Structure,stone thickness,bedding natural stone,refurbishment/fit-out,commercial,construction,The pieces are outside the bed range.,Allow a bed that suits the stone supplied.,quality; cost,general knowledge
C-0654,Interiors and access,A timber floor expands against the walls because the perimeter gap was not left.,workmanship defect,Interiors and finishes,Structure,timber floor,laying a timber floor,refurbishment/fit-out,residential,handover/defects,The boards are tight to the walls.,Leave the movement gap.,quality,general knowledge
C-0655,Interiors and access,The timber floor and the underfloor heating are a combination the warranties refuse.,"process, authority, supply or weather",Interiors and finishes,Mechanical services,timber floor,laying timber over heating,refurbishment/fit-out,residential,design,Both warranties exclude the combination.,Choose a floor the heating can sit under.,cost; quality,general knowledge
C-0656,Interiors and access,Vinyl telegraphs the joints of the existing slab.,latent condition,Interiors and finishes,Structure,vinyl,laying vinyl on a slab,refurbishment/fit-out,commercial; institution,handover/defects,The joints show through the sheet.,Prepare the substrate so the joints do not read.,quality; cost,AS 1884
C-0657,Interiors and access,Stair nosings do not finish flush with the new floor thickness.,design or coordination error,Interiors and finishes,Access and egress,stair nosing,laying a floor up to a stair,refurbishment/fit-out,commercial; institution,handover/defects,The nosing sits proud or low.,Set the nosing to the finished floor.,quality; compliance,AS 1428
C-0658,Interiors and access,A handrail bracket pulls out of the lightweight lining.,workmanship defect,Access and egress,Interiors and finishes,handrail bracket,fixing a handrail,refurbishment/fit-out,commercial; institution,handover/defects,The bracket is in the lining only.,Fix the bracket to structure or backing.,safety; cost,AS 1428
C-0659,Interiors and access,A glass splashback is cut before the power points move.,design or coordination error,Interiors and finishes,Electrical services,splashback,cutting glass around outlets,refurbishment/fit-out,residential,construction,The cutouts miss the outlets.,Cut the glass to the outlets as fixed.,cost; quality,general knowledge
C-0660,Interiors and access,A mirror cabinet is deeper than the wall and hits the door.,latent condition,Interiors and finishes,Access and egress,mirror cabinet,fixing a cabinet,refurbishment/fit-out,residential,construction,The cabinet is in the door swing.,Choose a cabinet the wall and the door can accept.,cost; quality,general knowledge
C-0661,Interiors and access,Wardrobe doors need a track the new ceiling build-up has covered.,design or coordination error,Interiors and finishes,Interiors and finishes,wardrobe track,building a ceiling bulkhead,refurbishment/fit-out,residential,construction,The track line is inside the bulkhead.,Leave a fixing line for the track.,cost; quality,general knowledge
C-0662,Interiors and access,An operable-wall track deflects with the beam and the seals no longer meet.,latent condition,Interiors and finishes,Structure,operable wall,reusing a track,refurbishment/fit-out,institution; commercial,testing/commissioning,The track follows the beam deflection.,Check the beam against the track tolerance.,quality; cost,general knowledge
C-0663,Interiors and access,"The pocket of an operable wall is full of services, so the wall cannot park.",latent condition,Interiors and finishes,Mechanical services,operable-wall pocket,parking a wall,refurbishment/fit-out,commercial; institution,construction,Services are in the pocket.,Keep the pocket clear.,quality; cost,general knowledge
C-0664,Interiors and access,A reception stone is larger than the lift and the stair of the existing building.,latent condition,Interiors and finishes,Vertical transport,feature stone,delivering a stone piece,refurbishment/fit-out,commercial,construction,The piece will not enter.,Check the piece against the access path.,cost; programme,general knowledge
C-0665,Interiors and access,A decorative finish approved in the workshop does not match in the room's daylight.,design or coordination error,Interiors and finishes,occupant,decorative finish,approving a sample,refurbishment/fit-out,commercial; institution,handover/defects,The sample on the wall does not match the workshop board.,Approve samples in the room.,quality; programme,general knowledge
C-0666,Interiors and access,External paint is applied outside the conditions the product allows.,"process, authority, supply or weather",Interiors and finishes,weather,external paint,painting a facade,remediation/repair,commercial; residential,handover/defects,The weather during application was outside the data sheet.,Apply the coating in the conditions it needs.,quality; cost,general knowledge
C-0667,Interiors and access,Sealant stains the stone beside the joint.,design or coordination error,Interiors and finishes,Building envelope,sealant,sealing stone,refurbishment/fit-out,commercial,handover/defects,The stone is marked beside the joint.,Use a sealant that does not stain the stone.,quality; cost,general knowledge
C-0668,Interiors and access,Tactile indicators will not adhere to the existing floor surface.,latent condition,Access and egress,Interiors and finishes,tactile indicator,installing tactiles,refurbishment/fit-out,commercial; institution,testing/commissioning,The tactiles lift.,Bond-test the tactile on the surface.,compliance; quality,AS 1428
C-0669,Interiors and access,An entrance mat well is shallower than the mat.,latent condition,Interiors and finishes,Access and egress,entrance mat,setting a mat in an existing slab,refurbishment/fit-out,commercial,construction,The well is too shallow for the mat to sit flush.,Deepen the well or choose a thinner mat.,quality; compliance,AS 1428
C-0670,Interiors and access,A mat well clashes with the existing door track.,latent condition,Interiors and finishes,Access and egress,door track,forming a mat well,refurbishment/fit-out,commercial,construction,The well cuts the track.,Keep the well clear of the track.,cost; quality,general knowledge
C-0671,Interiors and access,Loose furniture will not fit the existing lift to the tenancy.,latent condition,Interiors and finishes,Vertical transport,furniture,delivering furniture,refurbishment/fit-out,commercial,construction,The piece exceeds the lift.,Check furniture against the lift.,programme; cost,general knowledge
C-0672,Interiors and access,A compactus load exceeds the existing floor.,latent condition,Interiors and finishes,Structure,compactus,installing compactus,refurbishment/fit-out,commercial; institution,design,The loaded weight is above the slab capacity.,Check the floor for the loaded compactus.,safety; cost,AS 1170
C-0673,Interiors and access,Laboratory bench services are on the wrong side of the bench.,design or coordination error,Hydraulic services,Interiors and finishes,laboratory bench,setting out bench services,refurbishment/fit-out,institution,construction,"The outlets face the aisle, not the user.",Set the services to the bench side that is used.,cost; quality,general knowledge
C-0674,Interiors and access,A self-levelling epoxy floor ponds because it follows an existing slab with no falls.,latent condition,Interiors and finishes,Structure,epoxy floor,coating an industrial slab,remediation/repair,industrial,handover/defects,Water sits on the floor.,"Form falls before a self-levelling finish, or accept the ponds.",quality; cost,general knowledge
C-0675,Interiors and access,An accessible toilet is smaller than the circulation the standard requires once the existing column is included.,latent condition,Access and egress,Structure,accessible toilet,planning a toilet around a column,refurbishment/fit-out,commercial; institution,design,The column is inside the clear space.,Plan the room around the column.,compliance; cost,AS 1428
C-0676,Interiors and access,Tactile indicators do not fit on the existing stair landing.,latent condition,Access and egress,Structure,tactile indicator,installing tactiles on a short landing,remediation/repair,commercial; institution,design,The landing is shorter than the tactile zone.,Lengthen the landing or accept that this stair cannot take the tactiles as drawn.,compliance; cost,AS 1428
C-0677,Interiors and access,Handrail extensions will not fit the existing corridor width.,latent condition,Access and egress,Interiors and finishes,handrail extension,upgrading a stair,remediation/repair,commercial; institution,design,The extension projects into the required width.,Redesign the extension to the corridor that exists.,compliance; cost,AS 1428
C-0678,Interiors and access,A door clear width is lost when fire lining is added to an existing frame.,latent condition,Access and egress,Passive fire protection,clear door width,lining a door opening,refurbishment/fit-out,commercial; institution,design,The clear width after lining is below the minimum.,Check the clear opening after the linings.,compliance; cost,NCC
C-0679,Interiors and access,"An existing threshold step is higher than an accessible path can accept, and there is no room to ramp it.",latent condition,Access and egress,Interiors and finishes,threshold,joining two existing floors,refurbishment/fit-out,commercial,design,The step exceeds the limit and the run is too short to ramp.,Change the levels or the path.,compliance; cost,AS 1428
C-0680,Interiors and access,A required exit door opens onto a path the extension will enclose.,design or coordination error,Access and egress,Building envelope,exit discharge,building across an exit,extension,commercial; residential,design,The path beyond the door is no longer open.,Keep a path to a place of safety.,compliance; safety,NCC
C-0681,Interiors and access,A window sill in a child's room is below the safety height once the new floor finish is laid.,latent condition,Building envelope,occupant,window sill,laying a floor under a low window,refurbishment/fit-out,residential; institution,construction,The sill height from the new floor is too low.,Measure from the finished floor.,safety; compliance,NCC
C-0682,Interiors and access,The drop outside an existing low window is greater than the survey showed.,latent condition,Building envelope,Site and external works,low window,measuring a drop,remediation/repair,residential,design,The external level is lower than drawn.,Protect the opening for the drop that exists.,safety; compliance,NCC
C-0683,Interiors and access,A riser door swing cuts the exit width of an existing corridor.,design or coordination error,Access and egress,Electrical services,riser door,swinging a door into a corridor,refurbishment/fit-out,commercial,design,The swing reduces the width.,Swing the door out of the exit width.,compliance,NCC
C-0684,Interiors and access,Fire-brigade access no longer reaches the entry after the extension.,design or coordination error,Access and egress,Site and external works,brigade access,extending across an appliance path,extension,commercial; institution,design,The path is blocked by the new work.,Keep the appliance path.,compliance; safety,NCC
C-0685,Interiors and access,Finish build-up stops an existing door from opening.,latent condition,Interiors and finishes,Access and egress,door undercut,laying finishes,refurbishment/fit-out,residential; commercial,handover/defects,The door binds on the floor.,Undercut the door for the finishes laid.,quality; cost,general knowledge
C-0686,Acoustics,Sound flanks around an intertenancy wall through the continuous existing slab.,latent condition,Interiors and finishes,Structure,flanking path,building a party wall on a continuous slab,refurbishment/fit-out,residential,testing/commissioning,The wall tests below its rating.,Detail the slab and the wall so sound cannot pass around the wall.,compliance; quality,general knowledge
C-0687,Acoustics,Back-to-back power points open a hole through an acoustic wall.,workmanship defect,Electrical services,Interiors and finishes,power point,fitting outlets in a party wall,new build; refurbishment/fit-out,residential,handover/defects,The boxes are opposite each other.,Stagger the outlets.,quality; compliance,general knowledge
C-0688,Acoustics,A ceiling plenum connects two rooms a new wall was meant to separate.,latent condition,Interiors and finishes,Mechanical services,ceiling plenum,stopping a wall at the ceiling,refurbishment/fit-out,commercial,testing/commissioning,Speech carries over the wall.,Continue the wall through the plenum or stop the plenum.,quality; compliance,general knowledge
C-0689,Acoustics,A duct through an acoustic wall has no lagging and links the two rooms.,design or coordination error,Mechanical services,Interiors and finishes,duct lagging,passing a duct through a wall,refurbishment/fit-out,commercial; institution,handover/defects,The duct is open between the rooms.,Lag or line the duct at the wall.,quality,general knowledge
C-0690,Acoustics,Plant vibration enters a dwelling through a shared existing structure.,latent condition,Mechanical services,Structure,plant vibration,placing plant on a shared structure,replacement/upgrade of an existing system,residential; commercial,handover/defects,Vibration is felt in the dwelling.,Isolate the plant from the structure the dwelling uses.,quality,general knowledge
C-0691,Acoustics,A soil stack is fixed hard to a bedroom wall.,design or coordination error,Hydraulic services,Interiors and finishes,soil stack,fixing a stack to a wall,new build; refurbishment/fit-out,residential,handover/defects,The stack is audible in the bedroom.,Isolate the stack from the bedroom wall.,quality,general knowledge
C-0692,Acoustics,The floor impact rating fails with the finish that was substituted.,design or coordination error,Interiors and finishes,Structure,floor finish,substituting a floor finish,refurbishment/fit-out,residential,testing/commissioning,The test is below the rating.,Keep the finish the rating was based on.,compliance; quality,general knowledge
C-0693,Acoustics,Glazing is downgraded and the facade no longer meets the external noise requirement.,design or coordination error,Building envelope,occupant,facade glazing,substituting glass,refurbishment/fit-out,commercial; residential,design,The glass is below the acoustic specification.,Hold the glass the noise requires.,compliance; quality,AS/NZS 2107
C-0694,Acoustics,A door undercut cut for air ruins the acoustic seal.,design or coordination error,Mechanical services,Interiors and finishes,door undercut,undercutting a door for air,refurbishment/fit-out,commercial; institution,testing/commissioning,The door no longer seals.,Do not use the acoustic door as the air path.,quality,general knowledge
C-0695,Acoustics,Roof plant above a boardroom sits on a roof that is not stiff enough.,latent condition,Mechanical services,Structure,roof plant,placing plant over a quiet room,replacement/upgrade of an existing system,commercial,handover/defects,The room hears the plant.,Isolate the plant or stiffen the roof.,quality; cost,general knowledge
C-0696,Acoustics,Lift-rail noise transmits into a bedroom that shares the shaft wall.,latent condition,Vertical transport,Interiors and finishes,lift rail,retaining a lift beside a bedroom,refurbishment/fit-out,residential,handover/defects,The bedroom hears the lift.,Isolate the rails from that wall.,quality,AS 1735
C-0697,Acoustics,A garbage chute is fixed to the wall of a habitable room.,design or coordination error,Hydraulic services,Interiors and finishes,garbage chute,fixing a chute,new build; refurbishment/fit-out,residential,handover/defects,The chute is on the room wall.,Separate the chute from habitable rooms.,quality,general knowledge
C-0698,Acoustics,A garage-door motor is mounted on the wall of a bedroom.,design or coordination error,Access and egress,Interiors and finishes,garage-door motor,mounting a motor,new build; extension,residential,handover/defects,The motor is on the bedroom wall.,Mount the motor off that wall.,quality,general knowledge
C-0699,Acoustics,An existing timber floor cannot reach the impact rating a new unit requires.,latent condition,Structure,Interiors and finishes,timber floor,separating units,refurbishment/fit-out,residential,design,The floor build-up cannot reach the rating.,Upgrade the floor or do not rely on it for the rating.,compliance; cost,general knowledge
C-0700,Acoustics,A resilient mount is bridged by a tile or a skirting.,workmanship defect,Interiors and finishes,Structure,resilient mount,finishing over an isolated floor,new build; refurbishment/fit-out,residential,handover/defects,The finish touches the structure.,Keep the finish off the isolated layer.,quality,general knowledge
C-0701,Acoustics,The acoustic line of a facade is lost at the existing slab edge.,latent condition,Building envelope,Structure,slab-edge acoustic seal,recladding,replacement/upgrade of an existing system,commercial,construction,There is a gap at the slab edge.,Continue the acoustic line to the slab.,quality; compliance,AS/NZS 2107
C-0702,Acoustics,An acoustic louvre cannot meet both the airflow and the rating in the wall depth available.,latent condition,Building envelope,Mechanical services,acoustic louvre,selecting a louvre,replacement/upgrade of an existing system,commercial; institution,design,The depth is too small for both duties.,Increase the depth or reduce one duty.,cost; quality,general knowledge
C-0703,Acoustics,A studio slab on grade picks up street vibration.,latent condition,Structure,Site and external works,studio slab,building a studio on grade,new build,commercial,testing/commissioning,Vibration from the street is measurable in the slab.,Isolate the slab if the use needs it.,quality; cost,general knowledge
C-0704,Acoustics,A partition stops at a perforated ceiling and the room is not private.,design or coordination error,Interiors and finishes,Interiors and finishes,perforated ceiling,stopping a partition at the ceiling,refurbishment/fit-out,commercial,handover/defects,Speech passes through the ceiling.,"Take the partition to a barrier, or replace the ceiling.",quality,general knowledge
C-0705,Acoustics,Existing single glazing faces a road the acoustic brief did not include.,latent condition,Building envelope,occupant,window glazing,reusing windows,refurbishment/fit-out,residential; institution,design,The external noise exceeds what the glass can reduce.,Select glass for the noise that is outside.,quality; cost,AS/NZS 2107
C-0706,Acoustics,A plant screen reflects noise toward the neighbour.,design or coordination error,Mechanical services,neighbour,plant screen,screening plant,replacement/upgrade of an existing system,commercial,handover/defects,The neighbour's level rises.,Place the screen so it blocks the path to the neighbour.,compliance; quality,general knowledge
C-0707,Acoustics,Rain on a metal roof over a classroom is above the level the room needs.,latent condition,Building envelope,occupant,metal roof,roofing over a classroom,replacement/upgrade of an existing system,institution,handover/defects,Rain noise is heard in the room.,Build up the roof to deaden rain noise.,quality; cost,general knowledge
C-0708,Acoustics,A riser door in an acoustic wall is a standard door.,design or coordination error,Interiors and finishes,Access and egress,riser door,installing a door in a rated wall,new build; refurbishment/fit-out,residential,handover/defects,The door is not the wall's rating.,Use a door that matches the wall.,quality; compliance,general knowledge
C-0709,Acoustics,A bath is built against the neighbour's bedroom wall with no isolation.,design or coordination error,Hydraulic services,Interiors and finishes,bath,setting a bath on a party wall,new build; refurbishment/fit-out,residential,handover/defects,The bath is hard against the wall.,Isolate the bath from the party wall.,quality,general knowledge
C-0710,Acoustics,A cross-talk attenuator will not fit the duct branch between two rooms.,latent condition,Mechanical services,Interiors and finishes,cross-talk attenuator,fitting an attenuator,refurbishment/fit-out,commercial,design,The branch is too small.,Size the branch for the attenuator.,cost; quality,general knowledge
C-0711,Communications,The communications room is too small for the racks and the clearance in front of them.,latent condition,Communications and security,Access and egress,communications room,installing racks,refurbishment/fit-out,commercial; institution,design,The room depth is short of the clearance.,Size the room to the racks.,cost; quality,general knowledge
C-0712,Communications,There is no cable path from the street lead-in to the communications room.,latent condition,Communications and security,Site and external works,lead-in,bringing a carrier into an existing building,replacement/upgrade of an existing system,commercial,design,The path from the street is blocked.,Agree a lead-in path with the carrier.,cost; programme,general knowledge
C-0713,Communications,Existing containment is full and the new cabling has no route.,latent condition,Communications and security,Electrical services,cable containment,adding cables,refurbishment/fit-out,commercial; institution,construction,The tray is full.,Provide a route before the cables are specified.,cost; programme,general knowledge
C-0714,Communications,Wireless access points clash with services already in the ceiling.,latent condition,Communications and security,Mechanical services,wireless access point,placing access points,refurbishment/fit-out,commercial,construction,The ceiling positions are occupied.,Reserve ceiling positions for the access points.,cost; quality,general knowledge
C-0715,Communications,The security head-end has no power on the essential supply.,design or coordination error,Communications and security,Electrical services,security head-end,powering a security system,replacement/upgrade of an existing system,commercial; institution,testing/commissioning,The head-end is on the general board.,Feed it from a supply that stays up if that is what the system needs.,quality; safety,general knowledge
C-0716,Communications,Door hardware is not compatible with the access-control lock.,"process, authority, supply or weather",Communications and security,Access and egress,access-control lock,fitting locks to existing doors,refurbishment/fit-out,commercial; institution,construction,The lock does not fit the door.,Match the lock to the door and frame.,cost; programme,general knowledge
C-0717,Communications,Access-control locks on an exit path do not release when the fire alarm operates.,design or coordination error,Communications and security,Active fire protection,electric lock,interfacing locks to the fire panel,refurbishment/fit-out,commercial; institution,testing/commissioning,The doors stay locked in a fire test.,Release the exit doors from the fire alarm.,compliance; safety,NCC
C-0718,Communications,A camera sightline is blocked by a new bulkhead.,design or coordination error,Communications and security,Interiors and finishes,camera,adding a bulkhead,refurbishment/fit-out,commercial,construction,The camera cannot see the point required.,Keep the sightline or move the camera.,quality,general knowledge
C-0719,Communications,The plant controllers do not expose the points the new building-management system needs.,latent condition,Communications and security,Mechanical services,BMS point,connecting a BMS,replacement/upgrade of an existing system,commercial; institution,testing/commissioning,The required points are not available.,Confirm the points before the BMS is specified.,cost; quality,general knowledge
C-0720,Communications,Server-room cooling and the servers are on one board with no separation.,design or coordination error,Mechanical services,Electrical services,server-room power,supplying a server room,refurbishment/fit-out,commercial; institution,design,Cooling and servers share one supply.,Arrange the supplies so cooling can run with the equipment.,quality; safety,general knowledge
C-0721,Communications,A raised floor is too shallow for both the airflow and the new cabling.,latent condition,Communications and security,Mechanical services,raised floor,reusing a raised floor,refurbishment/fit-out,commercial,design,The void cannot carry both.,Decide what the void is for.,cost; quality,general knowledge
C-0722,Communications,The communications rack earth is not bonded to the building earth.,workmanship defect,Communications and security,Electrical services,rack earth,installing a rack,refurbishment/fit-out,commercial,testing/commissioning,The rack earth stops at the rack.,Bond the rack to the building earth.,safety; quality,AS/NZS 3000
C-0723,Communications,Fibre bend radius is tighter than the cable allows at an existing riser turn.,latent condition,Communications and security,Structure,fibre cable,turning fibre in a riser,refurbishment/fit-out,commercial,construction,The turn is too tight.,Provide a radius the cable allows.,quality; cost,general knowledge
C-0724,Communications,A distributed antenna system cannot cover the lift and the basement.,latent condition,Communications and security,Vertical transport,radio coverage,providing radio in an existing building,replacement/upgrade of an existing system,commercial; institution,testing/commissioning,There is no coverage in the lift.,Design coverage for the spaces the structure shields.,quality; safety,general knowledge
C-0725,Communications,Nurse-call cabling has no path to the occupied rooms.,latent condition,Communications and security,Interiors and finishes,nurse call,adding nurse call,refurbishment/fit-out,institution,design,There is no containment to the rooms.,Provide a path before the devices are specified.,cost; programme,general knowledge
C-0726,Communications,Medical gas pipe clashes with the structure above the bed head.,design or coordination error,Hydraulic services,Structure,medical gas pipe,routing gas to a bed head,refurbishment/fit-out,institution,design,The pipe and the structure occupy one zone.,Coordinate the bed head with the structure.,cost; programme,general knowledge
C-0727,Communications,Medical gas purity fails because the pipe was left open during construction.,workmanship defect,Hydraulic services,occupant,medical gas pipe,installing medical gas,new build; refurbishment/fit-out,institution,testing/commissioning,The purity test fails.,Keep the pipe closed and clean.,quality; safety; programme,general knowledge
C-0728,Communications,A pneumatic-tube station clashes with a door swing.,design or coordination error,Communications and security,Access and egress,pneumatic tube,placing a station,refurbishment/fit-out,institution,design,The station is in the swing.,Move the station clear of the door.,cost; quality,general knowledge
C-0729,Communications,A laboratory gas cabinet has no exhaust the building can provide.,latent condition,Mechanical services,occupant,gas cabinet,installing a gas cabinet,refurbishment/fit-out,institution,design,There is no exhaust connection.,Provide the exhaust before the cabinet is installed.,safety; cost,AS 1668
C-0730,Communications,Cold-room panel thickness uses the last of the room size.,design or coordination error,Mechanical services,Interiors and finishes,cold-room panel,lining a cold room,refurbishment/fit-out,commercial; institution,design,The clear room is below the brief.,Dimension the clear room after the panels.,cost; quality,general knowledge
C-0731,Communications,A cold-room floor step clashes with the accessible path.,design or coordination error,Mechanical services,Access and egress,cold-room floor,setting an insulated floor,refurbishment/fit-out,commercial; institution,design,The step is on the accessible path.,Detail the step so the path still complies.,compliance; cost,AS 1428
C-0732,Communications,A cool-room condenser in a ceiling cannot reject its heat.,latent condition,Mechanical services,Building envelope,cool-room condenser,placing a condenser in a ceiling,refurbishment/fit-out,commercial,testing/commissioning,The ceiling overheats and the room will not hold temperature.,Reject the heat to a place that can take it.,quality; cost,general knowledge
C-0733,Communications,A kitchen canopy is heavier than the existing roof framing.,latent condition,Mechanical services,Structure,kitchen canopy,hanging a canopy,refurbishment/fit-out,commercial,design,The canopy weight exceeds the framing.,Check the roof for the canopy.,safety; cost,AS 1170
C-0734,Communications,The gas valve and the mechanical exhaust are not interlocked.,design or coordination error,Mechanical services,Hydraulic services,gas interlock,connecting kitchen gas,refurbishment/fit-out,commercial,testing/commissioning,Gas flows when the exhaust is off.,Shut the gas if the exhaust is not running.,safety; compliance,AS 5601
C-0735,Communications,A grease exhaust duct has no separation from a combustible ceiling.,design or coordination error,Mechanical services,Passive fire protection,grease duct,running a kitchen exhaust,refurbishment/fit-out,commercial,construction,The duct touches the ceiling.,Separate the duct from the ceiling.,safety; compliance,AS 1668
C-0736,Communications,A dock-leveller pit clashes with the slab thickening.,latent condition,Site and external works,Structure,dock-leveller pit,forming a leveller pit,new build; refurbishment/fit-out,industrial,design,The thickening is in the pit.,Coordinate the pit and the thickening.,cost; programme,general knowledge
C-0737,Communications,An overhead crane's collector is cut by a new partition.,design or coordination error,Electrical services,Interiors and finishes,crane collector,building a partition under a crane,extension,industrial,construction,The collector is interrupted.,Keep the collector continuous.,cost; safety,general knowledge
C-0738,Communications,A process drain is tied into the domestic sewer.,design or coordination error,Hydraulic services,occupant,process drain,connecting a process,extension,industrial,design,The process waste joins the domestic stack.,Keep process waste separate until it is approved to join.,compliance; safety,Plumbing Code of Australia
C-0739,Communications,A compressed-air pipe falls the wrong way and fills with condensate.,workmanship defect,Mechanical services,Hydraulic services,compressed-air pipe,installing compressed air,replacement/upgrade of an existing system,industrial,testing/commissioning,Water collects in the line.,Fall the pipe to traps.,quality,general knowledge
C-0740,Communications,A dust-collector explosion vent points at a path of travel.,design or coordination error,Mechanical services,Access and egress,explosion vent,locating a collector,new build; extension,industrial,design,The vent faces the path.,Relieve away from the path.,safety,general knowledge
C-0741,Communications,A public-address zone crosses a fire compartment.,design or coordination error,Communications and security,Passive fire protection,public-address zone,zoning a paging system,refurbishment/fit-out,commercial; institution,design,The zone does not follow the compartment.,Zone the paging to the evacuation compartments.,compliance,AS 1670
C-0742,Communications,A hearing loop does not work because of the existing slab reinforcement.,latent condition,Communications and security,Structure,hearing loop,installing a loop,refurbishment/fit-out,commercial; institution,testing/commissioning,The field is killed by the steel.,Test a loop arrangement the slab will allow.,quality; compliance,general knowledge
C-0743,Communications,A satellite dish loses sight of the satellite behind a new screen.,design or coordination error,Communications and security,Building envelope,satellite dish,building a screen,extension,residential; commercial,handover/defects,The dish is shadowed.,Keep the dish's sightline.,quality,general knowledge
C-0744,Communications,An entry intercom is not reachable from the accessible path.,design or coordination error,Communications and security,Access and egress,intercom,placing an intercom,new build; refurbishment/fit-out,residential; commercial,design,The intercom is off the path.,Place it where the path can reach it.,compliance,AS 1428
C-0745,Communications,An existing nurse-call system has no spare capacity for the rooms the extension adds.,latent condition,Communications and security,Electrical services,nurse-call system,extending nurse call,extension,institution,design,The system is full.,Extend or replace the system before the rooms are added.,cost; programme,general knowledge
C-0746,Communications,Security cabling for a school upgrade shares a tray with power and picks up interference.,design or coordination error,Communications and security,Electrical services,security cable,sharing a tray,refurbishment/fit-out,institution,testing/commissioning,The cameras drop out.,Separate the cabling from the power.,quality; cost,general knowledge
C-0747,Communications,A door that must fail safe on fire alarm has been wired to fail secure.,workmanship defect,Communications and security,Active fire protection,electric lock,wiring a lock,refurbishment/fit-out,institution; commercial,testing/commissioning,The door locks when power is lost.,Wire the exit door to the function the fire strategy needs.,safety; compliance,NCC
C-0748,Communications,The existing public-address amplifier cannot drive the extra speakers in the hall upgrade.,latent condition,Communications and security,Electrical services,public-address amplifier,adding speakers,replacement/upgrade of an existing system,institution,testing/commissioning,The amplifier overloads.,Size the amplifier to the speakers.,cost; quality,general knowledge
C-0749,Communications,A data room's only cable path is through a fire stair.,design or coordination error,Communications and security,Passive fire protection,data cabling,routing cables,refurbishment/fit-out,commercial,design,The cables are drawn in the stair.,Keep the cables out of the stair.,compliance; cost,NCC
C-0750,Communications,An access-control reader is mounted on a hollow wall and the lock will not operate the existing latch.,latent condition,Communications and security,Access and egress,electric strike,fitting a reader to an old door,refurbishment/fit-out,commercial,construction,The strike does not suit the latch.,Match the strike to the latch and give it a solid fixing.,cost; quality,general knowledge
C-0751,Authority and contract,A planning condition requires a screen to plant that the construction drawings do not show.,"process, authority, supply or weather",Building envelope,authority,plant screen,documenting a roof,new build; extension,commercial,design,The condition is not on the drawing set.,Absorb the conditions into the documents before tender.,compliance; cost,NCC
C-0752,Authority and contract,The occupancy classification used for design is not the use the tenant will occupy.,latent condition,Passive fire protection,occupant,occupancy classification,leasing a building,refurbishment/fit-out,commercial,design,The lease use is a higher classification.,Design to the use that will occupy the building.,compliance; cost,NCC
C-0753,Authority and contract,The energy report assumes glass the order has changed.,design or coordination error,Building envelope,Mechanical services,facade glass,ordering glass,new build; replacement/upgrade of an existing system,commercial,construction,The order and the report name different glass.,Hold the glass the report uses.,compliance; quality,NCC
C-0754,Authority and contract,The water authority will not allow the connection size designed.,"process, authority, supply or weather",Hydraulic services,authority,water connection,applying for a connection,new build; extension,commercial; industrial,design,The authority limits the size.,Design to the connection that will be granted.,cost; programme,AS 3500
C-0755,Authority and contract,The sewer authority moves the point of connection after the drains are designed.,"process, authority, supply or weather",Hydraulic services,authority,sewer connection,connecting to sewer,new build; extension,residential; commercial,design,The nominated point has changed.,Redesign the drains to the current point.,cost; programme,AS 3500
C-0756,Authority and contract,The power supply date is later than the commissioning programme.,"process, authority, supply or weather",Electrical services,programme,incoming supply,programming commissioning,new build; replacement/upgrade of an existing system,commercial; industrial,design,The authority's date is after the programme.,Programme commissioning to the supply date.,programme; cost,general knowledge
C-0757,Authority and contract,There is no gas main in the street the design connected to.,latent condition,Hydraulic services,utility,gas main,connecting gas,new build; extension,residential; commercial,design,The utility plan shows no main.,Confirm a main before gas appliances are specified.,cost; programme,AS 5601
C-0758,Authority and contract,A live asset is found where the dial-before-you-dig plan was blank.,latent condition,Site and external works,utility,in-ground asset,excavating,new build; extension; refurbishment/fit-out,residential; commercial; industrial,excavation,The asset is live and not on the plan.,Locate assets before excavation.,safety; cost,Before You Dig Australia
C-0759,Authority and contract,A registered easement is wider than the design allowed.,latent condition,Site and external works,authority,easement,siting a building,new build,commercial; residential,design,The plan shows a wider easement through the building.,Plot the registered width.,compliance; cost,general knowledge
C-0760,Authority and contract,A street-tree protection zone covers the footing line.,latent condition,Site and external works,Substructure,tree protection zone,footing beside a tree,new build; extension,residential; commercial,design,The zone covers the footings.,Move the footings or revise the tree outcome.,cost; programme,general knowledge
C-0761,Authority and contract,Heritage fabric the design removed is confirmed as significant.,latent condition,Interiors and finishes,authority,heritage fabric,altering a listed building,refurbishment/fit-out,commercial; institution,design,The listing includes the fabric.,Keep the fabric and route new work around it.,compliance; cost; programme,general knowledge
C-0762,Authority and contract,An adjoining owner refuses consent for a tie into the party wall.,"process, authority, supply or weather",Structure,neighbour,party-wall tie,tying into a neighbour,extension,residential; commercial,design,Consent is refused.,Design a support that does not need the tie.,cost; programme,general knowledge
C-0763,Authority and contract,A crane over a road needs a permit the programme did not allow time for.,"process, authority, supply or weather",programme,authority,tower crane,erecting a crane,new build,commercial,design,The permit period is longer than the programme float.,Allow the permit duration.,programme; cost,general knowledge
C-0764,Authority and contract,A road-opening permit restricts hours so the service tie-in does not fit.,"process, authority, supply or weather",utility,programme,service tie-in,connecting in a road,new build; extension,commercial,construction,The permitted hours are shorter than the tie-in.,Plan the tie-in inside the hours.,programme; cost,general knowledge
C-0765,Authority and contract,After-hours noisy work beside a residence is refused.,"process, authority, supply or weather",programme,neighbour,working hours,planning noisy work,refurbishment/fit-out,commercial; institution,construction,The approval excludes the noisy activity at night.,Put noisy work in the hours that are allowed.,programme; cost,general knowledge
C-0766,Authority and contract,A flood level is updated while the floor is being documented.,"process, authority, supply or weather",Structure,authority,flood level,setting a floor level,new build; extension,residential; commercial,design,The current level is above the floor.,Adopt the level in force.,compliance; cost,general knowledge
C-0767,Authority and contract,The bushfire attack level is higher than the design used.,latent condition,Building envelope,authority,bushfire construction,documenting an envelope,new build; extension,residential,design,The assessment is a higher level.,Build the envelope to the assessed level.,compliance; cost,NCC
C-0768,Authority and contract,A balcony cladding product is not one the current external-wall rules allow at that height.,"process, authority, supply or weather",Building envelope,authority,balcony cladding,specifying cladding,new build; remediation/repair,residential,design,The product is outside the rules for the height.,Specify a product the rules allow.,compliance; cost,NCC
C-0769,Authority and contract,An authority's reading of the access standard requires a larger room than drawn.,"process, authority, supply or weather",Access and egress,authority,accessible room,documenting an accessible room,new build; refurbishment/fit-out,commercial; institution,design,The room is short of the size being applied.,Size the room to the standard as it will be applied.,compliance; cost,AS 1428
C-0770,Authority and contract,A fire engineering report assumes a management rule the tenant will not keep.,latent condition,Passive fire protection,occupant,fire engineering report,relying on management,refurbishment/fit-out,commercial,design,The tenant's use breaks the assumption.,Do not rely on a rule the occupant will not keep.,compliance; safety,NCC
C-0771,Authority and contract,No approval can be found for the existing building the new work relies on.,latent condition,authority,contract,existing approval,extending an existing building,extension,commercial; residential,design,The record search finds no approval.,Establish the status of the existing building before the new work depends on it.,compliance; programme,general knowledge
C-0772,Authority and contract,Occupation is sought while a required service is not commissioned.,"process, authority, supply or weather",programme,authority,occupation,seeking occupation,new build; refurbishment/fit-out,commercial; institution,handover/defects,The service has no commissioning record.,Commission the service before occupation is sought.,compliance; programme,NCC
C-0773,Authority and contract,A tenant's trade waste exceeds the agreement.,latent condition,Hydraulic services,authority,trade-waste agreement,operating a tenancy,refurbishment/fit-out,commercial; industrial,testing/commissioning,Samples exceed the agreement.,Match the agreement to the discharge or treat the waste.,compliance; cost,Plumbing Code of Australia
C-0774,Authority and contract,A grease arrestor cannot be reached by the collection vehicle.,latent condition,Hydraulic services,authority,grease arrestor,locating an arrestor,refurbishment/fit-out,commercial,design,The vehicle cannot reach the arrestor.,Place it where collection can occur.,compliance; cost,Plumbing Code of Australia
C-0775,Authority and contract,A stormwater quality target cannot be met on the land available.,latent condition,Site and external works,authority,stormwater treatment,meeting a planning condition,new build,commercial,design,The device does not fit the site.,Change the strategy or the land used.,compliance; cost,general knowledge
C-0776,Authority and contract,An on-site detention outlet is larger than the authority will now accept.,"process, authority, supply or weather",Site and external works,authority,detention outlet,sizing an orifice,new build,residential; commercial,design,The required outlet is smaller.,Resize the storage to the outlet that will be accepted.,compliance; cost,general knowledge
C-0777,Authority and contract,Building over a sewer is refused.,"process, authority, supply or weather",Substructure,authority,sewer build-over,footing near a sewer,new build; extension,residential; commercial,design,The authority will not consent.,Move the footing clear of the sewer.,cost; compliance,AS 3500
C-0778,Authority and contract,A protection slab over a sewer is thicker than the cover between the pipe and the finished level.,latent condition,Substructure,utility,sewer protection slab,building over a sewer,new build,commercial,design,The slab does not fit in the cover.,Redesign the levels or the protection.,cost; programme,general knowledge
C-0779,Authority and contract,A substation lease area is larger than the room designed.,"process, authority, supply or weather",Electrical services,authority,substation room,designing a substation,new build,commercial,design,The lease exceeds the room.,Size the room to the lease.,cost; compliance,general knowledge
C-0780,Authority and contract,A supply kiosk clashes with the entry.,design or coordination error,Electrical services,Access and egress,supply kiosk,locating a kiosk,new build,commercial,design,The kiosk is in the entry.,Place the kiosk where it can be reached and the entry still works.,cost; compliance,general knowledge
C-0781,Authority and contract,A carrier will not use the lead-in route designed.,"process, authority, supply or weather",Communications and security,utility,communications lead-in,designing a lead-in,new build,commercial,design,The carrier rejects the route.,Adopt a route the carrier will use.,cost; programme,general knowledge
C-0782,Authority and contract,An airspace approval limits the tower crane below the height the structure needs.,"process, authority, supply or weather",programme,authority,tower crane,selecting a crane,new build,commercial,design,The approved height cannot reach the top.,Plan erection within the approved height.,programme; cost,general knowledge
C-0783,Authority and contract,Excavation beside a rail corridor is restricted more tightly than the retention design assumed.,"process, authority, supply or weather",Substructure,authority,excavation beside rail,retaining an excavation,new build,commercial; industrial,design,The corridor owner's limit is tighter.,Design the retention to that limit.,cost; programme; safety,general knowledge
C-0784,Authority and contract,A licence limits the hours of noisy piling.,"process, authority, supply or weather",Substructure,authority,piling hours,programming piles,new build,industrial,design,The hours do not fit the piling duration.,Programme the piles inside the licence.,programme; cost,general knowledge
C-0785,Authority and contract,A contamination cap the footing design cuts through must stay continuous.,latent condition,Substructure,authority,contamination cap,footing through a cap,new build; remediation/repair,industrial,design,The footing punctures the cap.,Detail the footing so the cap remains continuous.,compliance; cost,National Environment Protection (Assessment of Site Contamination) Measure
C-0786,Authority and contract,A food premises needs a finish the existing wall cannot support.,latent condition,Interiors and finishes,Structure,food-premises finish,fitting out a kitchen,refurbishment/fit-out,commercial,design,The wall will not take the finish.,Prepare a substrate the finish can be cleaned on.,compliance; cost,general knowledge
C-0787,Authority and contract,Cool-room condensate is classed as trade waste.,"process, authority, supply or weather",Mechanical services,authority,cool-room condensate,draining a cool room,refurbishment/fit-out,commercial,design,"The authority names trade waste, not stormwater.",Drain the condensate to the system named.,compliance; cost,Plumbing Code of Australia
C-0788,Authority and contract,The quantity of dangerous goods stored pushes the building into a different fire requirement.,latent condition,Active fire protection,occupant,dangerous-goods storage,storing goods,refurbishment/fit-out,industrial,design,The quantity exceeds the amount the strategy assumed.,Match the strategy to the quantity stored.,compliance; safety,NCC
C-0789,Authority and contract,A neighbour dispute stops work on a party wall.,"process, authority, supply or weather",Structure,neighbour,party wall,working on a shared wall,extension; remediation/repair,residential,construction,Access is withdrawn.,Do not programme the wall work until access is agreed.,programme; cost,general knowledge
C-0790,Authority and contract,An existing encroachment must be resolved before a new title can issue.,latent condition,Site and external works,authority,encroachment,extending over a boundary issue,extension,residential; commercial,design,The survey shows the encroachment.,Resolve it before the new work relies on a title.,compliance; programme,general knowledge
C-0791,Authority and contract,A strata committee withholds approval for work the lot owner has documented.,"process, authority, supply or weather",contract,occupant,strata approval,altering common property,refurbishment/fit-out,residential,design,The work affects common property and consent is not in place.,Identify common property and obtain consent before tender.,programme; cost,general knowledge
C-0792,Authority and contract,A latent-condition clause does not cover the asbestos the tender documents said was absent.,latent condition,contract,occupant,asbestos clearance,relying on a clearance,refurbishment/fit-out,commercial; institution,demolition/strip-out,Asbestos is found where the report said there was none.,Treat clearances as limited to the areas sampled.,cost; programme; safety,general knowledge
C-0793,Authority and contract,Long-lead switchgear arrives after the date the programme gave the supplier.,"process, authority, supply or weather",Electrical services,programme,switchgear,procuring a board,replacement/upgrade of an existing system,commercial; industrial,construction,The manufacturing period exceeds the programme.,Order from the real manufacturing period.,programme; cost,general knowledge
C-0794,Authority and contract,A specified membrane is discontinued before installation.,"process, authority, supply or weather",Building envelope,contract,roof membrane,procuring a membrane,remediation/repair,commercial,construction,The product is no longer made.,Name an approved alternative before tender or allow a substitution path.,programme; quality,AS 4654
C-0795,Authority and contract,"Wet weather closes the roof longer than the programme allowed, and the existing ceiling below is still open.","process, authority, supply or weather",Building envelope,weather,open roof,replacing a roof over an occupied floor,remediation/repair,commercial; institution,construction,The ceiling is open and the roof is incomplete.,Protect the occupied floor while the roof is open.,programme; quality,general knowledge
C-0796,Authority and contract,A supplier's shop drawings use a different structural grid from the one being built.,design or coordination error,Structure,contract,shop drawing grid,reviewing shop drawings,new build,commercial,design,The grids do not coincide.,Review shop drawings against the current grid.,cost; programme,general knowledge
C-0797,Authority and contract,An occupation certificate for part of a refurbished floor is sought while the shared stair is still a work area.,"process, authority, supply or weather",Access and egress,programme,partial occupation,occupying part of a building,refurbishment/fit-out,commercial,handover/defects,The stair is not separated from the work.,Separate the occupied part from the work.,compliance; safety,NCC
C-0798,Authority and contract,A warranty inspection of balcony membranes fails because falls were not recorded before tiling.,workmanship defect,Building envelope,contract,balcony membrane,warranting a membrane,new build; remediation/repair,residential,handover/defects,There is no fall record and the test was after tiling.,Record falls and test before tiles.,quality; cost,AS 4654
C-0799,Authority and contract,The principal's existing-services drawings are marked for information and are wrong at the tie-in.,latent condition,Mechanical services,contract,existing services drawing,tying into existing services,refurbishment/fit-out,commercial; institution,construction,The tie-in is not where the drawing shows.,Verify tie-in points on site before they are relied on.,cost; programme,general knowledge
C-0800,Authority and contract,A provisional sum for unknown structure is too small once the strip-out shows the real beam sizes.,latent condition,Structure,contract,provisional sum,stripping a ceiling,refurbishment/fit-out,commercial,demolition/strip-out,The beams are smaller than the sum assumed.,Open enough ceiling before the sum is set.,cost,general knowledge
C-0801,Temporary works and demolition,Scaffold for a facade repair cannot found on a slab that is still back-propped.,design or coordination error,Site and external works,Structure,scaffold,loading a propped slab,remediation/repair,commercial,construction,The props are still in place under the scaffold load.,Found the scaffold on structure that can carry it.,safety; cost,general knowledge
C-0802,Temporary works and demolition,A hoarding footing clashes with a live service in the footpath.,latent condition,Site and external works,utility,hoarding footing,erecting a hoarding,new build; refurbishment/fit-out,commercial,excavation,The service is in the footing.,Locate services before the hoarding is set out.,safety; cost,Before You Dig Australia
C-0803,Temporary works and demolition,A tower-crane base clashes with a permanent pile.,design or coordination error,Structure,programme,crane base,siting a crane,new build,commercial,design,The base is on a pile.,Separate the base from the piles that stay.,cost; programme,general knowledge
C-0804,Temporary works and demolition,The permitted crane cannot reach the far corner of the existing building.,latent condition,programme,Site and external works,crane radius,planning facade repairs,remediation/repair,commercial,design,The corner is outside the radius.,Plan a method that reaches the corner.,programme; cost,general knowledge
C-0805,Temporary works and demolition,The loading bay is too small for the truck the replacement facade needs.,latent condition,Site and external works,Building envelope,loading bay,delivering facade panels,replacement/upgrade of an existing system,commercial,design,The panel truck does not fit.,Size the bay to the delivery.,programme; cost,general knowledge
C-0806,Temporary works and demolition,Edge protection cannot be fixed where the facade bracket must go.,design or coordination error,Access and egress,Building envelope,edge protection,fixing a facade bracket,new build; remediation/repair,commercial,construction,The protection and the bracket occupy one zone.,Sequence the protection so the edge stays safe.,safety; programme,general knowledge
C-0807,Temporary works and demolition,The formwork system cannot make the slab profile the architect has drawn.,design or coordination error,Structure,contract,formwork,selecting formwork,new build,commercial,design,The profile is beyond the system.,Detail a profile the formwork can make.,cost; quality,general knowledge
C-0808,Temporary works and demolition,Back-propping through a finished tenancy is refused.,"process, authority, supply or weather",Structure,occupant,back-propping,pouring a slab over an occupied floor,extension,commercial,construction,The tenancy will not accept props.,Plan a pour sequence the floor below can accept.,programme; cost,general knowledge
C-0809,Temporary works and demolition,Temporary waterproofing fails and floods finished levels below.,workmanship defect,Building envelope,Interiors and finishes,temporary waterproofing,leaving a deck open,new build; refurbishment/fit-out,commercial,construction,Water reaches the finished floor.,Keep water out of finished floors while the deck is open.,quality; cost,general knowledge
C-0810,Temporary works and demolition,The site ramp is steeper than the delivery vehicles can climb.,latent condition,Site and external works,programme,site ramp,planning deliveries,new build,commercial; industrial,design,The grade is too steep.,Form a ramp the vehicles can use.,programme; cost,general knowledge
C-0811,Temporary works and demolition,A crane tie lands on a slab edge the permanent facade detail needs.,design or coordination error,Structure,Building envelope,crane tie,tying a crane,new build,commercial,design,The tie is in the facade zone.,Place the tie where the facade can still be completed.,cost; programme,general knowledge
C-0812,Temporary works and demolition,The materials hoist cannot take the plasterboard packs.,latent condition,programme,Interiors and finishes,materials hoist,planning material movement,refurbishment/fit-out,commercial,design,The pack does not fit the hoist.,Choose a hoist the materials fit.,programme; cost,general knowledge
C-0813,Temporary works and demolition,A swing stage cannot be founded because roof plant occupies the davit zone.,latent condition,Building envelope,Mechanical services,swing stage,planning facade access,remediation/repair,commercial,design,The davit zone is full of plant.,Free a davit zone or choose another access method.,cost; safety,AS 1657
C-0814,Temporary works and demolition,The excavation ramp clashes with the first footing.,design or coordination error,Site and external works,Substructure,excavation ramp,sequencing an excavation,new build,commercial,excavation,The ramp occupies a footing.,Sequence the ramp so the footing can be built.,programme; cost,general knowledge
C-0815,Temporary works and demolition,The temporary power board is in the zone of the permanent switchroom.,design or coordination error,Electrical services,programme,temporary board,building a switchroom,new build,commercial,construction,The temporary board is where the permanent room must be.,Move the temporary board before the room is built.,programme; cost,general knowledge
C-0816,Temporary works and demolition,Scaffold ties do not land on structure because the precast joints are in the way.,latent condition,Site and external works,Structure,scaffold tie,tying scaffold to precast,new build,commercial,construction,The ties hit joints.,Land ties on structure.,safety,general knowledge
C-0817,Temporary works and demolition,Needles for underpinning clash with a live flue in the wall.,latent condition,Structure,Mechanical services,underpinning needle,needling a wall,remediation/repair,residential,construction,The flue is in the needle line.,Locate flues before needles are set out.,safety; cost,general knowledge
C-0818,Temporary works and demolition,A crash deck over a footpath cannot hold the facade piece being fixed above it.,design or coordination error,Site and external works,Building envelope,crash deck,fixing facade over a footpath,remediation/repair,commercial,design,The piece is heavier than the deck.,Design the deck for the piece.,safety; cost,general knowledge
C-0819,Temporary works and demolition,A temporary stair lands in the clearance of a permanent fire door.,design or coordination error,Access and egress,Passive fire protection,temporary stair,placing a temporary stair,refurbishment/fit-out,commercial,construction,The stair is in the door clearance.,Move the stair before the clearance is measured.,compliance; programme,NCC
C-0820,Temporary works and demolition,Dewatering discharge exceeds the volume the permit allows.,"process, authority, supply or weather",Substructure,authority,dewatering permit,pumping an excavation,new build,commercial,excavation,The pumped volume is above the permit.,Keep the discharge inside the permit or amend it.,compliance; cost,general knowledge
C-0821,Temporary works and demolition,A retained ceiling is supporting live services that the strip-out would drop.,latent condition,Interiors and finishes,Electrical services,ceiling support,demolishing a ceiling,refurbishment/fit-out,commercial; institution,demolition/strip-out,Cables are tied to the ceiling being removed.,Support the services before the ceiling goes.,safety; cost,AS 2601
C-0822,Temporary works and demolition,Demolition of a wall starts before the services in it are proved dead.,workmanship defect,Electrical services,Hydraulic services,live service,demolishing a wall,refurbishment/fit-out,commercial; residential,demolition/strip-out,A cable in the wall is still live.,Prove services dead or divert them before demolition.,safety,AS 2601
C-0823,Temporary works and demolition,A protection screen to an occupied floor is omitted while the floor above is stripped.,workmanship defect,Interiors and finishes,occupant,protection screen,stripping above an occupied floor,refurbishment/fit-out,commercial; institution,demolition/strip-out,Debris can fall to the floor below.,Separate the strip-out from the occupied floor.,safety,AS 2601
C-0824,Temporary works and demolition,The only exit stair is closed by the work while the building stays occupied.,design or coordination error,Access and egress,occupant,occupied exit,working in a stair,refurbishment/fit-out,commercial; institution,construction,The stair is the only exit and it is a work zone.,Keep an exit available.,safety; compliance,NCC
C-0825,Temporary works and demolition,Out-of-hours noisy work runs longer than the agreement with the occupants.,"process, authority, supply or weather",programme,occupant,noisy work,working in an occupied building,refurbishment/fit-out,commercial; institution,construction,The noisy task exceeds the agreed window.,Match the task to the window.,programme; cost,general knowledge
C-0826,Temporary works and demolition,Protection of existing finishes fails and the area has to be redone.,workmanship defect,Interiors and finishes,occupant,finish protection,working beside finishes to remain,refurbishment/fit-out,commercial,handover/defects,The finishes to remain are damaged.,Isolate the work from finishes that stay.,quality; cost,general knowledge
C-0827,Temporary works and demolition,A cutover window agreed with the occupant is shorter than the services changeover needs.,latent condition,programme,occupant,services cutover,changing over plant,replacement/upgrade of an existing system,commercial; institution,construction,The window is too short for the changeover.,Agree a window the changeover can finish in.,programme; cost,general knowledge
C-0828,Temporary works and demolition,A shared riser cannot be opened because another tenant will not give access.,"process, authority, supply or weather",Mechanical services,occupant,shared riser,working in a riser,refurbishment/fit-out,commercial,construction,Access is refused.,Secure access before the riser work is programmed.,programme; cost,general knowledge
C-0829,Temporary works and demolition,"Existing plant has no isolation, so the new plant cannot be cut over live.",latent condition,Mechanical services,Electrical services,plant isolation,cutting over plant,replacement/upgrade of an existing system,commercial; institution,design,There are no isolation valves or switches.,Provide isolation before the cutover is planned.,programme; safety,general knowledge
C-0830,Temporary works and demolition,Record drawings do not match the building at the point the new work must connect.,latent condition,Structure,contract,record drawing,connecting to existing structure,refurbishment/fit-out,commercial; institution,demolition/strip-out,The member on site is not the one on the drawing.,Verify the connection point on site.,cost; programme,AS 4349
C-0831,Temporary works and demolition,A hidden beam is found where a new opening was planned.,latent condition,Structure,Mechanical services,hidden beam,forming an opening,refurbishment/fit-out,commercial,demolition/strip-out,The beam is exposed when the ceiling comes down.,Open the ceiling on the opening line before the opening is tendered.,cost; programme; safety,general knowledge
C-0832,Temporary works and demolition,An existing floor level differs from the survey by more than the new work can absorb.,latent condition,Structure,Interiors and finishes,existing floor level,setting out new work to an existing floor,refurbishment/fit-out,commercial; institution,construction,The junction does not meet.,Survey the level at the junction.,cost; quality,general knowledge
C-0833,Temporary works and demolition,An existing wall is out of plumb by more than the new lining can absorb.,latent condition,Interiors and finishes,Structure,wall plumb,lining an existing wall,refurbishment/fit-out,commercial; residential,construction,The cavity is lost on the high side.,Survey plumb before the lining system is chosen.,cost; quality,general knowledge
C-0834,Temporary works and demolition,A wall marked non-structural on the demolition plan is holding the floor above.,latent condition,Structure,Interiors and finishes,loadbearing wall,demolishing a wall,refurbishment/fit-out,residential; commercial,demolition/strip-out,Joists bear on the wall.,Prove the load path before the wall is demolished.,safety; cost,AS 2601
C-0835,Temporary works and demolition,The existing ceiling grid is a different module from the new tiles.,latent condition,Interiors and finishes,Interiors and finishes,ceiling grid,replacing tiles,remediation/repair,commercial,construction,The tiles do not fit the grid.,Match the tile to the grid or replace the grid.,cost; quality,general knowledge
C-0836,Temporary works and demolition,An existing membrane is cut by a new penetration and is not made good.,workmanship defect,Building envelope,Hydraulic services,existing membrane,penetrating a wet area,refurbishment/fit-out,residential; commercial,handover/defects,The hole is open in the membrane.,Make the membrane good at every new hole.,quality; cost,AS 3740
C-0837,Temporary works and demolition,"Joists run the opposite way to the assumption, and a new opening cuts them all.",latent condition,Structure,Interiors and finishes,joist direction,cutting an opening in a timber floor,refurbishment/fit-out,residential,demolition/strip-out,The joists run into the opening.,Confirm direction before the opening is cut.,safety; cost,AS 1684
C-0838,Temporary works and demolition,A party wall is not on the line the title shows.,latent condition,Structure,neighbour,party wall,working to a party wall,refurbishment/fit-out,residential; commercial,design,The survey and the title do not agree.,Survey the wall against the title.,compliance; cost,general knowledge
C-0839,Temporary works and demolition,Windows being retained do not meet the safety or energy requirement of the new use.,latent condition,Building envelope,occupant,existing window,keeping windows,refurbishment/fit-out,commercial; institution,design,The windows are ordinary glass and single glazed.,Upgrade the windows the new use requires.,compliance; cost,NCC
C-0840,Temporary works and demolition,An existing balcony drains toward the new door.,latent condition,Building envelope,Access and egress,balcony fall,forming a door onto a balcony,extension,residential,design,The falls run to the door position.,Rebuild the falls or set the door above them.,quality; cost,AS 4654
C-0841,Temporary works and demolition,Subfloor clearance is too small to run the new services.,latent condition,Hydraulic services,Structure,subfloor,running services under a floor,refurbishment/fit-out,residential,design,The clearance is below the services.,Choose a route the subfloor can take.,cost; programme,general knowledge
C-0842,Temporary works and demolition,Bearer ends built into an external wall are decayed.,latent condition,Structure,Building envelope,bearer end,retaining a timber floor,remediation/repair,residential,demolition/strip-out,The ends are soft.,Expose and repair the bearings.,safety; cost,AS 1684
C-0843,Temporary works and demolition,"There is no walkway in the roof space, and the ceiling cannot be used as one.",latent condition,Structure,Interiors and finishes,roof-space access,working above a ceiling,refurbishment/fit-out,residential,construction,Workers would have to stand on the ceiling.,Provide a path that is not the ceiling.,safety,general knowledge
C-0844,Temporary works and demolition,Insulation fills the roof space a new unit needs.,latent condition,Mechanical services,Building envelope,roof space,placing a unit in a roof,replacement/upgrade of an existing system,residential,design,There is no clear space.,Clear a space or locate the unit elsewhere.,cost; quality,general knowledge
C-0845,Temporary works and demolition,A chimney that is structural is shown as removable.,latent condition,Structure,Building envelope,chimney,demolishing a chimney,refurbishment/fit-out,residential,demolition/strip-out,Floors bear on the chimney.,Prove the chimney is not holding the floors.,safety; cost,general knowledge
C-0846,Temporary works and demolition,A neighbour's flue is in the party wall on the line of a new opening.,latent condition,Structure,neighbour,party-wall flue,cutting an opening,refurbishment/fit-out,residential,demolition/strip-out,The flue is live in the wall.,Locate flues before openings are cut.,safety; cost,general knowledge
C-0847,Temporary works and demolition,Lath-and-plaster ceilings collapse when services above them are moved.,latent condition,Interiors and finishes,Mechanical services,lath-and-plaster ceiling,moving services above a ceiling,refurbishment/fit-out,residential; commercial,demolition/strip-out,The ceiling is fragile.,Protect or replace the ceiling before the services move.,safety; cost,general knowledge
C-0848,Temporary works and demolition,Existing plaster dusts and will not take a new coating.,latent condition,Interiors and finishes,Interiors and finishes,existing plaster,recoating a wall,remediation/repair,residential; commercial,construction,The plaster is loose.,Repair the substrate before coating.,quality; cost,general knowledge
C-0849,Temporary works and demolition,Tiles on a wet wall come off with the membrane behind them.,latent condition,Interiors and finishes,Hydraulic services,bonded tile,replacing wall tiles,remediation/repair,residential,demolition/strip-out,The membrane comes with the tile.,Allow to replace the membrane.,cost; programme,AS 3740
C-0850,Temporary works and demolition,An existing balustrade is below the current height.,latent condition,Access and egress,Building envelope,balustrade height,retaining a balustrade,remediation/repair,residential; commercial,design,The height is short of the current requirement.,Raise or replace the balustrade if the work requires it.,compliance; safety,NCC
C-0851,Temporary works and demolition,Glass in an existing balustrade is not safety glass.,latent condition,Building envelope,Access and egress,balustrade glass,retaining a glass balustrade,remediation/repair,residential,design,The glass is unmarked.,Replace glass that guards a fall if it is not safety glass.,safety; compliance,AS 1288
C-0852,Temporary works and demolition,An existing roof sheet cannot be walked and there is no other access for the coating.,latent condition,Building envelope,Access and egress,roof access,coating a roof,remediation/repair,industrial,design,The sheet will not carry a person.,Provide access that does not load the sheet.,safety; cost,AS 1657
C-0853,Temporary works and demolition,Existing purlin spacing suits no current roof sheet.,latent condition,Building envelope,Structure,purlin spacing,replacing roof sheets,replacement/upgrade of an existing system,industrial,design,The spacing exceeds current span tables.,Add purlins or choose a sheet that spans them.,cost; quality,SA HB 39
C-0854,Temporary works and demolition,An operating crane remains on the runway the new work must alter.,latent condition,Mechanical services,programme,crane runway,altering a runway,refurbishment/fit-out,industrial,construction,The crane is still in service.,Agree a shutdown before the runway is altered.,programme; safety,general knowledge
C-0855,Temporary works and demolition,The only process shutdown is shorter than the services tie-in.,latent condition,programme,occupant,process shutdown,tying into a live process,extension,industrial,design,The shutdown window is too short.,Design a tie-in that fits the shutdown.,programme; cost,general knowledge
C-0856,Temporary works and demolition,Existing slab joints do not line up with the new forklift aisles.,latent condition,Structure,Site and external works,slab joint,planning aisles,refurbishment/fit-out,industrial,design,The joints are in the wheel path.,Set aisles off the joints or detail the joints for the wheels.,quality; cost,general knowledge
C-0857,Temporary works and demolition,A control joint in an existing slab has been filled solid.,latent condition,Structure,Interiors and finishes,control joint,overlaying a slab,remediation/repair,industrial,demolition/strip-out,The joint is rigid.,Reinstate a joint that can move.,quality; cost,general knowledge
C-0858,Temporary works and demolition,"An existing pit is larger than the cover the new layout needs, and forklifts must cross it.",latent condition,Structure,Site and external works,slab pit,covering a pit,refurbishment/fit-out,industrial,design,The cover is not rated for the wheel load.,Cover the pit for the load that will cross it.,safety; cost,general knowledge
C-0859,Temporary works and demolition,Underground process lines are not on any drawing and cross a new footing.,latent condition,Substructure,Hydraulic services,process line,excavating a footing,extension,industrial,excavation,A live line is in the footing.,Locate process lines before footings are excavated.,safety; cost,AS 5488
C-0860,Temporary works and demolition,An existing bund no longer holds the volume of the tank it serves.,latent condition,Site and external works,Hydraulic services,bund,retaining a bund,remediation/repair,industrial,design,The bund volume is below the tank.,Resize the bund to the tank.,compliance; safety,general knowledge
C-0861,Temporary works and demolition,"A previous addition has no approval, and the new work depends on it.",latent condition,contract,authority,unapproved work,extending an old addition,extension,residential; commercial,design,No approval is on the record.,Regularise the addition or do not rely on it.,compliance; cost,general knowledge
C-0862,Temporary works and demolition,The existing building is not square to the new grid.,latent condition,Structure,Site and external works,building square,setting out an extension,extension,residential; commercial,construction,The extension does not meet the existing walls.,Set out to the building that exists.,cost; quality,general knowledge
C-0863,Temporary works and demolition,"A double-brick wall is full of rubble, and the new fixing does not hold.",latent condition,Structure,Interiors and finishes,rubble-filled wall,fixing to an old wall,refurbishment/fit-out,residential,construction,The fixing pulls out of a void.,Fix into a solid leaf.,cost; quality,AS 3700
C-0864,Temporary works and demolition,A timber lintel over an existing window is failing.,latent condition,Structure,Building envelope,timber lintel,retaining an opening,remediation/repair,residential,demolition/strip-out,The lintel is cracked and the brick has dropped.,Replace the lintel before the opening is relied on.,safety; cost,AS 1684
C-0865,Temporary works and demolition,An existing floor falls more than a rigid new finish can follow.,latent condition,Interiors and finishes,Structure,floor fall,laying a rigid finish,refurbishment/fit-out,commercial; residential,design,The fall exceeds the finish tolerance.,Level the floor or choose a finish that can follow it.,quality; cost,general knowledge
C-0866,Temporary works and demolition,Existing door frames are out of square and the new leaves will not fit.,latent condition,Interiors and finishes,Access and egress,door frame,replacing door leaves,remediation/repair,commercial; residential,construction,The leaves do not fit the frames.,Survey the frames before the leaves are made.,cost; quality,general knowledge
C-0867,Temporary works and demolition,Existing glazing is wired glass the new screen system cannot accept.,latent condition,Building envelope,Interiors and finishes,wired glass,replacing a screen,refurbishment/fit-out,commercial,design,The glass is not the type the system holds.,Replace the glass with a type the system can hold.,cost; quality,AS 1288
C-0868,Temporary works and demolition,A previous injection treatment of a basement wall has failed and the wall is still saturated.,latent condition,Substructure,Interiors and finishes,basement wall,lining a basement,remediation/repair,commercial,demolition/strip-out,The wall is wet behind the old injection.,Stop the water before lining.,cost; quality,general knowledge
C-0869,Temporary works and demolition,The only sump discharges to a blocked line.,latent condition,Hydraulic services,Site and external works,sump outfall,relying on an existing sump,remediation/repair,commercial,testing/commissioning,The outfall does not flow.,Clear or replace the outfall.,quality; cost,AS 3500
C-0870,Temporary works and demolition,An old oil tank still occupies the plant room the new boilers need.,latent condition,Mechanical services,Site and external works,oil tank,replacing boilers,replacement/upgrade of an existing system,commercial,demolition/strip-out,The tank is in the room.,Remove the tank before the boilers are planned into the room.,cost; programme,general knowledge
C-0871,Temporary works and demolition,The only route for new plant is an existing corridor that is too narrow.,latent condition,Access and egress,Mechanical services,plant access route,delivering plant,replacement/upgrade of an existing system,commercial; institution,design,The plant will not pass the corridor.,"Choose plant that can pass, or open a route.",cost; programme,general knowledge
C-0872,Temporary works and demolition,An existing movement joint has seized.,latent condition,Structure,Building envelope,movement joint,relying on a joint,remediation/repair,commercial,design,The joint no longer moves.,Free the joint or design for the fact it has seized.,quality; cost,general knowledge
C-0873,Temporary works and demolition,A floor topping hides services nobody knew were there.,latent condition,Interiors and finishes,Electrical services,floor topping,removing a topping,refurbishment/fit-out,commercial,demolition/strip-out,Conduits are in the topping.,Scan the topping before it is removed.,cost; safety,general knowledge
C-0874,Temporary works and demolition,A bonded stone finish cannot be saved when the substrate is repaired.,latent condition,Interiors and finishes,Structure,bonded stone,repairing a substrate,remediation/repair,commercial,demolition/strip-out,The stone comes off with the repair.,Allow to replace the finish.,cost; quality,general knowledge
C-0875,Temporary works and demolition,"Heritage fabric must stay, and the new services have no other route.",latent condition,Interiors and finishes,Mechanical services,heritage fabric,routing services,refurbishment/fit-out,institution; commercial,design,Every route cuts listed fabric.,Find a path that does not cut the fabric.,compliance; cost,general knowledge
C-0876,Temporary works and demolition,An ornate ceiling is below a bathroom that leaks.,latent condition,Interiors and finishes,Hydraulic services,ornate ceiling,keeping a ceiling under a wet area,remediation/repair,residential,design,The ceiling is stained under the bathroom.,Repair the wet area before the ceiling is conserved.,cost; quality,AS 3740
C-0877,Temporary works and demolition,The existing roof falls the wrong way for the new membrane.,latent condition,Building envelope,Structure,roof fall,replacing a membrane,remediation/repair,commercial,design,The falls do not reach the outlets.,Correct the falls or move the outlets.,quality; cost,AS 4654
C-0878,Temporary works and demolition,"An existing slab is thicker than surveyed, and the new floor build-up does not fit the storey height.",latent condition,Structure,Interiors and finishes,slab thickness,fitting a floor build-up,refurbishment/fit-out,commercial,design,The remaining height is below the build-up.,Measure the slab and the storey together.,cost; quality,general knowledge
C-0879,Temporary works and demolition,Concrete cancer is worse once the covering is removed.,latent condition,Structure,Building envelope,concrete cancer,uncovering a facade,remediation/repair,commercial; residential,demolition/strip-out,The steel loss is greater than the surface suggested.,Allow the repair to grow once the covering is off.,cost; programme,AS 3600
C-0880,Temporary works and demolition,A reinforcement scan shows bars are not where a new opening needs them to be absent.,latent condition,Structure,Mechanical services,existing reinforcement,cutting an opening,refurbishment/fit-out,commercial,design,The bars are in the opening.,Move the opening to a place the scan allows.,safety; cost,AS 3600
C-0881,Temporary works and demolition,An existing switchroom below a new wet area has a cracked slab between them.,latent condition,Electrical services,Hydraulic services,switchroom soffit,placing a wet area over a switchroom,refurbishment/fit-out,commercial,design,The soffit is cracked.,Do not rely on the slab to keep the room dry.,safety; cost,AS/NZS 3000
C-0882,Institution and occupied buildings,A hospital ward cannot be decanted for the duration the services replacement needs.,"process, authority, supply or weather",programme,occupant,ward decant,replacing services in a ward,replacement/upgrade of an existing system,institution,design,The ward must stay in use.,Stage the work to the decant the hospital can give.,programme; cost,general knowledge
C-0883,Institution and occupied buildings,Infection-control barriers are not in the programme for a ceiling replacement over a clinical room.,design or coordination error,Interiors and finishes,occupant,infection-control barrier,opening a ceiling over a clinical room,refurbishment/fit-out,institution,construction,The ceiling opens into the room.,Separate the work from the clinical space.,safety; programme,general knowledge
C-0884,Institution and occupied buildings,"A school can only release classrooms in holidays, and the services work does not fit the holiday.",latent condition,programme,occupant,holiday shutdown,replacing services in a school,replacement/upgrade of an existing system,institution,design,The work duration exceeds the holiday.,Stage the work to the holidays available.,programme; cost,general knowledge
C-0885,Institution and occupied buildings,An aged-care bedroom upgrade blocks the only path residents use at night.,design or coordination error,Access and egress,occupant,resident path,upgrading bedrooms,refurbishment/fit-out,institution,construction,The path is the work zone.,Keep a path residents can use.,safety; programme,NCC
C-0886,Institution and occupied buildings,Medical gas cannot be isolated to the wing being refurbished without shutting the adjoining wing.,latent condition,Hydraulic services,occupant,medical gas isolation,isolating a wing,refurbishment/fit-out,institution,design,There is no zone valve.,Provide isolation that does not shut the adjoining wing.,safety; programme,general knowledge
C-0887,Institution and occupied buildings,A university laboratory cannot lose power for the cutover the new board requires.,latent condition,Electrical services,occupant,power cutover,replacing a board,replacement/upgrade of an existing system,institution,design,The laboratory must stay powered.,Plan a temporary supply for the cutover.,programme; cost; safety,AS/NZS 3000
C-0888,Institution and occupied buildings,An existing operating-theatre air handler cannot be taken offline in the hours the contractor planned.,"process, authority, supply or weather",Mechanical services,occupant,theatre air handler,servicing a theatre plant,replacement/upgrade of an existing system,institution,design,The theatre list does not allow the outage.,Programme the outage to the theatre list.,programme; safety,AS 1668
C-0889,Institution and occupied buildings,A library's existing floor will not carry the new compactus the brief adds.,latent condition,Structure,Interiors and finishes,library floor,adding compactus,refurbishment/fit-out,institution,design,The load exceeds the floor.,Check the floor before the compactus is specified.,safety; cost,AS 1170
C-0890,Institution and occupied buildings,A courthouse secure path is crossed by the only route for the services upgrade.,latent condition,Access and egress,Mechanical services,secure path,routing services,replacement/upgrade of an existing system,institution,design,The route enters the secure zone.,Find a route that does not cross the secure path.,programme; cost,general knowledge
C-0891,Institution and occupied buildings,A school hall's existing structure was not designed for the retractable seating being added.,latent condition,Structure,Interiors and finishes,retractable seating,adding seating,refurbishment/fit-out,institution,design,The seating load is above the floor design.,Check the floor for the seating.,safety; cost,AS 1170
C-0892,Institution and occupied buildings,"Fire-indicator-panel works in a hospital must stay live, and the panel has no capacity for a temporary overlap.",latent condition,Active fire protection,programme,fire panel,replacing a panel,replacement/upgrade of an existing system,institution,design,The panel cannot run old and new devices together.,Plan a changeover that keeps detection live.,safety; programme,AS 1670
C-0893,Institution and occupied buildings,An existing nurse-call system fails during a partial upgrade because old and new devices are not compatible.,"process, authority, supply or weather",Communications and security,Electrical services,nurse call,upgrading part of a system,replacement/upgrade of an existing system,institution,testing/commissioning,The old field devices do not talk to the new head-end.,Upgrade a compatible set together.,cost; programme,general knowledge
C-0894,Institution and occupied buildings,A negative-pressure room loses its pressure when the corridor ceiling is opened for other work.,latent condition,Mechanical services,occupant,negative-pressure room,opening an adjacent ceiling,refurbishment/fit-out,institution,construction,The room no longer holds pressure.,Keep the room's air path intact while adjacent work proceeds.,safety; quality,AS 1668
C-0895,Institution and occupied buildings,An existing autoclave steam line has no isolation for the wing being altered.,latent condition,Mechanical services,Hydraulic services,steam isolation,altering a sterile supply,refurbishment/fit-out,institution,design,The steam main serves both wings from one valve.,Provide isolation before the wing is altered.,safety; programme,general knowledge
C-0896,Institution and occupied buildings,A public swimming-pool plant room upgrade cannot drain the pool for the duration the work needs.,"process, authority, supply or weather",Mechanical services,programme,pool plant,replacing pool plant,replacement/upgrade of an existing system,institution,design,The pool must stay open.,Stage the plant so the pool can stay in service.,programme; cost,general knowledge
C-0897,Institution and occupied buildings,An existing school stair used for construction access is the students' only stair.,design or coordination error,Access and egress,occupant,school stair,using a stair for construction,refurbishment/fit-out,institution,construction,Students and the works share the stair.,Separate construction access from the students' stair.,safety,NCC
C-0898,Institution and occupied buildings,A data centre's existing raised floor cannot be lifted while the equipment stays live.,latent condition,Communications and security,Electrical services,raised floor,working under a live floor,replacement/upgrade of an existing system,commercial; institution,design,The equipment cannot be shut down.,Plan the work around equipment that stays live.,programme; safety,general knowledge
C-0899,Institution and occupied buildings,An existing kitchen in an aged-care building cannot meet the food finish once the cool rooms are replaced.,latent condition,Interiors and finishes,Mechanical services,kitchen finish,replacing cool rooms,replacement/upgrade of an existing system,institution,design,The walls behind the rooms are not a cleanable finish.,Include the finishes the replacement exposes.,compliance; cost,general knowledge
C-0900,Institution and occupied buildings,A justice facility's existing door locks cannot be recoded to the new security zones.,latent condition,Communications and security,Access and egress,door lock,rezoning security,refurbishment/fit-out,institution,design,The locks are mechanical and not zoned.,Replace the locks the new zones need.,cost; programme,general knowledge
C-0901,Institution and occupied buildings,Vibration from construction beside an operating microscope suite exceeds what the suite can accept.,"process, authority, supply or weather",Structure,occupant,construction vibration,working beside a sensitive suite,refurbishment/fit-out,institution,construction,The suite records vibration above its limit.,Use a method inside the limit or move the suite's work.,programme; quality,general knowledge
C-0902,New work interfaces,A livable-housing path from the garage is steeper than the provisions allow once the real site fall is set out.,latent condition,Access and egress,Site and external works,livable-housing path,setting out a house on a sloping site,new build,residential,design,The path grade exceeds the provision.,Set the path to the site fall before the floor level is fixed.,compliance; cost,NCC
C-0903,New work interfaces,Termite management is bridged where a new porch slab meets the house slab without a barrier.,design or coordination error,Substructure,Structure,termite barrier,joining a porch slab,new build; extension,residential,construction,The barrier stops at the joint.,Continue the barrier across the joint.,compliance,AS 3660
C-0904,New work interfaces,Condensation appears in a steel-framed wall because the vapour control layer is on the cold side of the insulation.,design or coordination error,Building envelope,Mechanical services,vapour control layer,building a steel-framed wall,new build,residential; commercial,handover/defects,Moisture is on the cold side of the insulation.,Place the vapour control for the climate.,quality,ABCB Condensation in Buildings handbook
C-0905,New work interfaces,A weatherproofing line and an air barrier are detailed as two products that never meet at the window.,design or coordination error,Building envelope,Building envelope,window junction,detailing a window,new build,residential; commercial,design,The two lines stop short of each other.,Make one continuous line at the window.,quality,AS 2047
C-0906,New work interfaces,A post-tension tendon profile clashes with a cast-in plumbing sleeve the architect added late.,design or coordination error,Structure,Hydraulic services,post-tension tendon,casting a sleeve into a post-tensioned slab,new build,commercial,construction,The sleeve is in the tendon.,Move the sleeve out of the tendon.,safety; cost,AS 3600
C-0907,New work interfaces,Concrete strength results for a suspended slab are below the grade the PT stressing procedure assumed.,latent condition,Structure,contract,concrete strength,stressing a slab,new build,commercial,testing/commissioning,The cylinders are low.,Do not stress until the strength the procedure needs is confirmed.,safety; programme,AS 3600
C-0908,New work interfaces,A facade bracket and the slab-edge reinforcement want the same zone.,design or coordination error,Building envelope,Structure,facade bracket,casting a slab edge,new build,commercial,design,The bracket anchor is in the bars.,Coordinate the edge before it is cast.,cost; programme,general knowledge
C-0909,New work interfaces,Holding-down bolts for a portal frame are cast outside the tolerance of the base plates.,workmanship defect,Structure,Structure,holding-down bolt,casting bolts,new build,industrial,construction,The bolts do not fit the plates.,"Survey the bolts before the frame is fabricated to them, or use a detail that can adjust.",cost; programme,AS 4100
C-0910,New work interfaces,A precast panel seat is short because the slab edge was cast in the wrong place.,workmanship defect,Structure,Building envelope,panel seat,erecting precast,new build,commercial,construction,The panel does not bear fully.,Survey the edge before the panels are made.,safety; cost,AS 3600
C-0911,New work interfaces,Stair headroom fails under a beam that was deepened after the stair was drawn.,design or coordination error,Access and egress,Structure,stair headroom,deepening a beam,new build,commercial; institution,design,"The headroom is to the beam, not the slab.",Check headroom to the deepest soffit.,compliance; cost,NCC
C-0912,New work interfaces,An accessible path exceeds the grade once the pavement is set out to the real levels.,latent condition,Access and egress,Site and external works,accessible path,setting out levels,new build,commercial; institution,construction,The built grade is too steep.,Set the levels so the path complies.,compliance; cost,AS 1428
C-0913,New work interfaces,A fire collar is missing where a stack passes a sole-occupancy floor in a new apartment building.,workmanship defect,Hydraulic services,Passive fire protection,fire collar,installing a stack,new build,residential,handover/defects,The pipe is open through the slab.,Collar the stack at each separating floor.,compliance; safety,AS 4072.1
C-0914,New work interfaces,A rooftop plant screen required by the permit is outside the planning envelope.,"process, authority, supply or weather",Building envelope,authority,plant screen,documenting a screen,new build,commercial,design,The screen exceeds the envelope.,Fit the screen inside the envelope or amend the permit.,compliance; cost,general knowledge
C-0915,New work interfaces,Balcony depth measured to the finished facade is short of the planning minimum.,design or coordination error,Building envelope,authority,balcony depth,adding facade build-up,new build,residential,design,The depth to the finished face is short.,Measure depth to the finished face.,compliance; cost,general knowledge
C-0916,New work interfaces,A car-park clearance is lost under a beam the traffic drawing ignored.,latent condition,Access and egress,Structure,car-park clearance,setting out a car park,new build,commercial,design,The beam is below the required clearance.,Measure clearance to the lowest obstruction.,compliance; cost,AS 2890
C-0917,New work interfaces,A loading-dock headroom is lost under a transfer beam.,latent condition,Access and egress,Structure,dock headroom,setting a dock under a beam,new build,industrial,design,The beam is below the truck.,Check the truck path to the beam.,cost; quality,AS 2890
C-0918,New work interfaces,Sanitary compartments do not fit the circulation once the services are in the wall.,latent condition,Hydraulic services,Access and egress,sanitary compartment,planning a bathroom,new build; refurbishment/fit-out,commercial; institution,design,The clear room is short.,Plan the room after the wall build-up.,compliance; cost,AS 1428
C-0919,New work interfaces,A refuge is undersized for the occupant load the final plan shows.,design or coordination error,Access and egress,occupant,refuge,finalising a floor plan,new build,commercial,design,The area is below the load.,Size the refuge to the load.,compliance,NCC
C-0920,New work interfaces,End-of-trip rooms are short of the numbers the permit states.,latent condition,Interiors and finishes,authority,end-of-trip room,documenting amenities,new build,commercial,design,The fixture count is short.,Fit the numbers the permit states.,compliance; cost,general knowledge
C-0921,New work interfaces,A waste room will not fit the bins the council collects.,latent condition,Interiors and finishes,authority,waste room,planning waste,new build,commercial; institution,design,The bins do not fit.,Size the room to the collection.,compliance; cost,general knowledge
C-0922,New work interfaces,A column lands in an accessible turning circle.,design or coordination error,Structure,Access and egress,turning circle,placing a column,new build,commercial; institution,design,The column is inside the circle.,Keep the circle clear of structure.,compliance,AS 1428
C-0923,New work interfaces,A skylight well cannot pass a roof beam.,design or coordination error,Building envelope,Structure,skylight well,locating a skylight,new build,residential,design,The beam is in the well.,Move the well or the beam.,cost; quality,general knowledge
C-0924,New work interfaces,Ground anchors for a basement would pass under the neighbour without consent.,"process, authority, supply or weather",Substructure,neighbour,ground anchor,designing retention,new build,commercial,design,The anchors enter the adjoining land.,Get consent or choose a system that stays on the site.,cost; programme,general knowledge
C-0925,New work interfaces,A pile rig cannot penetrate the rock the boreholes described as soil.,latent condition,Substructure,Structure,pile,installing piles,new build,commercial; industrial,construction,The rig refuses on rock.,Choose a method for the rock that is there.,cost; programme,AS 2159
C-0926,New work interfaces,Groundwater is higher than the basement was designed to resist.,latent condition,Substructure,Hydraulic services,basement,excavating a basement,new build,commercial,excavation,Water enters above the design level.,Design the basement for the water found.,cost; safety,AS 1726
C-0927,New work interfaces,Acid sulfate soil oxidises in the spoil from a basement.,latent condition,Site and external works,authority,acid sulfate soil,excavating,new build,residential; commercial,excavation,Testing identifies acid sulfate soil.,Manage the spoil and the concrete for the soil.,compliance; cost,general knowledge
C-0928,New work interfaces,A site classification is more reactive than the footing design used.,latent condition,Substructure,Structure,site classification,designing house footings,new build,residential,design,The classification is a higher class.,Design the footings to the classification.,cost; compliance,AS 2870
C-0929,New work interfaces,Uncontrolled fill is found under a house pad the slab design treated as natural ground.,latent condition,Substructure,Structure,uncontrolled fill,preparing a house pad,new build,residential,excavation,The fill is not engineered.,Found the slab on ground the design can rely on.,cost; safety,AS 2870
C-0930,New work interfaces,A proof roll fails immediately before an industrial slab pour.,latent condition,Substructure,Structure,subgrade,proof-rolling,new build,industrial,construction,The subgrade moves under the roller.,Do not pour on a subgrade that fails.,quality; programme,AS 3798
C-0931,New work interfaces,Differential founding from rock to deep soil exceeds the articulation of a house slab.,latent condition,Substructure,Structure,articulation joint,founding a slab on variable ground,new build,residential,excavation,Rock and deep soil are under one slab.,Articulate the slab for the difference.,quality; cost,AS 2870
C-0932,New work interfaces,A soakage system is designed in clay that fails the permeability test.,latent condition,Site and external works,Hydraulic services,soakage,testing permeability,new build,residential,design,The test fails.,Design disposal for the soil.,compliance; cost,AS 3500
C-0933,New work interfaces,Town-main pressure will not serve the top floor without a pump the design omitted.,latent condition,Hydraulic services,utility,town main,supplying a building,new build,residential; commercial,design,The pressure is low at the top floor.,Add a pump or reduce the height the main must serve.,cost; quality,AS 3500
C-0934,New work interfaces,A fire hydrant main cannot reach the most remote point at the pressure available.,latent condition,Active fire protection,utility,hydrant pressure,testing hydrants,new build,commercial; industrial,testing/commissioning,The remote hydrant is below the required pressure.,Size the pumps and pipes to the remote point.,compliance; cost,AS 2419
C-0935,New work interfaces,A sprinkler obstruction from a bulkhead is not in the hydraulic design.,design or coordination error,Active fire protection,Interiors and finishes,sprinkler obstruction,coordinating a ceiling,new build,commercial,design,The bulkhead shadows the spray.,Move the head or the bulkhead.,compliance; cost,AS 2118
C-0936,New work interfaces,A smoke exhaust has no make-up air path.,design or coordination error,Mechanical services,Building envelope,make-up air,designing smoke exhaust,new build,commercial,design,The exhaust quantity has no inlet.,Provide make-up air.,compliance,AS 1668
C-0937,New work interfaces,A curtain wall's stack joint is closed by the slab deflection calculated after the facade was procured.,design or coordination error,Building envelope,Structure,stack joint,procuring a curtain wall,new build,commercial,design,The joint is smaller than the deflection.,Size the joint to the deflection.,quality; cost,AS 2047
C-0938,New work interfaces,Roof falls on a new concrete roof do not reach the outlets.,workmanship defect,Building envelope,Hydraulic services,roof fall,casting a roof,new build,commercial,testing/commissioning,Water ponds short of the outlets.,Form falls to the outlets and test them.,quality,AS 4654
C-0939,New work interfaces,A window opening is outside the tolerance of the manufactured frame.,workmanship defect,Building envelope,Structure,window opening,installing windows,new build,residential; commercial,construction,The frame does not fit.,Hold openings to the frame tolerance.,cost; programme,AS 2047
C-0940,New work interfaces,Insulation is compressed by the cladding sub-frame and loses its thickness.,workmanship defect,Building envelope,Mechanical services,wall insulation,fixing a sub-frame,new build,commercial,construction,The insulation is crushed at the frame.,Keep the insulation thickness where the frame crosses it.,quality,NCC
C-0941,New work interfaces,Services puncture the air barrier and the holes are left open.,workmanship defect,Building envelope,Mechanical services,air barrier,penetrating a wall,new build,commercial; residential,construction,The holes are unsealed.,Seal every penetration to the barrier.,quality,ABCB Condensation in Buildings handbook
C-0942,New work interfaces,A box gutter has no overflow to outside.,design or coordination error,Building envelope,Hydraulic services,box gutter,detailing a gutter,new build,commercial; residential,design,The gutter can only overflow into the building.,Provide an overflow that discharges outside.,quality; safety,AS 3500
C-0943,New work interfaces,Weep holes are rendered over.,workmanship defect,Building envelope,Interiors and finishes,weep hole,rendering a brick base,new build,residential,handover/defects,The weeps are closed.,Keep the weeps open.,quality,general knowledge
C-0944,New work interfaces,A balcony door threshold is below the external tiles.,design or coordination error,Building envelope,Hydraulic services,door threshold,tiling a balcony,new build,residential,construction,The tiles are above the threshold.,Set the threshold above the tiles.,quality,AS 4654
C-0945,New work interfaces,Balustrade posts are fixed through the balcony membrane.,workmanship defect,Building envelope,Structure,balustrade post,fixing posts,new build,residential,handover/defects,The bolts pierce the membrane.,Fix the posts without breaking the membrane.,quality; cost,AS 4654
C-0946,New work interfaces,"A wet-area set-down is not cast, so the floor cannot fall to the waste.",workmanship defect,Structure,Hydraulic services,set-down,pouring a bathroom slab,new build,residential; commercial,construction,The slab is flat.,Cast the set-down.,quality; cost,AS 3740
C-0947,New work interfaces,A floor-waste flange does not suit the membrane specified.,"process, authority, supply or weather",Hydraulic services,Interiors and finishes,floor-waste flange,selecting a membrane,new build,residential,construction,The flange and the membrane are not a pair.,Match the flange to the membrane.,quality; cost,AS 3740
C-0948,New work interfaces,A fire door rating does not match the wall it is installed in.,workmanship defect,Passive fire protection,Access and egress,fire door,hanging a door,new build,commercial,handover/defects,The tag is a lower rating than the wall.,Match the door to the wall.,compliance; cost,AS 1905
C-0949,New work interfaces,Emergency lighting spacing fails once the final rooms are built.,design or coordination error,Electrical services,Access and egress,emergency lighting,partitioning a floor,new build,commercial,testing/commissioning,The path is dark.,Space the lights to the final path.,compliance,NCC
C-0950,New work interfaces,A lift shaft is out of plumb beyond the rail adjustment.,workmanship defect,Vertical transport,Structure,lift shaft,building a shaft,new build,commercial,construction,The plumb exceeds the adjustment.,Build the shaft to the lift tolerance.,cost; programme,AS 1735
C-0951,New work interfaces,A switchroom is too small for the board and its clearance.,design or coordination error,Electrical services,Access and egress,switchroom,laying out a switchroom,new build,commercial; industrial,design,The clearance does not fit.,Size the room to the board.,compliance; cost,AS/NZS 3000
C-0952,New work interfaces,Consumer mains are undersized for the maximum demand.,design or coordination error,Electrical services,utility,consumer mains,sizing a supply,new build,commercial; industrial,design,The mains are below the demand.,Size the mains to the demand.,compliance; cost,AS/NZS 3000
C-0953,New work interfaces,Voltage drop fails on the longest subcircuit as built.,latent condition,Electrical services,Interiors and finishes,final subcircuit,measuring a cable route,new build,commercial; residential,testing/commissioning,The route is longer than calculated.,Calculate the route that will be built.,compliance; quality,AS/NZS 3000
C-0954,New work interfaces,A hydrant booster cannot be seen from the brigade attendance point.,design or coordination error,Active fire protection,Access and egress,booster,locating a booster,new build,commercial,design,The booster is hidden.,Place it where the appliance can see it.,compliance,AS 2419
C-0955,New work interfaces,A fire pump start drops voltage on the rest of the board.,latent condition,Electrical services,Active fire protection,fire pump,testing a pump,new build,commercial; industrial,testing/commissioning,Other loads drop out.,Check the board for the pump start.,safety; compliance,AS/NZS 3000
C-0956,New work interfaces,Condensate from a fan coil has no fall to a drain.,design or coordination error,Mechanical services,Hydraulic services,condensate,setting a fan coil,new build,commercial,construction,The tray cannot fall.,Provide a discharge.,quality,AS 3500
C-0957,New work interfaces,Outside air is taken next to a kitchen exhaust.,design or coordination error,Mechanical services,Mechanical services,outside-air intake,locating an intake,new build,commercial,design,The intake is too close to the exhaust.,Separate them.,compliance; quality,AS 1668
C-0958,New work interfaces,A kitchen exhaust has no rated riser.,design or coordination error,Mechanical services,Passive fire protection,kitchen exhaust,documenting a restaurant,new build,commercial,design,There is no shaft.,Provide a rated path.,compliance; cost,AS 1668
C-0959,New work interfaces,Plant noise at the boundary exceeds the limit of the selected unit.,latent condition,Mechanical services,neighbour,external plant,selecting plant,new build,commercial; industrial,design,The sound data exceeds the limit.,Select plant that meets the limit.,compliance; cost,general knowledge
C-0960,New work interfaces,A sewer connection is above the fixture outlets.,latent condition,Hydraulic services,utility,sewer connection,setting fixture levels,new build,residential; commercial,design,The fixtures cannot fall to the connection.,Set the fixtures to the connection that exists or pump.,cost; compliance,AS 3500
C-0961,New work interfaces,A stack clashes with a beam.,design or coordination error,Hydraulic services,Structure,soil stack,routing a stack,new build,commercial; residential,design,The beam is on the stack.,Move one of them.,cost; programme,AS 3500
C-0962,New work interfaces,Tempered water is too far from the outlet.,design or coordination error,Hydraulic services,occupant,tempering valve,locating a valve,new build,institution; commercial,design,The pipe length exceeds the limit.,Move the valve closer.,compliance; safety,AS 3500
C-0963,New work interfaces,A trade-waste arrestor has no access for the collection vehicle.,design or coordination error,Hydraulic services,authority,trade-waste arrestor,locating an arrestor,new build,commercial,design,The vehicle cannot reach it.,Place it where it can be serviced.,compliance; cost,Plumbing Code of Australia
C-0964,New work interfaces,Rainwater is cross-connected to potable water.,workmanship defect,Hydraulic services,Hydraulic services,rainwater connection,connecting a tank,new build,residential,testing/commissioning,The supplies join.,Separate them.,safety; compliance,AS 3500
C-0965,New work interfaces,A basement wall kicker has no waterstop and leaks.,workmanship defect,Substructure,Structure,kicker joint,pouring a basement,new build,commercial,handover/defects,The joint weeps.,Install the waterstop.,quality; cost,AS 3600
C-0966,New work interfaces,A pile penetrates the membrane with no collar.,workmanship defect,Substructure,Structure,pile collar,tanking a basement,new build,commercial,construction,The membrane is cut at the pile.,Collar the pile.,quality; cost,general knowledge
C-0967,New work interfaces,Scaffold is loaded onto a slab that is still propped.,design or coordination error,Site and external works,Structure,scaffold load,loading a new slab,new build,commercial,construction,The props are still carrying the slab.,Do not add scaffold load until the slab can take it.,safety,general knowledge
C-0968,New work interfaces,A temporary batter slips into the excavation.,latent condition,Site and external works,Substructure,batter,excavating,new build,commercial; industrial,excavation,The batter moves.,Support the cut until it is retained or backfilled.,safety; programme,general knowledge
C-0969,New work interfaces,Retention piles cannot reach toe level because of rock.,latent condition,Substructure,Structure,retention pile,installing retention,new build,commercial,construction,The piles stop on rock short of toe.,Design the toe for the rock.,cost; programme,AS 2159
C-0970,New work interfaces,A ground anchor fails its proof test.,latent condition,Substructure,Structure,ground anchor,testing an anchor,new build,commercial,testing/commissioning,The anchor does not hold.,Do not rely on an anchor that fails its test.,safety; cost,general knowledge
C-0971,New work interfaces,Concrete cover is low where a membrane must bond.,workmanship defect,Structure,Building envelope,concrete cover,preparing a slab for a membrane,new build,commercial,construction,The cover is low and the surface is weak.,Provide a surface the membrane can bond to without exposing steel.,quality; safety,AS 3600
C-0972,New work interfaces,A movement joint between a new frame and an existing frame is built solid.,workmanship defect,Structure,Structure,movement joint,joining new work to an existing building,extension,commercial; residential,construction,The joint is filled rigid.,Leave the joint free to move.,quality; safety,general knowledge
C-0973,New work interfaces,Solar-array feet land between purlins.,design or coordination error,Electrical services,Structure,solar rail,mounting an array,new build; replacement/upgrade of an existing system,commercial; industrial,design,The feet miss the purlins.,Land the feet on the purlins.,safety; cost,AS 1170
C-0974,New work interfaces,Dissimilar metals touch at a flashing and corrode.,design or coordination error,Building envelope,Building envelope,flashing,joining metals,new build; remediation/repair,residential; commercial,handover/defects,The metals are in contact.,Separate them.,quality,general knowledge
C-0975,New work interfaces,Safety glass is not used in a pane that requires it.,workmanship defect,Building envelope,Access and egress,safety glazing,glazing a pane,new build; refurbishment/fit-out,residential; commercial; institution,handover/defects,The pane is unmarked.,Use the grade the location requires.,safety; compliance,AS 1288
C-0976,New work interfaces,An internal gutter overflow is blocked.,latent condition,Building envelope,Hydraulic services,gutter overflow,inspecting a roof,new build; remediation/repair,commercial,handover/defects,The overflow is sealed.,Keep the overflow open to outside.,quality; safety,AS 3500
C-0977,New work interfaces,Photovoltaic feet are not an approved membrane penetration.,"process, authority, supply or weather",Electrical services,Building envelope,photovoltaic foot,mounting an array,new build; replacement/upgrade of an existing system,commercial,design,The warranty excludes the foot.,Use a penetration the membrane allows.,quality; cost,AS 4654
C-0978,New work interfaces,A hearing loop fails because of the slab reinforcement.,latent condition,Communications and security,Structure,hearing loop,installing a loop,new build; refurbishment/fit-out,commercial; institution,testing/commissioning,The field collapses.,Test the loop with the reinforcement.,quality; compliance,general knowledge
C-0979,New work interfaces,A gas interlock is not wired to the exhaust fan.,workmanship defect,Hydraulic services,Mechanical services,gas interlock,connecting a kitchen,new build; refurbishment/fit-out,commercial,testing/commissioning,Gas is available with the fan off.,Interlock the gas to the exhaust.,safety; compliance,AS 5601
C-0980,New work interfaces,Eyewash water is not tempered and has no drain.,design or coordination error,Hydraulic services,occupant,eyewash,installing an eyewash,new build; refurbishment/fit-out,industrial; institution,design,The eyewash is cold only and undrained.,Provide tempered water and a drain.,safety; compliance,general knowledge
C-0981,New work interfaces,Chemical drainage is the wrong material for the chemical used.,design or coordination error,Hydraulic services,occupant,chemical drain,selecting pipe,new build; refurbishment/fit-out,industrial,design,The pipe does not resist the chemical.,Match the material to the chemical.,safety; cost,general knowledge
C-0982,New work interfaces,A hazardous-area zone is larger than the equipment rating.,latent condition,Electrical services,occupant,hazardous-area equipment,installing equipment,new build; refurbishment/fit-out,industrial,design,The equipment is not rated for the zone.,Match the equipment to the zone.,safety; compliance,AS/NZS 3000
C-0983,New work interfaces,Discrimination between breakers is not achieved with the devices supplied.,"process, authority, supply or weather",Electrical services,Electrical services,circuit breaker,supplying a board,new build; replacement/upgrade of an existing system,commercial; industrial,testing/commissioning,The curves overlap.,Supply the devices the study used.,compliance; quality,AS/NZS 3000
C-0984,New work interfaces,A compartment wall stops at the ceiling.,workmanship defect,Passive fire protection,Interiors and finishes,compartment wall,building a rated wall,new build; refurbishment/fit-out,commercial,construction,The wall does not reach the slab.,Take the wall to the slab.,compliance; safety,NCC
C-0985,New work interfaces,A penetration seal is not the product tested for the gap built.,latent condition,Passive fire protection,Structure,penetration seal,sealing a gap,new build; remediation/repair,commercial,construction,The gap is outside the test.,Use a system tested for the gap.,compliance; cost,AS 4072.1
C-0986,New work interfaces,Cable-tray fill exceeds the tested fill of the wall seal.,workmanship defect,Electrical services,Passive fire protection,cable-tray seal,adding cables,new build; replacement/upgrade of an existing system,commercial,construction,The fill is over the test.,Reseal for the fill installed.,compliance,AS 4072.1
C-0987,New work interfaces,Racking is taller than the sprinkler design.,latent condition,Active fire protection,Interiors and finishes,racking,installing racking,new build; refurbishment/fit-out,industrial,handover/defects,The storage exceeds the design.,Limit the storage or upgrade the sprinklers.,compliance; safety,AS 2118
C-0988,New work interfaces,A fire-isolated stair contains a cable tray.,design or coordination error,Electrical services,Passive fire protection,fire stair,routing a tray,new build; refurbishment/fit-out,commercial,design,The tray is inside the stair.,Remove it from the stair.,compliance,NCC
C-0989,New work interfaces,Intumescent coating thickness does not suit the member size supplied.,latent condition,Structure,Passive fire protection,intumescent coating,coating steel,new build; remediation/repair,commercial; industrial,construction,The section factor differs from the specification.,Coat to the member supplied.,compliance; cost,NCC
C-0990,New work interfaces,A smoke door does not latch because the floor is out of level.,latent condition,Passive fire protection,Interiors and finishes,smoke door,hanging a door,new build; remediation/repair,commercial,testing/commissioning,The leaf binds.,Level the floor or adjust the frame.,compliance; cost,AS 1905
C-0991,New work interfaces,Hose-reel coverage misses a room.,design or coordination error,Active fire protection,Interiors and finishes,hose reel,planning coverage,new build; refurbishment/fit-out,commercial,design,The room is outside the reel radius.,Add a reel or move the room.,compliance,AS 2441
C-0992,New work interfaces,A detection zone crosses two compartments.,design or coordination error,Active fire protection,Passive fire protection,detection zone,zoning a panel,new build; replacement/upgrade of an existing system,commercial,design,The zone crosses the wall.,Match the zone to the compartment.,compliance,AS 1670
C-0993,New work interfaces,Exit signs are hidden by a bulkhead.,design or coordination error,Access and egress,Mechanical services,exit sign,coordinating a ceiling,new build; refurbishment/fit-out,commercial,construction,The sign cannot be seen.,Keep the sightline.,compliance; safety,NCC
C-0994,New work interfaces,Sprinkler heads clash with the ceiling grid.,design or coordination error,Active fire protection,Interiors and finishes,sprinkler head,setting out a ceiling,new build; refurbishment/fit-out,commercial,design,The heads miss the tiles and the wall distance.,Coordinate the grid and the heads.,compliance; cost,AS 2118
C-0995,New work interfaces,A kitchen hood does not cover the appliances.,design or coordination error,Active fire protection,Mechanical services,kitchen hood,setting out appliances,new build; refurbishment/fit-out,commercial,construction,Appliances sit outside the hood.,Match the hood to the appliances.,compliance; safety,AS 2118
C-0996,New work interfaces,A vision panel is larger than the fire door's test.,workmanship defect,Passive fire protection,Interiors and finishes,vision panel,cutting a panel,new build; refurbishment/fit-out,commercial,construction,The glass exceeds the test.,Keep the tested size.,compliance,AS 1905
C-0997,New work interfaces,A gaseous-suppression room is not airtight.,latent condition,Active fire protection,Interiors and finishes,room tightness,testing a suppression room,new build; replacement/upgrade of an existing system,commercial,testing/commissioning,The fan test shows leakage.,Tighten the room before the agent quantity is fixed.,compliance; cost,general knowledge
C-0998,New work interfaces,A warden phone cannot be cabled to the panel.,latent condition,Communications and security,Active fire protection,warden phone,routing a phone,new build; refurbishment/fit-out,commercial,design,There is no path.,Provide a path.,compliance; cost,AS 1670
C-0999,New work interfaces,Paint covers a smoke seal.,workmanship defect,Passive fire protection,Interiors and finishes,smoke seal,painting a door,new build; remediation/repair,commercial; institution,handover/defects,The seal is painted.,Mask the seal.,compliance; quality,AS 1905
C-1000,New work interfaces,A fire shutter leaves a gap on a sloping floor.,latent condition,Passive fire protection,Interiors and finishes,fire shutter,installing a shutter,new build; replacement/upgrade of an existing system,industrial,testing/commissioning,The floor falls away from the shutter.,Sill the shutter to the floor.,compliance; cost,general knowledge
